water_level_node1,water_level_node2,rise_rate_node1,rise_rate_node2,rain_hour,rain_intensity,label,level_diff
6.197128274420815,14.903880825699016,1.3214618285753001,1.428938077229975,-0.05236752299156322,1.8703667022028814,normal,-6.751156561548955
20.360777052865778,5.6002257967878615,19.787305455610763,-0.6633046750391957,0.5809231278379648,8.886996680253619,blockage,16.283383751124624
4.027496807764907,14.928597213770116,1.4842173357563575,0.6511698482842097,1.0542252182403986,-0.4350031547457395,normal,-9.382458817966132
27.050350704638355,1.2874128472401152,13.076077205222935,0.444333264000746,2.5401673251511894,23.299585261624248,blockage,24.846585873839555
33.662161686746366,24.93621262939041,7.897266850837019,11.55890659721118,0.40451744487845465,63.80269976373078,flood,9.156832676312128
11.922246597597864,12.143680363117737,0.9438307106415997,1.923458754433826,-0.34400623957727877,4.577963458358998,normal,-0.11349602449568325
14.372980341610068,3.009162535309727,0.938197176523085,0.085005960562195,0.11437975369717047,5.038256552956038,normal,11.398694862977717
10.717081585342255,12.539000477761117,1.142561254732122,0.5942396835265846,2.2973144563591337,1.324784218860964,normal,-1.3234897922634987
11.499959171830508,7.500559005675443,-0.2085241243370659,0.5801557679740454,0.9164868036970093,3.2662842380286885,normal,3.945179897931511
9.558945982992556,14.545181767928733,0.22144907594974655,0.819571970828231,1.6611093521387814,5.206169679526808,normal,-5.241269053008173
26.616515266065047,5.604820994991037,10.652475766280267,-0.7406404572654144,1.5054079715721984,14.74285769163854,blockage,21.08518677314359
28.873473980073314,3.2410003822363485,9.6662145812999,-0.8063801881305027,3.4924895380703225,5.916677741827059,blockage,25.79739348620242
11.616812362200287,13.046606275411055,1.0054677237876848,1.1199651195277918,0.16033129719774625,2.2030911278911276,normal,-0.9979141113040733
6.372727521116854,3.1165343752723222,1.4848495863995836,0.2495735034590842,1.20754316539351,1.111304414425962,normal,2.97897385684184
25.514139577012184,9.166018205616183,13.038307782492833,-0.5094915341341104,0.5997256293804956,11.877236569692505,blockage,16.618345246642093
27.73496276530668,1.448639657157925,15.847832703892596,0.6093670238339735,1.303950633002116,7.08209463130014,blockage,26.876149538710564
13.829454840094634,8.208101955202968,1.7433119988566008,2.8315315431247523,0.5321620431463725,4.194593727806983,normal,6.027894419836367
14.731674228594994,14.15595807370725,2.427031824053979,0.6442047520506935,0.40782807957091116,5.2305532468177836,normal,-0.1285082195949363
13.025646018221561,3.257173070639959,1.429948630603381,1.5589546165721468,0.5913632381639831,4.908077678218279,normal,9.859383506415762
11.909779534598119,10.608139442564994,2.481390332412998,1.2352499793708747,1.5101064970716822,1.6122310715053438,normal,0.15277749616038508
2.8450170957607424,9.62485131641142,0.8955541842718693,0.3354910297591817,-0.4815055767732315,2.764769978521405,normal,-7.387530088451303
12.398962152721523,9.765119591175413,1.9806825224200801,1.2981045487526568,0.28407151805164244,0.7994820168458316,normal,2.577781503045926
22.246199114293333,2.7719406661336183,10.728988551004447,-1.174743518598737,2.0489876085320455,22.10342399132556,blockage,20.940651263828958
7.735403968681612,13.079684387235588,0.16177345166768703,1.5663254997659846,0.6019346216683803,1.9547704019458683,normal,-3.577598034877578
16.27881418087929,29.416703815951283,6.2796602089402755,5.412383555882535,1.2505504277385722,60.578588233313575,flood,-12.895537372053667
2.059488834972447,13.727353354551362,0.1389778506387478,1.953358222999045,0.11087114090696017,2.148650694133204,normal,-12.480236243286994
24.622579060007386,7.722633344099135,12.915654445149217,0.12419432880444409,-0.1752771425062433,22.677453202089648,blockage,17.066845324116944
29.845653008667682,4.783777153639973,9.424233091952113,-0.6388126062164109,1.4704668207132467,10.129635743382337,blockage,27.18533085517317
19.33849893044677,21.070155864132012,6.557143773856032,9.161199084816959,0.24061424979852794,40.73809417731952,flood,-0.8485609788711425
7.740486157411354,3.039151615918747,0.27659921202038473,1.2030737698259613,-0.5464882010710256,4.386715953016705,normal,3.3363620353788987
22.05318486975705,15.57481017658538,10.576870920312443,9.971975589842641,0.2086806804362038,30.827263613579973,flood,4.247126141385433
5.886263714767188,4.347520671671128,1.2791832676561172,1.6980155450936198,-0.15882991451763745,3.8142658479750136,normal,2.5013439686850107
29.702771755652623,9.819375655422457,15.771694712864068,-1.1542225263848422,0.0766105569508056,4.51165989502061,blockage,19.92628165617431
20.402509870190798,20.87176118100177,7.741822603689867,7.8783211449055255,-0.5017303344818921,32.40743495520812,flood,-1.940284668280426
23.87071528129463,28.25159708856989,10.336480394761155,4.8690456106219715,0.5215985596981163,25.196045315449734,flood,-5.353593763718713
4.110178892895288,12.225117224676534,0.9020887006091513,1.3769704823839726,-0.07110299330471599,2.5646911415602487,normal,-6.26667812939013
15.105134386688807,6.12275655544062,1.5487401296999623,0.7642900153380756,-0.14681986528824104,2.6385954264400224,normal,9.098349440794122
13.176135832381158,2.2234634523785903,0.6698624913429068,1.6793386458254844,2.646401789432033,1.8783782709896744,normal,11.285379190042743
19.305017826821313,19.27415520493393,6.681175584561666,4.243507295209344,1.1574012139356922,30.53474239923757,flood,-1.4166077908068817
31.201900945526592,9.18636396163751,8.442284326206865,1.489243117930095,0.7139181664904323,24.18019225303499,blockage,22.42751874748398
30.09467111164279,19.841393380404938,4.989821792245825,5.327746829707406,1.6854779672429394,49.68361683151446,flood,9.693958739306655
10.078189996235809,13.849250282105638,1.8742884631188632,1.1666341669298856,0.21098356156820386,3.3894677637596664,normal,-3.154416621474761
26.05642786993485,25.82264890940298,14.735635462044161,8.28295993332523,3.5687525229969013,63.384436398517416,flood,0.448529894443824
14.460053892110107,13.013256673466454,1.0822147484704798,1.6343282294748727,-0.119718120120325,3.606088328971059,normal,2.6898959851059914
27.870087203037965,31.738835460947428,12.04701189955144,4.505986309242152,2.5281577312173455,69.87825824192537,flood,-3.2399366892735437
20.1002874500627,7.0700294914196915,11.588492600275973,0.44718953179034554,-0.10441676325564798,10.447281867999543,blockage,12.043819472010087
8.401555985876232,7.223085999465339,2.0783217413020947,0.2871190608262769,0.8277131010882645,0.8625999529716211,normal,-0.0620785811112492
2.683536923775613,8.441328272291273,1.3035161035578382,0.11667311773302125,0.5349342042700727,3.330913809627835,normal,-5.226174597492565
2.6322172971649382,15.778590780318869,1.2322748112398114,2.3039183087115447,0.591307051978611,0.8348153682385536,normal,-13.727262730963794
25.85072728225243,30.619675786899105,5.89689469916315,4.340433222363463,3.293392319619366,38.91719795656727,flood,-4.8829003938847695
5.957493955319203,14.448165103620303,1.556945130719674,0.26025143200882594,1.4981458001546981,1.194782299264137,normal,-9.402305836459002
29.011864284910857,9.982645780610357,11.399614715099025,0.9322514115447688,0.22356395474568092,19.21012623362674,blockage,19.667474731953895
13.370930136943677,14.756086522723995,3.2019344536203214,0.8511815430971675,0.6248861641758361,4.316529972975436,normal,-2.2505988104820625
9.824188790427081,11.083472477664799,0.9619707350799045,0.16178015395524448,0.3403522163052194,1.834478958180168,normal,-2.44538911772889
7.420997948786322,4.72376721750197,-0.8410517833314488,1.2214779613410522,1.5745678276996493,2.5499385104598713,normal,1.472663991789961
4.161844339480673,3.5430937788338253,1.6859100701528504,-0.2485265982365158,-0.13128759684026833,4.485203060280294,normal,0.78511130057743
24.393169836008266,21.84864530691758,5.289511798226287,5.79812026113621,0.7675630254131072,24.819925763508962,flood,3.9019199931668935
2.875373062047728,2.597141643720465,0.9803429185434964,1.1923560361595615,-0.0342275041767619,2.550796590749699,normal,-0.06163639716925107
33.437117327300854,5.516415573808274,10.638691707561907,-1.2189735804640596,1.359525215460212,28.714838257775757,blockage,27.77503797132193
28.139964517273434,2.701121476566896,17.13650105222015,0.976590127278309,3.2555848371033624,15.23672919632509,blockage,24.544634541549264
20.68475406390654,4.956636335889752,19.402998826617733,-1.5230612092451423,0.04632715431535489,17.84570343596942,blockage,16.15178874036618
4.766736157798712,6.711955539557005,2.1916499365564386,1.1403181779721774,2.3929879940631755,4.2586259996130185,normal,-1.149910570092168
21.48847501621945,20.00203757008047,10.503918998394397,4.977104085889281,0.7943295703047137,34.71649866891602,flood,1.7618875788677912
24.41404814733284,0.7921590625521292,19.501874095021243,0.11886341652159294,2.356450273796913,20.798167223052925,blockage,22.13040071349283
29.546727479475305,18.986421990633033,6.515704859815925,6.365954728358093,0.6081217957080306,29.125889728177572,flood,11.870530040331667
1.8386987146566125,14.61786889092076,0.5855399011970183,0.0025146102126418213,-0.9095168936593292,3.209563595704681,normal,-13.23326561418761
32.08910407497932,5.548176319967524,19.110469179598017,-0.7151267885954244,0.39125427117555167,9.0080780563522,blockage,27.063223142891825
7.1719788248314424,9.07222629533576,0.6574861202826339,0.623219812634044,0.5351210573712465,1.7149485325128953,normal,-1.6521964025825566
7.625502263543337,5.459877911925011,0.9581329810166701,1.371088575143901,0.6627342849586454,3.76832670397478,normal,1.1608177107340507
3.2537298276868225,8.842387295151918,0.7380854697033903,0.9086277581310779,0.9561070017361579,2.426080310854218,normal,-4.3602647210917205
10.814706279739845,8.009230065618528,2.1204143979969143,0.31389957761256476,-1.0049273409474024,1.5309872320511813,normal,4.019075606324016
31.47513507896575,8.084154797339085,13.456009726829329,-0.6479563340443248,0.8523807546841939,22.571673409957008,blockage,23.828340963484752
29.69136763038885,6.466020444209002,5.822193016615965,-0.08873405284192432,-0.10100915409958192,9.531285688713135,blockage,23.21233125911904
8.868672221764804,1.4549803805693258,1.8377070835200815,1.5281580690463459,0.3792357659355865,3.479689862647758,normal,6.73064539014002
4.295987704709585,12.975514387247298,2.257288456955318,1.6535851374176063,-1.0626159981372851,0.11399399029721058,normal,-8.749962604989744
26.267836291447182,34.709845580700986,10.425801629752488,6.915062382964564,3.199451355187686,77.98520027467652,flood,-7.40021712265119
33.56947489833393,2.723340073542521,9.399214222232182,0.40578722025284164,-0.6291905896329882,22.339114254210603,blockage,30.201372716887025
12.649884710494252,14.10976801684414,-0.5232348001774279,0.8589587016553892,-0.02564705546623806,2.7587654503572447,normal,-1.774032699137604
11.86662626855559,3.710402650263365,0.059961391318151036,1.8201209753027017,1.051660715097106,2.9003536195194326,normal,9.539714449662876
9.214215445209192,6.162580491864495,1.971901422884653,-0.3591257501086285,-0.7678269143291265,4.9886016042946,normal,2.914219031213369
33.33592968769527,26.677087534754506,10.437278164668237,11.631169689881961,2.4631790591433758,72.64387214614763,flood,7.559844526690287
6.842240719216369,12.129067852025331,0.6078566314297236,0.5173001522037295,-0.6455540187573101,3.396599029528741,normal,-4.568744909674846
10.85879528818565,2.2326992878146563,1.2559720135049801,1.724231382019291,0.2458257873488912,2.2473168781294994,normal,9.624422915856652
14.261700960703271,3.3401952354898445,2.645809192338405,0.5917872042340637,0.9661516097617574,2.275818151719631,normal,9.888798386837859
24.33113317052727,7.184935528034673,7.822432321416157,0.8120213791893365,1.3811022931817054,1.8843068663336044,blockage,17.623489740914557
10.681700010296783,15.152847075637286,0.42469243416587543,0.33785568417626505,0.4039092199610751,3.958948608475424,normal,-4.516457295470727
22.757435567824107,5.544185445608573,15.12690055479314,1.000529806303835,2.7339386386154985,2.2710527908857974,blockage,17.8756261146403
15.231263699768006,9.016971853588169,0.3285420305008284,0.8071565886964903,1.4351520263515414,2.1969610793627794,normal,5.295579324234928
18.41626209540956,27.13077593472858,5.008971851435574,5.244112975465211,1.6680399828624255,35.48752521028199,flood,-7.707174985584751
31.32900355618412,32.237755342595705,4.977401854736328,5.561671141415638,1.3595572958159892,45.25620799320072,flood,-1.1770275372866714
14.654881218999167,13.436519905547858,1.9125663818612113,1.3067359371220268,0.9424127046855604,5.174137258340623,normal,2.4945282368683848
21.438275821638644,29.670971552877827,7.460420441572486,3.1327587814155096,1.3166934956760739,38.27095674567952,flood,-7.477278968393577
24.642250712587376,8.816315383763568,12.278299691600594,1.0968109063674962,0.09446631600804326,0.6148136085405213,blockage,14.68151587670475
6.582769603559423,3.872598030228769,1.2792629526025876,1.3902563595721042,0.35417653934141147,0.02380937565444639,normal,3.3537860665084853
9.289510010353808,11.24165007358967,1.1452152708212,0.6103601296066112,0.0701911695058135,6.242423709709517,normal,-1.7457265501952859
2.1187990181459826,11.7973060860109,0.505533138229957,1.526747369298077,1.3132539329708455,4.200816965531294,normal,-9.53802638231367
4.858553752927381,9.65732659395105,0.18042345420504236,-0.021045963661612488,-0.46121615659474047,3.201245382180461,normal,-5.28039777989895
25.790072059770715,3.439584289805184,18.310005494415844,0.24429785536088855,3.2835103698954575,-0.19151073126193252,blockage,21.78923741549088
13.263884845011493,8.605234860821636,2.933490871675424,2.337167744446056,0.9208433602191214,3.7024596295101393,normal,3.418264016889426
2.7777963138861317,7.071810348624268,0.8269534621541168,2.180332656087916,-0.33935648076243685,4.061537600460501,normal,-6.131934628905492
9.147701234270187,9.261086731620924,-0.12852616692620078,0.28879609069460954,1.3260635904718376,4.253617908200615,normal,0.439986896429956
22.003926699270295,22.896389871115108,5.8075196455921425,8.098575850417404,-0.2391956396288458,41.704755590025655,flood,-1.67516571759704
27.66447233262637,17.15753716207865,6.2706786032926605,7.77013674332583,0.002016964553692614,46.24819896219613,flood,10.472777856043137
5.4233161530392255,9.128577479192636,1.7990716651904033,0.9066278386766745,0.7386166563296602,1.6434383660186593,normal,-4.519209898269616
33.51623781345352,31.257683297428322,6.678763524032328,11.722771968467042,3.447915514287407,78.37833874733303,flood,2.161483731376051
10.167577835218502,8.665635918750652,0.38480997387580557,-0.3394323103149194,-0.5057209469122237,4.427236565435986,normal,1.0315911712742056
13.980821038395476,14.704433286586385,2.1671660322449537,0.4157851296868643,-0.030022001127371595,4.7006621192154965,normal,0.1713089123481648
5.159802863791927,9.783063417466623,0.068810910406565,0.44119738001341,0.1082226729932063,3.3461916831403844,normal,-6.0949590939544525
33.181504519781406,34.29897748013321,12.085029838371224,7.118204991930974,-0.06558113928933462,47.17848438662607,flood,-2.5055406832945573
28.464416116176192,0.9020567956238285,11.57139532666862,0.7671354257458666,2.2247064430706507,27.347115331982,blockage,27.374211452191776
23.525335988964517,1.8457042329336661,14.940856330957676,-0.23580416150581662,2.7207124630872506,26.979088393113578,blockage,22.6501629469769
9.435957524177075,15.508449437734768,1.3723243347993197,2.3819918982272545,0.6747676205289345,-0.27503570579496006,normal,-4.894499591208697
25.246783577679167,4.838893912813111,9.620138819293697,-1.006591738762526,1.8469472017179156,12.874237606804611,blockage,20.88794834651701
2.163646686662775,3.9658730240370232,1.9166952879412746,1.6409791727050118,0.11949296783633676,2.3018928686576565,normal,-1.8363276634700914
12.345294009044638,8.65055828166688,1.037552095049732,0.6094875761493617,1.0695856258471235,0.5840603510267814,normal,2.854020967209803
29.73091296291092,7.643390322945856,16.30045111475024,0.17754436889836578,0.5851717670965639,29.5167797932651,blockage,22.767600709332548
2.9402717912979943,12.621158115683784,-0.407546240812093,0.3991440549224675,1.1298291086358487,1.6793346757177028,normal,-9.078814486020462
9.729052761434792,2.6962127422237656,-0.8105921433118941,-0.9163932887179258,-0.04496139565633594,5.925078080161997,normal,7.603110319199774
3.585278711856881,10.27324931970482,0.7317284688586714,0.998881804107054,2.2435575792685354,4.661313842628328,normal,-6.819056562103873
33.69091461861443,5.871983489606605,10.232086708427063,-0.3349055932619618,-0.2972448183871583,7.483457035547528,blockage,27.552909873723376
0.9551263782587092,9.49177245360457,1.3625363047458603,0.812523999638136,2.052600544656923,-0.16670484686582823,normal,-8.439208117677937
25.3132637933072,23.256911043967857,7.316876289259769,6.411700142197611,1.0048384811451334,28.385933275663902,flood,1.4413343840055797
9.177108051584364,4.716731321389631,0.5438724835278093,0.5427686101136291,0.23520323507221963,3.5953273858664683,normal,4.393094481301466
29.41022943766758,29.978635959951404,10.466155146154868,10.8663840406807,3.4472494802758753,59.5436966829993,flood,0.15388286149326166
25.515876055129002,1.5908615271331343,9.923952239540462,-1.0619245477984451,0.34655275777055305,7.335621285276166,blockage,25.706557595988198
19.205981213253043,23.343881842215673,6.174163958235824,9.039795017160738,0.6542565611416626,41.11197604378018,flood,-3.7510103139212094
7.203331141027176,0.8435975127565769,-0.32532458507245987,0.8127811588715682,0.09735916237693336,5.05858869869085,normal,5.856384405333802
24.540135996873218,3.6090691888057522,9.241563359451842,-0.6786302988526994,-0.16928106412986096,21.281860006865866,blockage,20.854852724090513
2.401258490923991,13.180106108385873,0.7250570286387005,-0.07965828438504219,1.6889617225457974,0.10250047858036504,normal,-10.329747498867926
14.714206530264322,3.3122494074842277,0.8934758889847667,0.9460442415105732,0.6201464107118604,5.3589313048592615,normal,10.198909231060945
27.90143413789428,30.694714005152996,6.76413335616875,4.741051708262484,3.214758283475975,74.17532648429966,flood,-1.7497339578771447
29.217947091625685,8.178501057212637,14.313709403686374,0.9662847577014131,1.995082362108283,6.767597022180283,blockage,19.857026509122772
20.153362237213415,25.856873168088164,7.074868673280364,5.022390664857427,0.028473045956661225,44.08443309017642,flood,-4.921094167604638
34.56014525615859,34.32806602339139,14.139806366321407,10.188479544815007,2.4087417392071515,79.4047653916163,flood,0.5655262386434068
3.3618524606460376,0.9430999821800697,1.6867923269760747,1.2746999411685134,-0.6360266847460747,3.0816120341246616,normal,2.848646632727006
27.980581919247044,16.373380160728495,7.94978662013681,6.02052614421963,0.7713440258922771,31.350921058778315,flood,12.221673559859187
28.644996714533555,33.650517348921355,14.389604769924977,10.23618250539029,0.7097167817008901,37.02601506317502,flood,-5.96287235977054
24.601481643467245,26.657307522671225,5.630254503551333,9.693747988521416,2.945927357133329,41.84528602978398,flood,-2.290465519279654
0.7169394526666242,3.705969948357056,0.2889909003021094,1.7629170146615905,0.9251194574207039,2.216050859386505,normal,-2.526392276152322
4.0873372519464475,7.206147178725474,2.3602515725476247,1.4387322860394447,1.3481726868293429,0.46545720714486233,normal,-1.386503001924126
28.12553105392384,27.872397134243705,8.495372950712003,9.016612913053983,0.29721607486595136,50.881462883456045,flood,0.2527578031830174
12.683283624085975,10.385816993363214,1.0909459006765527,1.0827209029452005,0.4729691537984688,2.5068129724416504,normal,3.836355825286807
9.341459987291751,4.5357621813630695,0.19620062068733768,0.951098755119772,0.30747541676755524,3.4808657725805596,normal,5.470194275157552
5.284404214402756,11.456877092590963,0.9387153314475979,1.471200281218125,-1.086199182313697,2.0297028039353284,normal,-8.00711664544303
7.02310144424189,6.99190397771534,0.557275985591394,0.14516567959298787,-0.07756406527321627,0.9255981147874464,normal,1.484622647459981
7.21490114885072,6.191110462476518,0.3180149121629595,1.3622610993019113,0.7743082760874945,1.3352096316758626,normal,2.0028201530806733
27.22775756308265,22.004872282783534,5.242025310600048,8.43602646290728,-0.24313621708150293,41.488576364750806,flood,5.8296183500217325
11.219530623100129,9.923202814490164,0.9731291941160503,1.5359029554929942,-0.07630942274740388,1.3577146230243957,normal,0.9023799230835603
29.111645793660557,18.03537336765155,8.636059942752324,6.170441968967768,-0.2909102021108597,43.08734355534842,flood,11.404366380363207
21.00258651349134,8.477594908396329,8.785483492448929,-1.0239920996222942,1.4568050809634285,1.8460441051742864,blockage,13.252509680169386
4.731421624811294,8.308137521715214,0.6616323069223813,1.504357256530627,0.8402286173051271,3.8359588007728775,normal,-4.074009508708254
20.853005125362476,23.870570448764614,5.893575665355326,5.392591195751232,-0.17340042836247466,31.380001522968588,flood,-2.2401686452967224
12.430140418290318,2.330608007249957,1.9504281561863914,0.5770352112626579,-0.44145369357115055,1.37289009989398,normal,9.295639005682226
20.208837779123527,25.9809577011895,10.696556224501746,7.28854821838832,0.3508368631438392,21.182972181122242,flood,-4.4030409672222754
26.453639352096612,29.086409495375058,13.315417749276868,9.603665191181255,1.9989179036231335,54.72115131169047,flood,-1.9851607513753127
25.7332380581647,28.552219825394104,8.362309731030058,9.136662328934193,1.4512569425113429,52.872884188223104,flood,-2.7507111107831883
13.370974334493518,11.430135286996533,1.2864388657449572,1.5828655243957948,-0.12353761812125841,1.5329414484785167,normal,2.254284009326623
22.18729221638457,6.084813513228111,17.746511429041256,-0.039530188223553475,1.524915200073291,18.512672640248134,blockage,16.074842607537782
28.688250239992158,28.78474450333125,6.421650571826312,10.743780704320418,2.337602087877698,51.309290395973925,flood,0.7620375503680318
25.654846163498718,16.73378903352894,12.253810223714797,6.464740049794637,0.48134772494320166,37.94415376193837,flood,8.786133131153111
32.951666658329835,6.413178329425404,8.566305501079794,1.2049249875275478,3.006844523441013,22.62380627447037,blockage,25.498227973761978
30.380561907493114,5.047784994151942,8.644279004337225,-0.7721536052938837,2.340371021502346,10.074574445876081,blockage,24.041722741824984
17.749061971312436,19.96319734353636,4.562169139512879,9.669579235866017,1.0816111260151244,29.609752112877537,flood,-2.308033927088882
20.8344623021768,24.131646051193872,7.015433162309314,8.172294455717736,-0.3320113210669863,44.189408807296545,flood,-3.6119339014224
8.448969170263004,13.079159491230135,2.105604478347333,1.0166346405753401,0.858776859879443,0.642737817249259,normal,-4.602835596580773
32.269766440122964,0.8081517724405681,10.092568616319278,-0.508708098814798,1.5815978797077066,15.23116467537123,blockage,30.113337222265542
6.350991701670736,2.9238730810219495,2.768111225988378,0.47746490140963105,1.4507187427455033,0.29884896610158884,normal,4.916837083270206
27.12014360383306,26.127128093261987,7.709405132583101,8.330957828118803,0.09093272940540964,34.03997860867255,flood,-0.4351398953398493
9.06475045973855,4.960434159736051,-0.11293001884877968,0.5701111620216796,-0.5500870058775423,1.3565054974582105,normal,4.230331824662362
13.10164641732829,1.3959025506232563,1.1678634806057735,0.4515597306973725,1.4770242541284133,2.9209767227607895,normal,12.37544582576046
9.025004212221724,6.5424452012261805,-0.3554829751581676,-0.8874090992552492,0.39390119130907475,1.9075752312430434,normal,3.0969112433749713
5.6298900184217375,7.52757002247819,0.831042139251907,0.6247647246835415,1.6530952104019088,0.8112181501321724,normal,-2.031033371053466
34.622246556707715,8.027104523576535,17.348538520466295,-1.7849029958106497,0.7576225722515464,2.684209300504397,blockage,27.44472619668617
9.746839942212844,13.414371825990647,2.066931221928581,1.0882168653813042,2.026190022148604,2.330386943376878,normal,-3.6070163925765644
32.43628848766192,34.4817498394223,13.05832390012717,10.21610505459014,1.9322685829312902,73.61279849469636,flood,-1.6700817142047135
4.209231660820791,6.553713889161146,0.5732941353711355,2.027726969941499,-0.13283027356622723,2.4481386274555335,normal,-3.0425457559592433
26.219997483800242,20.76926390775251,5.12908202665374,5.927551042945481,0.48249126039830575,50.08135720946677,flood,4.269562159657523
3.261370546731211,6.9335391393136385,0.41648267472929784,0.7857434493794185,1.7665180320640625,2.9978875186864813,normal,-3.595363669323904
28.26347594506823,23.567175737522277,9.353845292172386,8.643702669249192,0.10328139763354098,28.145276304211766,flood,2.7270020443161522
23.102934904367917,6.965455212387407,13.772582089940498,-1.0234711597761512,1.7918350506734262,2.025048161036498,blockage,15.893631141724688
15.816668741478683,30.309894336009073,4.213988381186782,6.517618933558241,0.48462090442301164,58.26318550392427,flood,-13.524529990928304
6.675029886044718,8.790323699641732,1.3585085574749125,0.818202709705059,-0.35677993963069005,1.336080528047729,normal,-3.2717982006213844
32.13462894811518,3.448762884448179,14.455042123834527,0.6161275704611491,0.05523850788185262,6.773886826829192,blockage,29.79302709739901
2.7978192054640667,3.335682634166866,1.2475644387778226,2.4298418862576616,-0.3692108627340627,3.3317742331184994,normal,-1.5229804194066114
33.736571809687135,5.550691891392889,17.770113162342092,-0.23924779515229688,1.2241293882355484,7.731787043637569,blockage,27.46647720061821
19.51493506999209,7.333551148441046,19.181798511523102,-0.29996667109259556,-0.4953710415294031,2.3353349195087505,blockage,12.099321369307544
20.388148534251624,9.426293475378554,11.740651232531787,-1.4535779318665338,2.9985195595732765,11.21836921793587,blockage,10.020885557355946
18.757629724801117,22.456547333307473,8.492911133622798,4.069263110729299,0.34677962906506404,33.7875095330085,flood,-2.2800836251664527
5.694443328481296,11.588300493667518,1.9619571795944206,0.2607375511585997,0.20998882320129997,3.5292942016199027,normal,-6.962640445457325
11.82770992403867,9.430167510796204,1.1025786765221344,1.9370943190662777,1.2658076710312318,2.7254922193504596,normal,2.687705372758567
26.510312032270562,17.101351440471596,8.293686813134872,5.678171109843199,-0.44957417478293465,40.93589768833134,flood,9.85066708663448
27.394640434577642,25.919145059965096,14.601537622623448,3.818022325573357,3.659348695714088,50.28339278715082,flood,0.6575819412142134
23.833845428895962,5.008432121412216,13.209036016299393,-0.9075590742841091,4.046452077249603,2.427505217415918,blockage,20.24858041871899
13.864237160595932,1.2486806641773103,2.124555728049284,1.182284366173606,-0.07009230756118355,4.4783190911114605,normal,12.34991130182333
9.05253867663077,10.896365831847861,0.8620765900698286,0.976735017272568,1.3285497002892561,4.34123083718487,normal,-0.4784206153507078
11.58009588004967,11.949428274374707,0.9280005953731798,1.4698781375013206,-0.6445950937122671,2.6560565187580485,normal,-0.9225497999631143
22.45929403161306,1.274420317868623,12.742110998345256,1.2431413582815765,1.0018720081620005,12.232409023680043,blockage,19.91756024432575
17.484710643603925,27.9659431919832,11.997834089674958,5.075597374340414,0.3311214053002778,48.16519729853064,flood,-11.16400686148809
9.667911724909459,2.396059541967647,1.8584327433701713,2.439105751004568,0.19430218987681874,0.30523975173070733,normal,7.474085317815617
8.722984175869309,7.9590076475251115,1.9314062843310653,1.891754049811773,2.2160915364180522,4.421456475416654,normal,0.55089927881406
30.39109058752326,16.15449871511418,4.05780411788925,8.277302411143527,0.3401984658479297,54.621173664022244,flood,13.586293240702805
34.206601205967985,7.251194259457329,7.49832442350626,0.4667527102591337,1.627398568476038,13.596056932106201,blockage,26.067305934951044
2.742423197868006,5.266563119579155,0.577319342071412,0.7950590689510608,-0.4190398304441285,1.7886238380829873,normal,-4.850503760945188
33.192714707866344,2.567613000840391,13.131012674900582,0.26231784183500584,1.2738043443139664,18.407629066207186,blockage,30.53307485704991
27.18517140900533,27.64625652513334,8.901111890579966,8.487049695005751,1.411951141678875,47.57333517117426,flood,-1.5159880967421593
9.933700358811713,12.251738507881226,2.2967778739196105,1.8834992478782282,0.5081954107397407,1.0884178261791206,normal,-0.7067895566212357
4.888309537118975,1.4433636415400874,2.445420666471292,0.8499184149131404,0.288595066656246,0.4948299231192662,normal,4.100385949353288
28.66198590422418,1.2665582246061176,7.786069815322078,0.06989171239868464,0.1667167229030892,24.400857079530784,blockage,27.15428626283849
24.691745461367365,8.60885407454754,10.77255140883884,-0.8827405508793716,0.391382344960368,22.5628818966496,blockage,17.056704795143087
9.980292247885712,14.209408127681542,0.909072507934673,0.6855410204099128,0.9560058784572412,1.5194497313396085,normal,-4.768453967498031
13.707650963196318,10.635216056075276,0.4998771004452172,1.068369352046453,-0.8824330215966808,3.1709965146437344,normal,3.9593962879288283
29.536529544207447,7.066352653190349,11.729467866342866,0.630568815322054,2.2472542786218974,22.907475643119113,blockage,22.705105909781818
25.242071295973872,28.233745616470586,14.471185857095303,12.361028237140772,2.543524044189202,44.596338735121094,flood,-3.7376977092286174
23.450757256991906,17.979600442434904,11.034023290896394,3.0696146726166837,-0.0359845560439509,23.494541448293035,flood,5.41906863175576
11.688650023298932,11.427727981610625,1.5638274388833908,1.462909366053117,1.3387699601790854,2.801621561123842,normal,0.327458382981494
13.808684548635485,6.348695460243338,-0.04925311809723695,1.3674348905902376,0.2519344061413841,3.50630231081226,normal,7.952868151427596
31.325654638403897,27.526229043567675,13.626047345664482,4.495683609989622,1.1063551832731704,78.79848612174668,flood,3.3408192857241037
32.590988345440714,25.567142140420838,6.35770054825647,7.122825932324121,0.4367967652307013,61.19397476821823,flood,6.801188307301816
4.157082492972506,5.6820932051969315,0.755652166872571,2.664677314640721,0.8534073757942445,-0.32446815685719854,normal,-1.9233958999509553
33.60545253046767,1.7045020094960497,15.829134367055364,-0.005846093731147417,-0.10642537227296757,3.6587168894158393,blockage,31.166498125777977
4.40617494735988,13.9144275218099,0.27653119328472825,-0.44849288186306535,0.4565988740679612,3.61818358838987,normal,-9.695075319349227
17.638528603127714,26.867970547416878,7.074201602132019,3.844401203807746,-0.7155189377208517,27.71294210210344,flood,-8.696644114116568
22.738714036838083,16.96176459549114,7.22994713779269,2.716472914262374,0.5733194764351446,19.37246909632023,flood,4.496023675164219
13.524023258526128,12.24608772849566,2.072785317147938,1.802724377589783,-0.49691533573914365,4.2777548018998255,normal,1.411355208440015
3.9813036923641985,6.032637578982744,1.1243571849803933,0.5921951380446904,-0.1169196077012747,3.3827936402489924,normal,-1.7040833604681564
31.3056155716896,29.33022619663833,6.333866460516764,10.426121323608108,2.2045574266277645,61.28630116658827,flood,1.4038465783450385
24.261562495527585,9.574692404141958,9.011666087627548,-1.0505034010931968,2.1618307444132987,20.4501122409168,blockage,13.482562191400758
8.496620179611822,1.8124744010533786,1.1626449281310722,0.430716051208427,0.465309072481783,2.99943979108087,normal,6.419750787616484
24.925406143229054,20.705379958180792,4.90748094864688,9.957739670830478,-0.19738599653687983,29.515473037925965,flood,4.3145808430153325
14.17899866520478,5.3402335637061045,1.0124156791948478,1.7428910140554459,0.761322257023385,2.9895626727905142,normal,8.935034182362996
10.539735926723777,9.127692249897187,1.4595734648871423,2.2386351074558966,0.3681558095055818,-0.10022227669657961,normal,1.667787504890438
23.24920907368945,1.812515135300354,18.013268574745965,0.13658878714718536,1.3346399385792371,3.749026856707193,blockage,21.745313317618606
8.36512800440441,10.365367335982379,2.1089238721461956,1.9047163194838208,-0.025153961714893806,0.44445939450025806,normal,-0.39329038950977957
28.486059250435925,19.50659275065968,10.77323951499636,5.3245908640396,0.28086242877236217,30.18399011777373,flood,11.385247053366525
13.571876340107135,15.397171922259835,1.4372787820271502,0.707934716008819,0.7827364483709505,3.373747813938852,normal,-1.5206363971053787
2.131215628548966,6.932635099848463,-0.9597245909452463,2.227348940344595,-0.17614893324181324,1.916948718270917,normal,-3.941531960984814
7.48225988753432,10.870631937861976,1.734170989863409,0.3469581478455732,3.009897685899407,4.125201894939222,normal,-2.6510417750325037
8.423833227317411,11.227958479053886,1.164696124562739,-0.36080866899464015,1.269199678819776,4.845919931938674,normal,-4.337223113911997
10.81524273919827,2.730971835642936,-0.6003644292808995,2.1560202892096063,-0.5467499219619485,3.00563385511463,normal,7.8911916246156615
4.124938405628853,3.2447394457954806,-0.2824482620603545,1.2400076333871928,-0.7967212651670321,3.4715556302581976,normal,0.9023568382745766
6.544183957304886,4.964102972610915,1.275097775556107,1.2214011783547651,-0.5183158358315946,2.2793322312948314,normal,1.3857957203854048
30.265416674775533,32.02720089316554,5.725994158451096,12.001468535173814,1.1239330480723815,46.953417907856895,flood,-2.331800339267631
30.718689056758116,33.02077931953514,10.118927112263968,9.896214711347348,2.65438495005325,33.42196205844582,flood,-3.0547931785939575
35.54855555067626,2.929316440541217,19.356288280178344,0.26373593727761135,1.5904137298603562,11.255271542604039,blockage,32.062879389406994
30.617803997310535,10.048671656582476,13.31657974317967,-0.9400106479547453,1.7139939601492191,27.378068923025,blockage,20.787273947250817
14.429119361591097,9.808675873332946,0.9772624496423158,0.4082730586911054,-0.3891243277985656,1.9517046004091527,normal,4.047504063436366
31.47311526868981,29.72448772214925,15.123936311252157,6.546608005972136,0.9654794146673611,35.711308801442165,flood,2.8774062931645608
10.430419827734212,3.0825633063734883,1.103133420949597,1.7659154679765072,0.7045449231995574,1.4273335924506279,normal,7.6218689570145495
19.651685646931906,24.827415272743504,8.807626988164618,8.850074347188784,-0.7639634670154415,52.716107717238714,flood,-4.16799645333069
12.255676913462555,12.451275958041311,0.6147976012723902,-0.014559120442655019,-0.10748021993029448,0.0224884537771652,normal,-0.3182868130103161
2.6259539998743318,14.283836095611074,1.964238443894923,1.79155352239075,0.5019830215998676,4.667272955413467,normal,-12.821122249216586
7.002074053091452,13.916103231597614,0.9587867447857055,2.0550825657931706,1.6585344679530336,3.068303325205223,normal,-5.686943596414015
13.261405948078789,5.73498819491445,1.0732870777746761,-0.3053704078813102,0.6215013746622793,1.4311669868459904,normal,7.679194470116294
23.752680254841927,4.523091496316426,7.726868236709547,0.20724695422071865,2.717584925262833,6.849851669871073,blockage,20.559694380802842
17.744690633975143,17.95100436352611,6.252750709549229,4.661183283442274,0.6108952673400512,57.35957388649899,flood,-0.006259936283071851
21.861024664901407,3.1234900771953047,12.190478120934545,0.16056635478867962,2.3644646876034208,12.734335312201939,blockage,19.967221863545383
30.594916033604182,32.3967273651856,13.028650786761999,7.0630536252381315,0.8439974143132105,54.8802713575079,flood,-1.3605786681244363
4.148952542322596,3.881383508192301,0.5904430237362952,0.34102470347736513,-0.05865351356964765,4.483803858952883,normal,1.1989843387038022
30.234423444849657,5.64027262101297,11.341592995170718,-0.580195804168274,0.026837994417588495,21.067615593743128,blockage,25.639987400072407
24.793651735100415,6.124459816441843,12.475305189277861,0.5857095436422116,2.452513794803374,21.004494908203668,blockage,18.324506972140238
2.604348461486344,6.672866028096244,-0.08477598656289989,1.6033852926600778,0.08518167010243499,4.4159453210477,normal,-3.0304792372850144
13.85370227994099,10.949893087399703,1.2473170087347971,2.7704902809332506,0.9360111432626839,1.9761303046677945,normal,2.5295406330393804
14.684929844397471,5.660638707753783,1.4098646172785705,1.538124003501554,-0.21934215441236182,3.2790338223032305,normal,8.964101706176985
23.320674082807486,27.634795754761516,4.505452174308033,9.414758984884553,-0.27342935139402763,51.40512298738474,flood,-4.269023524514728
11.464342452011115,2.1635045013638905,2.5799139817413943,3.2504846803472653,-0.2215924343135706,2.5272547919840287,normal,8.980762238691321
32.32905567872868,35.340951617138145,13.722420275852249,8.08776121664539,2.5065166647526542,43.15032464697355,flood,-2.3973916947912497
27.513935538745017,5.26312890055689,17.068144856534083,1.6703458397247302,2.9664310559343012,26.99005105923967,blockage,21.733972875658385
32.5935368950471,8.670057076997773,15.515716425908026,1.1453562879822698,3.1106662130450076,12.136917971187797,blockage,22.913123894951575
25.81717353111107,7.75279061463276,5.321314972723739,-0.44504298642740253,2.2941609142053374,21.678024618224512,blockage,17.10346371157874
28.228491274066855,28.57209653838717,6.077067362064124,5.958477540500315,2.9840450659364404,52.02712155818682,flood,-2.350839357794242
1.7699682647829742,7.545548008205595,-0.2528695606893391,2.0141090441759304,0.09259007985564514,0.452961293445944,normal,-6.292002332715994
30.668096060137447,6.46282777191901,9.224903940617265,0.28357114897887903,1.6699224544375981,26.6442512817892,blockage,22.07861996651331
12.023766413500145,13.171453539009104,1.616168029489939,1.0357169765575185,-0.17327239365371788,3.136879682110311,normal,-0.5054294826797031
26.98305026600738,19.935480672622877,6.337012181549712,8.576634751299824,0.42782330905888033,41.359442574182346,flood,6.153417963060095
20.292566775982095,22.778762347372236,6.847405855688934,4.611557087896366,1.3903914318378843,31.3488724494737,flood,-2.227885606122778
1.7340018003794855,10.4773300835738,0.5984970889568495,1.4670769334709395,0.5882669961762479,1.1719778758406365,normal,-8.49434626603956
8.352004580937411,5.967993096317542,0.07845713156550493,0.5498018831214575,0.23497757510394857,3.7605649257468263,normal,2.205590172471651
22.608675699536523,9.037402419908824,16.886970195030415,0.9640311750899608,2.131475379697003,26.07508514002601,blockage,15.019770807694702
10.917569395868034,12.319036012038797,1.525647453599242,-0.13260849609355024,-1.0559841375928753,2.7752467032536066,normal,-1.7274131265306716
23.508081885722813,21.94236839622464,10.950933648610444,3.7081380880214114,0.34719917709256776,46.76281058172442,flood,2.5973357136422504
19.09757968709137,20.285670599073406,7.111169257540714,8.589153880367121,0.7077086009735886,43.03435099357366,flood,-1.426722053484787
14.299483348007007,8.119291354238944,0.6083595864396398,2.569535631547163,-0.047795020101866065,-0.0031486989066407123,normal,6.095807778326184
11.272861708708492,7.77712487566516,1.6586391903683182,2.151018168555834,0.4822592905680475,2.2552729298340815,normal,4.512575595063911
26.363625106532684,26.497525490052524,9.39544632109033,11.206035214188475,2.5412286217842404,46.86825379314533,flood,0.7895733844575926
2.244002042239425,5.711336862733593,0.1413934321466163,0.9907018702084647,0.8560726743637699,0.9583033637618766,normal,-2.8519647247784388
12.396830156430054,13.089630264124434,1.1625114478339407,-0.43554361421821874,0.9868936617583254,1.4831985160404193,normal,-1.2836122850418445
9.80795447056117,1.9790938420512107,0.7368869693012556,1.3904922089538794,0.10847007096498049,1.805574722475691,normal,7.103501864331893
19.847807512290622,28.195677237250884,6.302921904146017,8.968416600022184,0.1224646236606306,49.67211855887229,flood,-7.669729527257771
11.094176588345249,10.423439903615343,1.5109581517799813,-0.8475206628706229,0.9673180393451836,2.1674460816470416,normal,3.064127487584951
5.523932163966384,13.303044912755396,0.07594873509310607,-0.6519618488221735,2.4747213377816064,3.5228951421411123,normal,-5.92307049753472
27.636161697369914,28.511949764988913,12.125082544437127,9.299980217541515,0.8058108128243329,49.89782675556431,flood,-1.0951498701654057
8.825281116685666,14.158651990454672,1.097517563335425,0.6541913325221872,0.4010253993729685,0.6673362961074265,normal,-6.200049015337969
6.959718917836232,4.104322015413189,0.6298216660684366,0.7339518910751032,0.09301067977750808,1.8426718839257126,normal,2.6197157714069546
31.087510298834584,34.73777859743132,8.30653279296598,7.210903306219731,3.858037493635886,76.92188462381709,flood,-1.9107763857851274
7.102349873853128,10.250541863716078,1.6652024165040424,0.05797511854784504,-0.05441293486624408,-0.5332777861398792,normal,-3.85746316593264
27.511544209964907,7.668811038880833,16.167974244423434,0.19544058830766492,-0.16657449851989597,4.4781835944674135,blockage,18.91251377835696
11.719732489668722,7.184108959809332,0.6808660178914954,1.462118176256193,-0.39388282479627545,1.1505582103126135,normal,6.680220098432881
25.856743675140834,20.7926749783085,9.626127920809248,7.055615544022893,0.7625564958246853,42.89282356741334,flood,5.835310473245204
6.009444090465615,3.225741125421759,1.255446625128168,1.3575625905543038,0.4407229661373297,1.8387798403832707,normal,3.0225784539606555
14.689790329521477,2.5751824200216604,1.2368588850474669,0.9306544816003693,2.3839267281009042,4.792371678921609,normal,10.984944796272716
11.401642784040579,8.076080293746685,1.7652402312932303,1.5526188102863552,-0.631904387853634,1.3504947105951712,normal,3.5622152059483243
10.2025964797742,9.935250577972853,1.3059347039348066,1.2385434181626205,0.005574200037993138,3.4596433233746713,normal,-1.106319067463384
6.622551713606805,6.991281756601488,0.7168396710162556,0.11627753886384176,0.4126982200965784,0.2649495654693204,normal,-0.11238374767594894
3.964413858523726,11.091731761378243,0.8359549314318023,1.5151247139153643,0.839390501881228,4.193290340114408,normal,-7.624441070609084
8.070214749556095,11.590755678140761,1.6200119498456351,0.6552317003857915,0.3001424921830842,3.4725168845437557,normal,-5.127407634096843
19.137227611573937,29.171076767053833,3.4655895406997135,6.592863152892531,0.23498311471181096,41.005390879751936,flood,-9.078753988252474
10.558550395223453,11.45364700405531,0.9313391455464499,1.2779852753574454,-0.6580657982792917,3.634160776240849,normal,-0.3293250413451105
21.515365317886246,16.31185446794138,6.236211749298552,8.368725536727185,0.4539900592449604,44.35598269563957,flood,5.602558180399514
14.613876249142608,10.060990083135437,0.525429588298562,1.819254670320408,1.5057596819874273,1.6641790081111454,normal,4.391496788000986
12.776219439615415,2.722157079461837,0.11430176669127895,1.5404801045484495,-0.4465668127692369,1.5087385422755313,normal,11.031188499554286
30.185143798094362,27.16752312782584,7.046427594878243,9.943584278244916,0.9388300079357224,74.4836003911098,flood,3.2831075127898828
19.18553745260782,19.16170624939989,9.937929529716957,8.914913504644717,-0.24230682680377363,48.7198789597774,flood,0.28679948626836393
10.172834165057951,15.340318226107701,2.445312118530868,1.2792583353957996,1.4437400259648627,2.03375008893748,normal,-3.355819020045044
22.740311978901325,6.673905945501685,10.199422716928146,1.736142678148732,3.238362642142555,13.153770952005056,blockage,16.829916055307415
34.891127344802854,8.594391841996178,19.730310571798654,0.350768098714359,0.2818626635851997,11.009266283589238,blockage,25.007398675491864
6.476248392296446,4.939826285431208,1.3542873065348677,0.9539785260446535,-0.07467997127381991,2.013241583876563,normal,1.13706712296915
6.507022670757942,1.3787768302064178,0.17835327883539875,0.19585841537760462,-0.5663986814578867,2.306357580929245,normal,6.120322243654667
31.769046797238957,34.0015967984391,8.69211404728429,7.731388558392466,0.9654163971301372,41.640813145717956,flood,-2.255155528971958
8.659705793824845,3.547803594249089,1.0316634363035981,0.2867914685219843,0.8790541547492668,2.1762495713386927,normal,5.504689332383755
23.872062645428603,3.9225322905799636,11.094296341872468,0.218755252634521,3.0686824963340253,14.42377878129156,blockage,20.403440277329217
22.53614050500843,9.725167690801214,19.16256929489371,0.178165796690559,2.1859232195264964,8.008099631228086,blockage,13.80526501056941
19.336948376298327,27.103573610765043,6.943093391217864,4.167984481038905,-0.6452915826897979,33.16635366701274,flood,-7.66382494766125
5.270236394270301,12.895271149243593,0.3901254391598728,1.3407709360910418,0.3796929391603736,3.4730170622990473,normal,-8.55655959977705
26.274941282709353,8.611604213708361,13.254671837245287,-0.5707735078427797,1.1591718742836343,13.54919708294196,blockage,18.158240970974074
13.14707855957271,8.288264210209777,1.5143290029797676,1.4882614573901054,0.4594659007727968,3.492911072872341,normal,4.567750217929683
8.885217859346792,11.483179061378875,0.6907957613641387,-0.15719371705531326,-0.27253958680557033,0.6304084187601575,normal,-3.6451223196778373
23.365295858982957,21.28266174801769,4.60739550777465,8.044612508633914,0.2684631263378384,47.30840007132739,flood,2.3250489371436625
9.622483956819629,12.325156799108168,0.08008029163475947,1.3690928508693487,0.3904118691106504,4.889784605914494,normal,-2.877171498600584
17.01628199140172,23.894898592303033,9.909413995652711,5.099401767134938,0.5577482394801941,34.233690752080506,flood,-8.536577903810342
5.849442537100646,15.13081487370328,1.3962544120316362,0.661002900368487,1.5619859652821901,0.8223257249230315,normal,-7.73658538814225
14.672831584148652,4.2167910822572665,0.022707311804462227,1.8393022191998405,0.3307870891043951,2.8958317978786248,normal,10.228724108053772
6.865878825777519,12.964696254967832,1.6463448958620392,1.3130593949892473,2.6816670093870316,3.001235246755246,normal,-5.2814316090621025
13.580477160176281,13.339165931008477,0.19684602409599106,0.7740922524019428,0.5939335137041641,4.640489795725392,normal,0.9982821576388676
30.3084002572411,31.272539178156077,13.471340173636744,6.521655115925693,0.632430002878457,72.97408569822971,flood,-1.7652340430633204
35.17883231066001,4.269289949818035,9.278817377695034,-0.17002768183181452,-0.6633497427281347,22.22862599546623,blockage,31.312140889226388
20.188453245601682,16.86645123313687,7.718673479954623,2.99799894348235,1.4742319685615661,24.229921828301965,flood,4.2598524623421365
14.629329022269962,3.788844771502845,0.532022494106086,1.25305230083619,-0.3240910669811929,3.4991212109513437,normal,11.454177840600785
7.272756354144219,9.41887337968306,0.5994619493323364,1.0224454552319944,0.09394238669597584,0.9829890452876182,normal,-1.875472926882078
14.40589879756352,8.147456386218828,2.206410421107526,0.7851092030337335,-0.5196702451212929,2.7199188737207427,normal,5.654277542724785
26.103983731657962,16.54197896848015,8.470332825219865,2.3286753112321428,0.19057249208121435,37.45883985999032,flood,9.57027535810718
29.09644874009248,26.275153907162718,4.275628135644245,6.01596228432201,0.23034484835207317,60.377235712906035,flood,3.727295474613296
12.37002807031603,14.084576590249787,1.2887674083148364,1.3018183389619729,1.1898901038475382,2.665330105332947,normal,-2.09444093133127
3.3138706533796394,15.131882337597661,0.8571129372493297,2.2993482318797556,1.8911712184897773,4.891414676299547,normal,-12.322630416734967
18.351657864630816,20.052814026445322,7.196366193783091,7.480046168300365,-0.06580258938105367,36.74342691296902,flood,-1.9049205169317578
23.798382090676522,25.795452167492225,10.791072335861577,3.73059008345617,0.30321290274910023,28.835591606578692,flood,-0.5242452189339052
19.348314605593025,23.617079238461116,9.595517284655546,9.477272251385106,0.9817950998613677,59.10205444440864,flood,-4.670977709994274
21.035543295840323,2.3322916731227727,9.167509180221549,-1.2142424538907397,2.900069870565826,6.209437414125637,blockage,17.69390587548631
2.9791040813583094,7.639225829027806,1.5856328843565808,1.0946712084442374,0.8164002003314728,2.4431023403372407,normal,-4.7900827984593946
28.23144829371094,28.748039248513944,5.360825474704436,7.9880501260301315,1.0465396099480626,27.91061814096882,flood,0.5528867680089962
31.443499621163422,30.163575568795892,11.821421028277367,10.487350927699682,1.5723780478801148,32.38627128184881,flood,0.19206642136858082
0.7099540081972032,5.0744996639949225,-0.26143489914938606,0.15644158251976015,0.8338364641698173,-0.902331494035572,normal,-3.622599297253539
3.0216897059323085,8.88307807570989,0.2536005871873045,0.5702461723207224,-0.003914436114821263,1.8987498485484418,normal,-4.828975408715818
6.362794415064052,11.767531484800468,0.22428476198795705,1.5170750603716892,-0.18301752340121527,5.164622712796366,normal,-7.1307758172812585
14.480884605541188,11.861832564648958,0.9801316035810711,0.7702383444911393,1.186247213014563,0.47728753182970163,normal,3.393132810751715
12.417821060018372,5.416054138704132,0.6158340767031132,1.9968026478915952,0.16179175294043702,0.6064093924433966,normal,7.230840268463511
29.701993111786106,3.362075989288107,17.943366809068756,-0.4004127381450527,1.0546040815038977,12.322485853933774,blockage,25.380483932732453
12.703895244097504,5.76722451762315,0.8776653750756244,1.2642990721815552,0.18679531315120257,3.2219868025579013,normal,7.759951196476316
30.562781554090883,6.273235544597146,11.632222095538816,-0.3044960415226695,1.973072005931462,16.92628131219043,blockage,23.90720794658615
8.24653746491865,7.117020353928064,0.8520597564198087,1.9277078964250571,0.30318613911782427,5.01224405939009,normal,0.9222397232228841
19.588853942061426,19.30854570006787,10.53141943706279,2.8510357172416554,0.22167629246415643,54.753441695420825,flood,1.0226366075885531
24.816039427842945,9.0039747571669,13.290153088357066,-0.5730383470445645,2.114189489873453,17.81445166111429,blockage,14.724091768114917
16.535314263376996,24.28066188870671,10.063433399670776,4.001068086049201,0.6845677747966952,27.95818161498784,flood,-7.035389155443771
1.5565547574804468,2.824739274004055,0.7563329843768183,1.7761744606140206,-0.3358936611583432,4.582232337815849,normal,-1.6332109478949524
1.6555081322750473,8.442021985626846,1.5716298614046205,0.3243708798421264,0.10701251292034948,2.399042486272813,normal,-5.417130609000884
32.50175843703101,32.5984370913297,8.403068466229584,6.958019501707991,3.4765995592535957,63.01336708373338,flood,-0.49891155812725674
4.490985948013653,1.5317081690957282,2.6316059457542487,1.33264699743388,0.6667933430295291,1.114110915590241,normal,2.181177717563789
10.14318267727039,8.058869856171633,-0.32330920939704594,0.5688934422976605,-0.3789640640344243,3.1125106226128167,normal,2.0454243191785686
25.584464524662028,27.958482538991138,6.676698168097965,5.864710343573205,1.1077447482944547,55.2383525190725,flood,-0.9012708802301942
11.751672320213512,7.979197365264717,2.0462315309028822,1.2474616085075647,0.4913638652686348,0.021353254990681136,normal,4.732415727926679
29.750356465440646,2.371592803818703,15.210541323493578,0.2524952008037809,0.06495794885452555,11.416578253971586,blockage,26.142087560531063
8.6953389841749,2.849690525635076,1.1003479347594358,0.09289737002311504,-0.27066493615058057,4.207910918372236,normal,7.5934950226173115
11.190454477360312,12.73111898394646,0.9889037604003935,0.14039159679315755,1.0649428123321798,4.655245063088074,normal,0.3026748624586918
28.27651620698557,29.253324893459848,6.3504587556667955,10.115029535571074,1.4061417812651267,65.40117826279186,flood,-2.943695880582206
21.622023766458266,9.888354943530834,19.535353502457998,0.3284280874678147,-0.9987909872084809,21.6740430973341,blockage,13.299760974712491
11.956839017716794,2.533193467613298,0.6383360843935344,1.966873763913287,-0.6943730307050129,0.6295922879218558,normal,10.013094246321039
27.07781290138706,20.177501903938467,9.468599187465172,7.639205635230789,-0.9004521723321977,43.87382376863584,flood,6.069763368065777
9.914426220414928,11.067901147599533,0.09472718343055546,0.8352676273850318,2.7398909831432006,2.924114744695659,normal,-2.144762686458655
10.839911663725822,10.831920221840312,1.2665757442270156,0.47852531653266134,1.2537890768842685,2.826429906777038,normal,-0.5793391565832181
21.950893845681467,19.82452143956394,6.826127208610494,7.453875662032336,2.0252484953131336,56.12705850195185,flood,1.6884483546932796
33.79268166547113,5.83721388692455,19.16667366915256,0.7663595777521796,1.7961412284079978,8.640543600782522,blockage,27.4434935258936
23.624981732483718,7.374941461833587,12.360985287715327,0.4289159433973499,1.0372354617007398,25.72487866931124,blockage,15.894571206925457
14.385624864591321,11.659364513226409,0.5877218056963017,1.4058628136799198,0.09692034285759703,0.14228691048183462,normal,2.120798542897222
7.394264806657801,3.0798775634732896,2.9009713066269196,0.4867895299348908,0.2218719068438098,3.6051753318325797,normal,3.7121141152525
28.469970424819834,27.050538310115115,11.654382804761573,7.248150491759728,2.551332815418209,64.47702145601255,flood,-1.4399378406136547
8.36354969065649,11.58886237018455,1.2936400801680898,0.5517839197524423,0.029418479060055753,0.8233207297050174,normal,-2.951346356808495
13.183078819041196,13.373653748447307,1.3321880546280065,2.495323319574464,3.14942878614938,4.51571602491119,normal,-1.4109220644507001
34.94636804642679,8.978493934343442,9.646062116281508,-0.2054438190524132,1.558414058229117,24.648039845060627,blockage,26.319292145300896
10.02372881465774,10.934359923692355,1.5598803771596539,1.2434700932487377,-0.2795587419437301,5.367358546906656,normal,1.1096506884535309
7.712721789364916,15.466392974873374,0.4654118191616457,1.8821634948584927,1.3045026429750455,0.9839870973637034,normal,-6.948718907858838
33.96643132324766,1.0400698042542937,18.082622618512076,0.44997868807118907,0.25972554148509297,19.866647500882518,blockage,32.775029906296936
9.61850286859557,14.366749125165798,0.19547394714516586,2.1152865999048522,0.038373919448277664,2.78605000864546,normal,-5.160909820163019
10.585626998973309,15.210102177971955,0.4452848978403458,2.3805387143596395,0.7745463725112434,4.287546690567251,normal,-4.199705225694275
26.13959389153115,34.56420080933736,8.7014704161508,8.268525493162322,1.595446870277001,32.172379040026854,flood,-8.852051874656164
27.37620626328031,29.193202608796756,9.416026051730793,4.640372062320153,2.972096664095505,69.93480954830822,flood,-1.2577823848259184
31.743769252730512,24.781371374381077,6.032679824230452,11.206684045413143,2.8685377271883556,79.44440988347054,flood,5.687661582509056
20.957975763461636,18.642305869940586,11.295482702680744,6.7191080766141695,0.6624916299503603,35.598946050846486,flood,1.1795242364098066
30.011525959900816,33.234101721953216,5.7653626721162565,12.512243634553545,3.7989394431118972,44.62917463614666,flood,-1.3585120240811162
35.81023007752517,9.940673387942816,17.256933492536426,1.1519998863592174,-0.21708988202239013,27.18069607884642,blockage,25.759491629098278
11.092585497615017,14.93440443553891,0.6256016927253276,0.0464895841685683,1.5673322484305596,0.5333407702600351,normal,-3.399859198463635
10.020790393520338,10.045647144590971,0.2621031951690238,1.7851480326379843,0.31517240636141486,3.8784415650147768,normal,-0.6250976732683782
34.70442788379298,26.08674882030103,4.876740985472597,7.57061100833691,0.8026212328955502,48.34212482790129,flood,9.729980613061533
4.437832168912462,14.780988081031422,1.7726340562685121,1.364828291335672,-0.2604021984705048,2.7568342698922472,normal,-10.012937136617818
8.403441118334205,0.9802513142912832,0.44575292013940304,0.2680502816133069,-0.5571721459472745,4.6479397288982645,normal,7.595288063335066
4.530527552448046,11.714480386324771,1.5075149411639364,1.3362800438411697,0.4567348821082628,2.106857926458329,normal,-7.2487559720080075
14.399180213725604,1.8812925197275736,0.5418010479208649,0.9372477429034489,0.7602195699256815,3.498269911261211,normal,10.454457119314018
10.389129696367663,2.1948020544001317,1.5647537321782994,1.791045947994204,0.7897030120171896,3.689080510078685,normal,8.686988838489706
9.490487996704104,3.854833382482729,2.6441660016822355,0.9293592200176551,0.9616784095155343,1.7159015953270098,normal,5.14456263738832
17.253618321029766,27.80728406401685,7.7127560834314846,3.6537106652931444,1.4152315137526144,39.07997147861143,flood,-9.978645362973742
16.231474093107703,18.204090530340522,8.519288872377164,7.758151598173536,0.9229774242312442,44.94764034612655,flood,-1.3923957529381308
2.431344939115643,1.1472427008467454,1.8798929540180227,1.3631305100254063,0.6728618762669858,1.1565605198198516,normal,0.04488029441652519
12.7898104172462,3.17621319394563,2.471925138636849,2.106719563306482,0.5072373548415767,3.1784575721228596,normal,9.682795279622518
13.686454553793835,11.678123376080588,1.553524581619681,0.578771237733495,-0.7254303788010398,4.424233151616768,normal,1.9990774481538722
8.823593753592904,2.0512684423891194,1.6380041532639653,-0.15753168176128496,1.0487211272558308,2.6235746626388052,normal,6.422961432934917
6.178644827590814,2.7170900306207084,1.3309120190791204,0.3110736138206843,0.9073966678036448,1.1085973884790792,normal,3.7451916957006555
1.1282002830311295,9.231026753345164,2.19322015020465,-0.6360931546615699,0.3998785559719741,0.6620227291837981,normal,-7.151790448548532
6.055971850326713,10.74016030982239,-0.5163876015526953,0.7727926715287815,0.05884729525884583,4.045223198851623,normal,-5.802800648617188
7.207619689985925,7.615317186072837,1.2266713058811232,0.8117954527960555,0.2930276354347521,3.6022855677389045,normal,0.2931072250227609
7.018603899761815,1.0612537157763868,0.905036438394827,2.0536702769696387,-0.4590162264844207,2.945104713614843,normal,5.250994752580167
30.528315250019094,33.776080620640414,7.314125902593233,8.160688948388382,3.925504809440212,52.535615706380845,flood,-5.220759457940199
8.210828219857742,6.404748422121294,1.2451320076889778,-0.47014106413555734,0.1633910730927946,1.4489173879653465,normal,0.19696358048171192
17.199493947449444,28.473583935996814,10.611798173726907,3.1506684466413226,1.2012884214463297,34.56557225655829,flood,-10.982370541193575
8.271437193128552,8.284491014665297,0.633506599039012,0.583977488462694,-0.03533844231590889,0.7234890228334603,normal,1.0284948380940473
6.774081710622247,8.745280517794702,2.243371903554035,1.9561301757255887,0.18637534653043883,4.056949493288066,normal,-3.4874616743646536
31.341659270537395,25.076086392573128,8.717000355622755,7.9185781069631265,1.196626367202564,38.632643024000295,flood,6.93200166092136
4.363741721496115,7.802478496778786,0.6980109593788899,1.211922067871991,0.4807432932535554,0.42462978406529717,normal,-3.4215067744799708
2.6685557758698577,1.1482858683192991,0.2961905234395736,0.4320998032165407,1.1625641477396913,1.5914537196910319,normal,1.5950896296523716
12.729930047687935,13.33119009205699,1.495572838186322,0.24923961025339192,0.1123957700673098,3.4921697744861295,normal,-0.2477142345586394
8.336827471703314,4.017013660256671,1.624615962501737,1.4159581541664334,1.2410624250774775,3.1017287015178603,normal,2.6495301171031858
7.735017524599059,1.700262067208895,0.4677601209597868,-0.3280633115535058,0.572216250104971,2.0030791920280357,normal,6.511671505960261
7.22225989535676,14.587127821984067,1.1903459425402818,1.6025669026769647,-0.2577904663569461,5.167225855257345,normal,-6.146028400742253
10.627322704666035,8.14545399018647,0.5986978192279411,0.5324521071087198,2.1353126369682505,0.8653451417367611,normal,3.292832380538512
23.681461539646847,26.118435385067713,9.026417073747416,4.039742810327507,0.7586026965576458,47.05571032205878,flood,-4.754410245547767
19.366612044506677,24.761101595505934,7.439092286503987,9.799190234452176,-0.2868438250791862,21.599121168369482,flood,-4.737330785919909
28.719800029637284,20.682903537813846,9.555849834625466,8.026491631258713,0.4015171318469797,35.660460672246224,flood,9.960522000622728
8.074623990359523,2.564169582353033,0.4308199480296684,0.9387307423509559,-0.23486244631611292,2.701657804953064,normal,4.332673872512069
15.556514372026845,6.68892514210048,1.5930200001736625,-0.024474443902506193,-0.01790380977334813,4.758792224268674,normal,9.656772565230364
34.005731004834416,9.128337288325625,13.257402936247173,1.0944744314993735,0.22807739887623524,6.4343204708558925,blockage,26.46357130705166
10.576562465860182,11.1243052590545,0.4231651261246611,1.1748867453335314,0.20760291173248174,2.2333273745202136,normal,-0.8389370680429334
5.3634541864854315,4.471505329356273,1.9037940298432383,1.9022326043203772,-0.5502137941358279,3.466811091186166,normal,1.8053103853542654
31.20699678935486,3.035091994817167,11.615481858883658,0.18286095795999824,0.5836220563743149,17.49091872206233,blockage,27.84950151023579
12.568311970069313,6.523086438009368,0.7424683203754121,2.2595084941549386,1.6277665052207175,1.2716524573919128,normal,8.291732827243235
25.478182925001246,19.034081377958756,10.731452262244286,7.696836863831644,1.4274848842002794,43.02179236020544,flood,6.320852748512756
1.5117655587251881,6.384265790050176,0.09058415884703636,2.045844391293018,0.22436494475332547,0.04932741365862947,normal,-4.611441124364665
10.776761517598409,7.778759351305954,0.6466585282914183,1.3321457684989415,-1.0697192608016328,1.8892056995268076,normal,3.1233893247215563
10.936100289383317,5.121623672725094,0.3791175894883676,1.0509306270496137,0.49789468500710454,0.27133055290259706,normal,6.568298187754429
8.420695748326436,12.128447242485137,-0.4100186015331376,0.567751410117395,-0.06661002825354208,1.9064953849393242,normal,-3.6854125648758225
14.571569569004785,12.64504049602249,0.8820249654734035,1.642333306587841,0.09494483052659014,2.0764116568114166,normal,1.3223344362216525
31.539683424651294,6.002357920280496,20.444096589531217,-0.16978960371167248,0.6920705604963514,28.997424809042982,blockage,24.913558487472674
33.68474078456544,4.826236665402265,10.665120536770381,-0.49201312888489956,1.2140204392398786,5.501972409613788,blockage,29.61655180558629
5.140265607366954,5.827477887840694,1.847492994465684,2.526450175964457,-0.6931920810201875,0.8953906430610072,normal,-1.222826844264302
10.345800613570885,9.294467304535997,1.2696597298720094,2.185326010827839,0.5694328784269944,1.834669575815109,normal,1.1316049743121197
26.211230877565583,33.16461684048812,10.732378427838913,6.648109083991624,1.543517975527546,77.78724745769523,flood,-5.946046623163674
23.00088784572749,20.015723347597177,10.283789791872383,8.007168623668976,-0.45718657986154077,24.595751401735892,flood,3.162116111982052
24.003235751636254,3.7863955167466536,7.685135391075688,0.03221919359447911,0.010390520449318544,19.24093345971032,blockage,20.972998181414177
5.627318828307835,8.297601288278395,0.601438647136773,1.3918610572502048,-0.9147721833793261,0.5393032373927207,normal,-2.0327144063376466
27.1077673177077,22.24213741445452,11.18891419787719,7.751960429658601,-0.019831366569001644,44.86852158499946,flood,5.169510707639796
3.1407563175370656,3.6319530288065573,0.4225531258192138,0.21095267026886047,-0.09120685805853841,1.7149071005652718,normal,-0.5141816344297592
9.495296877682124,11.912124914754022,2.8169923468302147,1.2643117131215753,0.1984317526229007,2.6443078763207986,normal,-2.130245645506088
24.856259759080807,32.745142676159524,11.205114854355525,7.968546093782173,3.3659262453689034,41.41463582716349,flood,-8.791223156412668
5.312394171170176,7.559495327994342,1.579500593634895,2.211670695824483,1.6278255272752538,2.9116028358867427,normal,-3.4030666028181997
23.129457743518753,2.6726928266301337,10.189249793362347,0.21097423678785582,3.4656762021818954,1.1651595965422399,blockage,21.376936115243446
35.51851739606772,5.687222556498056,20.073503467260135,0.37328808278740433,2.2411436324463367,30.0978529826548,blockage,29.10291933977418
25.629389040607727,0.8691830330072506,13.26639795177486,-0.6322489634003443,1.6887578666622938,4.686952071021657,blockage,24.06825535326972
7.452486448093786,12.047206846891408,1.5598460866849209,0.5256124114383344,0.26887037466803104,3.072634716224942,normal,-3.815320497667792
21.19194701069783,3.303799726117484,13.146337668848714,0.5352077063556646,1.941854142058328,13.237856044104479,blockage,18.647774615939355
16.63434075459754,22.766220010513802,9.554803900541357,3.603222835382377,0.10786435427865805,58.68699668978372,flood,-4.749158805935646
4.46902802357732,1.556980652701756,-0.05890819903455762,1.622249449262637,2.2499598875897315,1.5678293327283825,normal,2.1400314577701742
28.83873842236998,23.311179479737394,5.378704078868361,7.153485953718149,0.3763571729114515,36.03108686804425,flood,3.7178540321749782
34.32355228918057,33.89869163810996,9.20533387634867,5.357640876932947,3.861244614072362,55.96341286679811,flood,0.3125571471535796
8.432388597747893,1.1997185465622326,0.5962392161226373,1.0875037498601319,-0.06843425383633327,2.349731929433563,normal,8.137971621866258
7.215550914659043,7.155092822886042,0.668240620686952,0.9180274698165042,0.4816614600969337,0.8910332386607143,normal,0.09161523940986921
29.882600325539244,27.7111768885618,4.533645550798418,7.712815481096203,-0.40530607292504167,33.684256663334274,flood,3.0969312329541943
6.6850460863035694,14.147703261922357,-0.3564799274553077,1.3196580856641966,1.8048140133798367,1.0793652490494794,normal,-6.394107260479875
28.702245152689592,7.190702987467901,18.16699476855703,-0.5526394140830775,2.915532845638795,26.11169694089887,blockage,22.323509720058595
7.0339986627711415,6.844533074759564,0.6404614259919054,1.1694396301818002,-0.6424719915129308,0.31266766548942226,normal,-1.2830549885194027
2.9469556319791725,11.306298762321793,1.4815555301956205,0.5536960401387496,-0.41967033982710383,3.8862170984060933,normal,-9.572975457672342
2.2314430359640243,6.133397704050755,1.4971915722529656,3.0353028103277735,-0.1258089878967584,1.9729742269497836,normal,-3.6737346026135453
21.183074769423047,17.216269133927455,9.257670906423304,4.554543688458398,-0.35581473855098905,48.08550428295085,flood,5.182208501644691
20.362140560388625,5.837551681261379,15.391883917652246,0.7035357557129519,2.225294002984316,23.257562396237155,blockage,15.46621271956811
10.004218651064187,5.6228165405762525,1.2669779178378535,1.1080871276520292,1.8369783254538672,3.0284081750750036,normal,3.535752046602142
19.738412228601742,7.232149891215654,16.501183019426314,-0.028378616440516202,2.712046461415525,24.438202664274993,blockage,14.33304247054496
11.614201973434142,1.8179029698508273,0.921461005391705,0.313489868432014,0.3796386784990556,3.085052453190352,normal,10.528066912205917
10.061357037413002,3.431129037128615,0.3608163390593283,0.8733358253093662,0.11085114629282669,0.5899016400735211,normal,6.491599074280169
1.8724642925514141,11.241840641137426,0.8849244143537225,1.4852973773746183,0.41269050260761814,4.705109209824321,normal,-10.24978690136304
21.69416601793029,4.564272459606714,6.927045803726244,0.9437466715249102,-0.43618439678169124,13.819828631314968,blockage,18.215076737444214
12.508070119587652,12.700770032882307,1.8989200254196494,0.6374068690351007,0.02084272722139541,1.3747185901158139,normal,-0.8253941206093003
14.039382650901155,8.680287344610491,1.6041404841803026,1.920352932614348,-0.3133342780571057,-0.04831347173404377,normal,5.6582825950715865
30.569861193518523,8.752991684068373,17.10620293917934,0.6943912713721062,-0.47621461913578383,2.621775854067322,blockage,22.918894360718816
1.792677312011834,5.595387484865232,1.862012585744202,0.8312733083013927,0.9399337963805665,4.076832132052726,normal,-3.558731074908025
7.043687516454227,12.047287991489508,0.683336060279633,0.7746879580367618,1.2390866601633992,3.3006743043442093,normal,-6.199439994089359
13.176089001232622,9.84840008981909,-0.09055589476119386,-0.04439933210927044,0.028105774152369846,0.28555392266547514,normal,1.911149315682597
12.692723093039545,11.218235884270738,1.8446331726668275,0.41153519573996655,-0.22938264514779327,3.3153927332933097,normal,-0.14668450724360627
33.28979559246578,6.668960308721253,6.678014567843697,-0.056791408068554206,3.3426486790662433,14.333353143624391,blockage,25.873675214208408
25.255666900663993,2.8753801206548975,20.577600506231118,-0.4538458255293982,1.8625629722520443,22.934049448859483,blockage,22.477892746592776
7.272116926768177,8.987227422462501,0.5960976071174323,1.0939852878955654,1.896324534940458,0.22411809492114285,normal,-1.196378732882279
35.23674280692196,34.35091190852231,10.642259329955728,9.528023316077693,2.553564857303357,37.20069412465525,flood,0.20796539984415544
8.36587074713642,14.370587614527587,0.4906117851482203,0.6617278594744425,0.3612875700866215,3.755182856218942,normal,-7.121834269466323
9.482148155922157,6.894809563738409,-0.009551658090655168,2.1319844700980086,0.34783323169195907,1.8951127612549583,normal,4.277904934586307
27.277418334180723,33.931366417822915,11.51376583367843,7.109154339321771,1.249976029827891,41.699702130758915,flood,-7.2442694384797335
35.195703179334636,6.747409717922744,14.30225591121366,-0.8788609737037474,2.6065150475720924,18.68250256784828,blockage,28.00372700250788
5.708649268572959,1.9508974263617094,0.9143482395614737,0.962538816614463,3.0075416831196624,4.721259267249586,normal,3.2535014148626455
7.064961456853568,13.798030409412501,2.103746796289827,1.865651193281846,-0.19696980712986079,1.4483626477024232,normal,-6.5786091197858205
9.84233182997792,4.104079538395409,1.3278670018714993,1.9079408154280135,0.24512924326663127,0.6858056596302026,normal,4.638341185751214
12.769377092035338,1.6585137221842514,1.4428678931047108,1.0167965881539054,0.10995930256378497,3.9330823501202463,normal,10.396473296327164
10.313212503751252,5.634100532953552,1.2400848162715312,0.38256885073852237,-0.7503325550096253,5.222032030131717,normal,5.065765127845751
17.11896537092785,28.37348073872044,11.523624907697629,10.011142244744237,1.181819821987331,41.4358044295427,flood,-11.594625754440347
28.51282597316655,4.890974772350496,11.639653495615276,-0.7297340513041283,3.8802323142335347,11.647677257741135,blockage,23.086097623639123
32.69948007896422,32.895681660504785,11.726973329851454,7.602060323321068,3.180672237383297,65.67264169192948,flood,-0.7247651242522734
0.7930040905321822,5.347756669176897,-0.27086824200352966,-0.22823160722472907,0.5438362249894192,0.35867026345912795,normal,-4.185728638920824
28.44269796455157,2.020105494409796,9.346557895041578,-0.450829349243877,1.1936917915312144,24.5057382385411,blockage,27.542423073050987
27.843722383410075,24.668505022442467,12.056305026718498,6.527305596460427,0.15147616602610603,49.2002524548235,flood,2.95447382453619
21.95590683640754,9.199165563341916,19.187589571052175,0.63760370190976,1.7563056851302212,20.182863413544904,blockage,13.025740404181528
4.378708541091071,0.9512266304313101,2.2292639363893327,-0.21167079862178406,0.875250310606696,1.7969889119697535,normal,4.798962247054343
32.385005739792184,29.932477462865467,7.962659772237152,10.7687850056971,3.11301193458581,34.59773184067903,flood,2.3128823549324395
12.89834118132983,9.968893542918227,1.882377494695801,1.7380415932592073,1.760261035815852,2.997660862880515,normal,2.0418435897865375
9.594888144708234,3.3332398438868887,1.4905978219779197,0.6852753565257216,0.6984382421777648,3.9545308666544763,normal,6.1015439478715985
26.794943385338915,22.451214147502604,6.352175929072512,4.262479007182016,-0.15929471353178903,41.021391753500026,flood,3.665018404996643
2.1573644875652445,10.040175827594021,1.8534698947387267,1.89350679750412,0.054934936280261734,2.157165212911215,normal,-7.887893550092321
11.359783408501388,4.245759638741593,0.3837916266836319,1.1053934978188082,1.2658373151329496,2.048253042130427,normal,7.650561596597607
4.096140901769388,6.8781095108072074,0.5686766661212483,1.0682880731108286,1.2895425894515071,3.0360791809645407,normal,-3.176040307598419
24.699479867182273,19.296026391522524,11.316948017294543,4.415955381807176,0.7479674051323315,33.48041349668307,flood,5.523945208836043
31.059515011665383,3.888065192577226,9.731358252197502,-0.3417991659687183,-0.24461001860462533,18.651387578160147,blockage,27.48961751194766
7.72646070713438,14.494959459192856,1.1954268118255253,0.32064717403937937,0.012644080712345336,2.662750483295229,normal,-5.5442082859727275
32.636700609106605,8.29608389892659,18.08572431526879,-1.410916466838537,-0.486801990422983,9.820383651676531,blockage,24.78809683872264
29.87123672024385,23.594890414122688,6.1643413648166545,3.0935131651306107,0.567739654323903,47.274911252315654,flood,6.59323045779896
22.316517572711223,21.597927407684285,7.0523992539950315,7.08816596312902,0.3827622812157725,29.844016637392613,flood,1.9056564021975482
31.558256321435486,29.911033024959693,6.305419248151714,8.634313714818543,1.1066789412859661,48.42089855633608,flood,0.6442022610920335
4.630641009365196,10.743640821357967,1.6139995363159794,2.628444540157137,1.409057955042856,0.732686018480971,normal,-6.41514397058897
33.70736118219726,31.235013715706035,14.39788348698601,11.472823247363308,2.422098463545694,75.71688651883034,flood,1.5400570365029442
4.033093953145528,14.265403158463018,1.795280909894399,1.7650506939640955,0.3228155335880218,-0.18398111481499868,normal,-10.481535744294186
26.738232992775686,0.7776389077177193,9.630531005869582,-0.1481505913134918,2.569307131389539,23.13420480655944,blockage,23.069769493983333
28.247476830627733,7.713281827061336,9.795590248554017,-0.8571543432044393,2.9653831053599093,18.394011897946598,blockage,21.38881992315872
19.926983638078735,27.137259997745822,4.2412089940333555,6.445404560516372,0.552572819991386,55.03349624074416,flood,-7.021599970119917
19.507715772682825,18.576149386370695,9.908645570053574,6.723214491729951,1.2282809284349299,39.0419362033229,flood,2.517933347742643
2.6242854716507926,13.579877741135704,0.9798141939693666,1.6019883617044086,-0.04036734777218204,3.399658744733843,normal,-10.030606627643321
8.55790659091911,10.990456374881278,1.703921858941256,2.3511096102750786,0.3374011665869849,3.845810901661715,normal,-1.9043458090720953
32.89895438506988,2.0058757116520347,13.915026918846142,1.4723080877363866,2.6298250609887703,2.7159010714585508,blockage,31.188788663653817
8.49511951927193,8.887020565043864,1.0288888271349312,0.7334411269660512,-0.20593571533895885,4.413667787497127,normal,0.9438517134163233
26.545625823488237,34.02018536712699,6.9556511655325775,5.412099001087245,1.3686541485287405,69.19879704017119,flood,-8.699932161220763
33.71283038149115,34.9332871258752,10.415981624641123,5.8205968398314,0.8613392501508594,67.32665368006857,flood,-2.165861540528632
8.042219537110803,8.505808686292639,0.3383696538046169,1.3349031914031324,-0.757406812350602,3.9138902291519013,normal,-0.29418953132042214
3.4525059834832206,9.839615487243364,-0.8662080218293701,1.7007887847491343,-0.45899078266901727,5.4600690765694715,normal,-6.306358868925343
10.290775683280959,3.9233574600176504,1.471543271961853,1.8146497266182418,0.06348512869214341,-0.21169530731928635,normal,6.5817090610446565
8.906020112544084,2.7483181492618005,2.4852417948908894,0.7197309468803023,-0.42501984226656525,3.5661990392890557,normal,4.582450641119987
14.125639321429837,1.1934607257920158,2.2047893408771757,1.1788905348236778,-0.34901376357912595,2.074439390785234,normal,10.85333931323311
8.465694091434823,6.43669926449393,1.2275465904278535,1.5511604340117244,0.2732043735205945,2.4698400365489936,normal,1.3615060869245013
30.978857286728193,4.40611027319555,13.968328707381996,-0.5812202966380733,0.17896789913703828,5.277965300530241,blockage,26.044419355723832
30.060275432714587,5.9776368191970395,18.04994530663097,0.06575297255498624,-0.238472133979949,24.416650634889844,blockage,25.314393999573262
7.130323957260282,8.944285322378082,0.36189008051885174,1.222579172629378,-0.22237492262846803,1.8826301884288323,normal,-4.26467911369394
33.0339064443607,27.299805384658036,5.017223485831856,9.537121472517576,0.8870843978332449,75.27814149296417,flood,6.170454848692992
33.482064890546376,30.552578404808013,10.656335495308129,8.577552207002269,0.4207619661909132,49.62459454226514,flood,3.6761560926000696
14.425214654832653,2.052976985234286,1.4345132158036176,0.8420877189766474,1.905480075412977,2.8133669921909226,normal,10.953742253404043
3.5802052110664917,10.92253782293378,-0.2289290360599635,0.2518119858336854,-0.4762334873037092,5.358776041459701,normal,-7.416418340603919
14.235079697244585,4.030219718121741,0.9162343008211311,0.5546074052823013,-0.2859262853371595,2.584242503596072,normal,9.800921833777988
5.9275015087049,11.779551734806851,0.397697698511271,0.4254977587082014,-0.5348887667970345,4.943644815327435,normal,-5.820051132508223
26.110316009963984,27.32552765914031,10.101038057852511,7.519920062880301,1.3287752184261987,43.28115420868283,flood,-2.5858450289740325
2.826087215766643,9.030355256604267,1.4544752305219775,2.0836314358565136,0.8313774313828604,4.789867502498187,normal,-8.352452917067708
13.265230826039565,10.451406962175641,1.4969100292019766,2.0109650018494802,0.24001349970196856,0.8409886442568862,normal,3.319291955992838
25.915111884190615,28.337807824708428,11.626971790202369,7.7100160368855155,1.1211187142393926,50.12476210389822,flood,-3.012869222065657
5.307564630649576,13.864759025176959,0.34059238545768455,0.7460899358276936,1.8197255260233502,1.9409830868530227,normal,-8.911353006527099
2.431709543604207,7.241048255033152,1.6757011593545172,1.136793334505007,0.8716404155695273,0.6612953603723051,normal,-5.537930062693932
3.4355758017112725,3.249111081721129,0.7265928937196122,1.2212047530196863,0.9328023900475603,2.488906571362991,normal,-1.1603036585648152
9.132998637865818,4.1136894983204835,1.81356709197986,1.1194730000411521,-0.1186757169987392,0.9216757353851313,normal,4.727592387502958
6.93192246330695,11.735155589215427,1.5177850189163706,0.0482408017283825,-0.9690114556370459,3.3655157629615826,normal,-4.2526269023922305
26.13332659632129,4.774581472767885,13.621086498796865,-1.2506547238570085,-0.11869401192310898,27.435433302506414,blockage,21.216804264759453
28.707138017533577,1.5763348321217658,19.50863842311621,0.16944066623119158,-0.41188722262897803,21.91841853694292,blockage,26.016767393883928
28.88757871765858,3.985724357119625,8.731603772142371,-0.3659539895029902,2.246632044916,6.842686688090566,blockage,26.05521519354565
1.7038331257428387,6.467595116117559,1.5138127596004232,0.589154645876198,1.5566253791858888,1.7758567765936464,normal,-5.26897146208273
21.334279861613368,25.015055338161837,10.470326158375611,6.170250043350166,0.9885101804400175,31.333029392744333,flood,-4.240163868028539
20.951612156771777,26.933158699246658,7.888957037708827,9.614509557500092,0.5019343112955087,45.42604463807269,flood,-5.420898803843465
12.919485776884578,7.2071848740038895,0.8491669296418927,0.8617105564125327,0.6559992213748032,3.6518135259853826,normal,5.308934056916485
34.918117181461824,30.0439344319404,8.602294637084315,5.273938420772972,1.1357546444068682,58.36324763000135,flood,4.057746094070467
29.46132457422563,7.517280497244043,7.191992784269947,0.19711999857346846,-0.38540660773013546,3.8470615923402054,blockage,22.03977349703907
6.191584732172844,2.1680872184114057,1.8752481483721533,0.8363198007139544,0.053783853653412,1.3533822714325052,normal,4.387244558497718
11.83129521014314,4.5313902480541595,0.793574751632735,2.3748236426257883,0.031976847192376034,2.8242262454696228,normal,6.854811968343949
2.5312647115771023,9.221509737274452,1.469551309162917,1.7995393727857394,-0.7118880189656355,1.2082724779306877,normal,-6.89863588461874
4.116186389541961,5.975177976360359,0.07498955627688311,0.4063399390964541,-0.6093417144117428,0.05994523530873447,normal,-3.16992782837589
1.9052931484341664,9.93248427908779,0.0682703014327668,1.0977816797844084,1.5381551786663608,3.5474409730968564,normal,-8.096367834569346
13.587996293101678,4.488292289949116,0.6505871126994434,2.6131857938348926,0.08146025140573006,-0.2261386454257277,normal,9.213951863831632
34.4147531584319,6.511478931557324,8.30628708138316,-0.33698629928079504,1.2172093000761284,21.681799120565923,blockage,28.06542648265108
25.236311813998526,27.277127794123928,13.57775434929232,5.191122749533581,1.068814587907282,55.055998769996336,flood,-2.0682238905891976
32.237465709539514,28.139506069702495,14.679240170261606,8.221496503482722,2.458357157197429,65.62842281429496,flood,4.068755788240841
21.541301064498448,2.701769938596851,14.359425475321968,-1.2190230143659808,0.3969472200538404,28.38948313346101,blockage,19.240862020760005
28.45365711941387,6.396226449885075,7.402524394226061,1.2502792043670623,2.0644628304674715,9.487770479334097,blockage,22.186618091940012
11.318019035685154,12.557615782528389,1.4857996363758224,-0.3226329817815017,0.7161020735487617,-0.1926577297201657,normal,-1.929869982515552
20.34466277041991,4.603685622564843,12.476987763315105,0.49457782221849556,0.49462126442714516,12.549272540676878,blockage,16.012118663374718
27.41787573564364,19.760580526112328,10.937903648332494,4.951823128181039,1.0100938540091158,58.07621054702364,flood,8.722855916782594
32.97342123102877,29.004366524629077,13.734868274144846,5.356188668261341,0.6354102462057734,57.42785054538965,flood,4.024179575202861
23.9740751390027,5.202252874404408,18.40490430181862,-0.7924044941023543,0.6055884843497238,11.820310637500928,blockage,19.933043485811005
2.6948028076594053,2.119791228712307,2.244220331516007,0.6304512078565139,0.006879312629417765,4.3186216173133305,normal,-0.8490958427894868
10.974189052055985,7.405311478545314,1.6622524131871053,0.44191045557405495,2.0580717870387986,0.46469982035185703,normal,2.684551241604113
10.491449938921047,1.921847593875327,0.7079333524105306,1.5208873602056807,-0.023124716021185033,3.1813585672473104,normal,9.189781191204764
10.31079158315857,7.9395979493318665,1.8628339407419696,1.6634514253824035,0.6801755824957625,1.745767654770088,normal,1.2887559859369935
24.025787474965156,3.1224605273126116,5.911838586485871,0.12658890901568715,1.5647770518102653,25.341406302807492,blockage,20.934241683224847
34.06326361442616,8.12668641521612,16.066423770574556,-0.49152799935719066,1.5172547832335566,24.35917373843841,blockage,25.46897794720761
11.25624273891272,6.34278186073787,1.7507424140156105,1.2772070331300358,0.46263208697384695,2.218302898883823,normal,5.393485526940315
1.1438450300173404,7.313173351864981,0.37822360704929503,1.8331937781030436,1.082786893489126,4.0916329650523515,normal,-5.248483220215416
27.02735736936891,34.16156775299954,15.176213599896323,8.895387406264305,1.7706911529396356,70.19099742309452,flood,-6.950739501831595
6.838699367133738,10.989515445694959,0.8007022273211992,0.4869127474685779,1.9104707444453648,4.369137517002941,normal,-3.165761024647815
12.654185915546078,1.2382143698726034,1.7177118193617948,0.7341577950515485,-0.974319858532436,2.5929335889881733,normal,12.453650197713602
11.030131962572863,6.333090416291267,-0.22806831833164876,1.023387008779592,1.969186664067279,1.7765586805568914,normal,3.3058931674142396
8.533914970721517,1.2742627006043978,0.9049160588339278,2.1566952657750957,1.4774077090472324,4.364160710370333,normal,7.485326985150653
17.908528806550187,23.506804267513896,7.673833362542807,4.652715589985553,0.5972143706182531,44.73400014333528,flood,-5.082823338800623
2.576464375724098,4.0442534538458315,0.5570304036170894,1.2059489813152517,-0.010713637240543557,4.35507755876934,normal,-2.932200660338925
7.259996996574012,3.1483989899261826,0.41580865219057367,-0.33873163223617964,0.04395781740250356,2.1725102819182727,normal,5.11151570284035
5.954626914398355,9.325514450931632,0.34389486696754656,0.9536111478618157,0.6666951633889864,-0.03139333675691641,normal,-2.1764525730931807
12.960423709990486,13.235461003182204,1.9294895255048907,0.2666583445409535,0.5283231653616909,1.3766511278652986,normal,-0.7689986515322267
26.775430814498446,26.44501512019851,10.232771757962286,9.019319114910063,-0.026290727049321224,41.45246149875105,flood,0.4908907000875306
7.069068741665728,11.379888296471618,0.8191492577265502,0.5434745494910858,-0.4704947849598392,2.3776142325695018,normal,-4.620460912084041
32.88263632508036,27.081139228806467,10.79078029700288,8.212787639188397,1.3056492215883246,78.58647282222451,flood,4.76359005291775
32.86056832871462,28.61557595184872,11.609003911148971,6.947997491375807,3.131339072718294,77.08564443281253,flood,3.1035827962649623
26.537107274661153,20.652401797272873,10.623765517480484,8.096004067589922,1.0320528239936513,54.62596738833261,flood,6.06029355216068
28.76519829194403,25.796881948592887,6.424886912916115,10.21137403783843,0.23687492931669651,54.58511629335456,flood,1.6215044335766668
21.763882402181938,4.7813642577525854,12.014977107963878,-0.8037053805704116,3.478782690013103,20.69442432458469,blockage,16.140128417586002
31.074996498838125,8.247995868855911,11.364519517218959,-0.35869293282844594,0.06619565778493394,3.971575856769175,blockage,22.991384935443403
34.1676477260791,28.13457214040424,9.925334169681587,9.928217068254586,2.7454349385218375,42.14570462251206,flood,5.47308839011516
18.088491008741805,25.753215009682723,6.940794643356912,5.031147547469313,1.0146650427181856,27.568443298979975,flood,-6.6775599770621215
3.282187758516423,8.236371008777423,0.7587116491614323,1.3643173229542067,-0.05221624624733908,5.422097132096809,normal,-4.369045044144638
3.298751256034855,5.679654824611571,-0.06503994626149084,1.3766405426762478,-0.3554950806948376,0.6801359016958364,normal,-2.797663535751827
7.450035699680113,4.323153575759409,1.1220596414729795,1.5334460287764569,0.610122735696001,0.2821015863606604,normal,2.790658730180069
17.272225483984258,23.76751365914467,10.410535550649056,4.360588302361886,0.7704165260780225,52.492256188424015,flood,-7.996907308858732
28.705247895332747,17.096239734733413,4.682024246881681,8.450892618836262,0.16350617914134968,44.41849751759819,flood,13.55901089533994
14.820147817768037,2.617228429223558,-0.5038379265089726,0.5180299672405068,1.4863847069946412,4.402841428330808,normal,10.875630555425822
7.374170253566892,11.37277186172731,0.6465587009992411,1.6201497037070218,0.9174356597813105,2.040052203500226,normal,-2.9161582619917867
13.978277528025302,4.712233303233876,1.8982206783522872,2.2197528132417967,1.1166522137459258,3.8623280773344173,normal,10.310389696466107
8.08545073165959,14.94756697118131,-0.2917416329044258,1.4555751742278302,-0.08395694201774978,4.1446247983134725,normal,-6.718435363231746
14.552242133428674,9.329944234631762,2.6192818817108745,0.5682727319306771,0.5874515629374344,2.538428581098674,normal,3.7634171946580794
14.122614791545988,10.887367389358054,1.4219054779466427,2.108285991200373,0.4188465401432391,4.126526030768115,normal,2.7847928552828036
23.999835443948694,7.99767308920912,5.766734936765482,1.0845680061238687,0.5002134940597037,4.322783807247646,blockage,16.838976093268354
15.12078401514862,13.04206761681715,1.6634280928448049,1.5085592730607453,-0.7213139204666097,3.9872125141085197,normal,0.06939084870553441
2.7844350202423334,10.969999961484746,1.0297297540052666,0.4771025990972976,0.23257193018255456,1.0716639328446842,normal,-8.46234529777637
12.247190193869523,6.191924628834549,0.8257938065399459,1.2275805241154865,0.27463184111151756,1.3329327942126814,normal,8.22486438221642
26.456848590777422,27.51994833793337,9.747426377872198,8.201803465714537,0.2968345422796527,46.88083834252496,flood,-1.7542652489994768
14.370277984118225,6.084994419191074,2.3136305767748637,-0.28185617627750736,-0.21139108566270745,2.2929808470387445,normal,8.305042604616835
5.992614394780533,3.474840629212032,1.60687068272424,0.6056219819638297,1.0090213333191802,5.475793070401262,normal,2.682274163911643
20.969734942837107,4.54276121917732,15.141548461194835,-0.2216792309239457,-0.634515103474612,1.0262798468459338,blockage,15.702875127462372
12.818913023733034,6.9795301774772405,0.005921895409356032,0.3727846622629198,1.568904565638251,4.077191891260563,normal,5.413786997153575
2.897779591420576,4.827040518149985,0.9914061684619585,2.6940835781788866,1.1392371187194583,1.8968184770700192,normal,-0.8994073567224122
20.193882913220715,1.3862488751138948,11.095703553945256,1.482317460587662,2.315472023236466,23.347137342528562,blockage,19.79386441690634
32.79513368231871,31.732630505939554,13.573164575269159,7.3218081310507435,1.4103718321316632,56.40805761948374,flood,2.3731077884313496
15.111987203346319,3.2489262942142476,-0.16704076435929288,0.5345198859008471,-0.16090532303535526,4.073904397412717,normal,12.529712975614146
28.608140572733873,26.74679481579362,4.17838845245572,9.100934530142558,1.8331092031034055,46.53233907153209,flood,0.8681133496323403
29.134944940401205,29.427057787392826,10.677672476792347,11.053099458613726,2.8486372672927347,75.12575803532279,flood,-0.16635998548140946
7.947222195734781,0.36080226870332854,1.5471063172595505,0.6857925980242934,-0.6197677577522679,0.5364779035136328,normal,6.594139223204887
13.945517561326207,1.5476467511207754,0.9149371965791449,0.24214636084950636,0.6979380356506231,1.0902337065686796,normal,12.484515625993001
8.237778167118002,14.817870596338635,-0.42766550811478066,0.9220582085590996,1.25960080093259,1.6239239868081001,normal,-6.3004370935093945
24.439315011331615,19.338267890332357,4.429561475908583,4.2295806015352415,0.4101472127186919,35.908823381519575,flood,4.375488040685525
27.69756782090028,31.92283640260771,6.314302531063711,10.027517534538346,-0.07642672310092391,38.333126034257134,flood,-4.550974945528181
30.8578810736415,30.05732923645846,10.2948889721013,5.048852428397003,2.043086272649477,45.6157884016574,flood,-0.19797124052743809
23.752628707745277,4.02203043159203,16.310366164435617,-0.2736502969375526,2.3093679874996775,28.599886735704693,blockage,20.4241052277181
11.886910911831258,5.416505546792194,1.6873766691217715,0.27582345890542015,0.7112839294479534,3.5826519331580067,normal,6.88414039058351
1.1701449013267333,10.153637369516005,1.3984658056464587,0.7198998446535612,0.9000369445314039,1.0211658911466086,normal,-8.122797872514877
3.956125084799828,9.846250150536884,0.004459746751129923,1.6158428834898468,-0.01006772824553431,2.6575710994721637,normal,-6.315608709437065
34.62527715823907,7.674354312292798,15.280083384432931,-0.568841160648599,-0.22099649718268813,18.515670271674185,blockage,26.936970921406573
25.96210649640164,26.470534713964376,9.963792513109105,9.564159406836934,1.0773788466722032,46.23921730020455,flood,-0.9278807815413531
20.003755004694458,29.642290664644733,8.005951482323292,3.8838395302290962,-0.4387463134707999,21.77004416526054,flood,-9.349060037446057
30.582919869594875,9.586016590185752,16.52967174116829,0.06622397554253756,-0.41275356581305467,20.08327190401042,blockage,20.37680076141563
25.319178818935757,7.227431138118332,6.168474320849805,-0.5931004009173637,-0.5175258952763869,11.664322495902367,blockage,16.524245424955865
31.280577900346188,6.707607420712927,17.710066832582356,1.4458843332645266,1.880386158253432,24.09604289324679,blockage,24.10465281183409
27.684338831745993,29.130513817592192,11.303438330191158,8.964415599914464,0.9610288766793033,71.24022890658583,flood,-1.7188545606705274
19.056505967633893,18.940941657777138,5.434200519148478,3.767235418065025,2.0346719726770823,43.365654420370234,flood,0.16098512193334497
33.101812052637456,29.385537498449768,12.359269764860262,6.657256325016231,-0.08611672850950147,58.58477694203394,flood,3.385448667908758
24.62274647584131,9.319373934023718,7.229130736797824,-1.1991501617808513,1.2536783298419563,23.126437553911405,blockage,14.369198214742115
5.353760542885951,4.528171986830181,0.09433721682722906,2.215884855535473,1.4733282712247275,1.6397162400448906,normal,2.4926201914090282
22.1051188037725,22.626258381815283,3.60592519941639,4.508368329338729,-0.06731027024811319,34.795534377283744,flood,-1.3474437737432916
11.10776974458731,7.630059570748021,1.435113471375506,1.2720041455867148,-0.46876682010574455,3.5997478163741286,normal,3.023644452683699
21.814558135315043,18.928330972388128,7.141639947150902,5.257390442417752,1.3136003343000668,38.34363975802975,flood,2.2379454385255353
28.17529832045258,4.973864192355554,15.469143979246915,-0.3372764190931294,-0.1346707963378233,19.83331161750904,blockage,23.177234466114047
22.79237810057588,23.394438136792214,5.6537143379838355,8.159874507074017,-0.04124330561415484,41.878029111339345,flood,-0.7546902795830159
29.203890976784347,27.01148687456245,9.483591547951217,4.824204645213556,1.4199306132896254,59.223064548252665,flood,3.1621991777732323
12.502367351289397,1.3129130053158615,1.2807131791648716,0.5880373849082665,0.5832009490548978,4.921682709438253,normal,11.800195383264374
26.045240188312423,25.877563309136395,14.183760026086492,8.69620283839472,1.098669395065614,37.76526980024748,flood,-2.0688417177376666
22.609256636512665,5.291070313655178,17.817294664833952,-1.0369830336571422,1.3122407307979365,17.902375672662387,blockage,18.40924452589418
7.569609757636683,10.567984946043808,0.5921925395581451,-0.0036799761151982135,-0.15821129679163354,0.8778082354486603,normal,-3.5405098095207093
26.770225610009884,5.824311022344705,19.431984595225472,0.8814152149384035,3.051089197750093,12.996855614179152,blockage,20.09249845700776
34.828979479226554,9.888916884825006,10.342857195798802,0.30958362817478585,2.6818682343084497,3.7729083800739507,blockage,24.997850243531577
19.610257499645805,24.33045705044584,8.753248027148357,8.526834194791487,-0.48806151012233856,36.97750737987768,flood,-4.96933866549164
14.846434381255918,4.589975456683934,3.017402155778535,1.1321171151170237,0.4926614563419475,1.6821732171963801,normal,10.483265597561745
11.928451415545393,9.328576116010993,1.0343398844305307,0.6779558725348049,-0.6565631009237339,4.363446075593865,normal,2.6777766031156314
2.509365880300034,12.396613865495059,-0.17802123057135838,0.5095838398693011,0.0595585877905409,3.6527203163845603,normal,-9.633583988866164
26.88813634357776,29.102554595372613,9.324629457338192,8.960799877487592,0.3293311429459567,38.39482161340275,flood,-3.329489331146522
27.395344362441133,25.330841472637413,7.862683666798936,10.941530688865218,1.7770909884159578,36.98493087541974,flood,2.1991769892687083
6.8255162035583945,13.42882012610564,1.0673629644742213,1.860031117397397,0.5125986082103076,1.9837656875127756,normal,-6.458306767571835
28.148040167331143,18.765027691741924,10.011407413466678,4.496904322619096,-0.13943473770229967,23.962941631377994,flood,9.69507632625759
2.0241032609355654,1.4948491403656652,1.4694749713401984,0.9368697037656919,-0.4085593810850506,3.5736650248422586,normal,-1.0190524009561805
33.7796229970603,6.0089794239171965,18.857181305294613,0.5121471507708668,0.7460810420151405,3.7520341952119347,blockage,27.35772446190954
14.182933335198621,9.570358193759521,1.1991438282338094,1.1746534063962024,-0.6176541199451996,-0.11052606662708953,normal,4.137903091679121
27.07782061026687,34.33979312779243,11.689031209133946,9.710519095902562,1.561500648410363,48.865720339894736,flood,-8.119912745230987
8.6197721317926,11.810950041834195,0.9825095216985186,0.5743626454642463,-0.21268848415737654,0.6972626157901025,normal,-2.4857889209150925
4.539134157426002,7.151611544653326,1.0446006102812018,1.6727676739404362,0.607417086098948,1.8107961300988011,normal,-3.5421372003081566
6.580493285853626,1.9433638273931146,0.43603459830329483,0.6463646273395879,0.21439423384277395,4.781728063119422,normal,5.144383802704108
2.160438804169353,3.425518804722214,2.1728305580460816,0.060622235193875496,0.1532965150537888,0.49152637190879434,normal,-1.7123220193496256
13.198828833737723,10.048778855797162,0.676551922536653,1.2126029715723283,0.5259818107578408,2.643866314905713,normal,2.592177914221871
4.010838721125891,5.143870166864857,0.36920872723317666,1.6500796573873808,0.3374843419753225,4.575716504140092,normal,-1.6971527302017102
34.32978935577961,5.24727530737721,6.9364060859220364,-0.040316797997924037,1.3858091293827455,25.781181903739352,blockage,29.772007411636803
5.722947416700918,6.193794981019987,1.5525023766790473,1.1580075059885293,0.6182668095059336,-0.2795386342809717,normal,-0.038223209772762584
18.007783410785496,26.52397398890991,6.418361099015941,5.640294635848064,-0.7117269221158323,52.543487441156024,flood,-8.197914240948275
10.48013510439351,10.814456250327499,1.0094143505729525,0.23397048439714097,0.006932372788490682,2.8650758737745776,normal,-0.29149030780162694
11.273381370129359,4.222393861334265,2.0319314031024485,0.2404672385871569,0.7945027975905865,0.26316744163925165,normal,8.516418402996852
28.396038225057566,5.398812879238545,6.676093231426244,0.988616893101,0.8320213607788522,1.521543715865545,blockage,23.454299795480246
2.533444036410737,5.627023103079143,0.09966306454350049,0.6880345510863375,0.142835456237159,3.286323413596033,normal,-4.7915771743073154
3.16470088275346,13.564943367787723,0.853061221962611,0.28537059585649843,-0.32016387875190394,4.800617232005931,normal,-10.633753684109585
26.598571060184632,8.669989185834464,6.313058594963534,0.5141878696068106,3.21776358470181,0.13027464601898006,blockage,18.835303055442054
22.921358436019815,2.105567998567855,8.727085025484197,0.35280280632359295,1.0140123232671094,2.8129418583429997,blockage,21.775585923709667
26.342853975142603,32.41865552633687,12.815101915383982,10.388000767743804,2.2786946048169847,37.6238244964262,flood,-7.37044810732082
32.03507622239052,28.201435882639878,4.954151255790648,6.3222612166390775,1.65850874586198,49.91662602279808,flood,2.684736013617256
5.002028276123306,11.378653941526496,0.8039952725133656,0.35570415444426484,1.963861593199559,3.509977810278139,normal,-5.685653773848553
11.645098376722311,15.15358286015922,0.5464555216087159,2.613145567818228,-0.7152186993598956,1.0704532677233458,normal,-1.735488420755577
14.362516017909433,10.777565562324915,0.8044563656968264,0.8574555468098828,0.1254461396851402,3.291177716667716,normal,3.901453811247562
25.730664591165528,24.31503915517979,5.538052101727106,7.2250924126379,-0.24567707770853422,41.209945909794016,flood,1.7630097749698443
27.087892705239923,32.05235234740818,12.940866539582176,11.106269024255086,3.075641062775039,73.97116904900254,flood,-4.137294756630098
2.4046715860102035,10.773702119692283,-0.38413807953531637,0.5216595571767698,1.8502635936282434,0.4875441718099561,normal,-8.341733403225975
7.840005496715947,13.482497661985015,1.0723711896613757,0.8179856841161633,-0.9291703236771612,1.7695837953509181,normal,-4.930648912100344
3.1519730294350445,13.985002259320016,0.5273406326479839,-0.4832254619295392,1.228958944518171,2.593640336236579,normal,-9.859178538554168
25.05411928866499,27.441857007824478,11.889082567768888,5.520776388044654,1.9558664606724507,78.24272646853443,flood,-2.212092343079834
32.77831278723121,26.105495818976397,8.630883421780682,7.555497573182771,1.1771067978689855,48.17394051299158,flood,6.858222251184632
6.005962615673527,8.180385056953824,1.9115035042579238,0.13449072484713898,0.2893104169203876,4.711237751752669,normal,-1.144825160263145
31.887058613605998,26.015429267909827,5.7049142234162895,7.607222669911555,0.09740534813686741,52.846756121167616,flood,6.433930527215686
16.382030558458077,18.841470820941673,11.308304387008047,8.112931794065531,1.0673199525623769,20.549413675300666,flood,-1.620074154164309
4.833514192459905,3.9778596139363764,1.8684635351625287,0.31482798637243603,-0.07639649971435993,1.118181486898925,normal,0.8318266310556681
3.4307188902597736,12.755949076246045,1.5561733522454677,1.9231039579937725,-0.6219580363250184,0.6003400879784778,normal,-8.289467304820652
24.44507729902037,21.23577315787598,10.318304639149895,8.821900956319919,0.4414455040280397,39.43005441150884,flood,1.4857023722847105
27.14166846358689,30.9922587119738,7.175143677528823,5.214660453153676,3.347989889442763,62.826647430104444,flood,-4.3214420030825655
10.875512783171578,1.728056824100328,0.0477352656387354,1.4568568158815658,0.7980556118858587,3.3350317014289947,normal,9.933339689434332
3.611056703039716,4.909180815605589,0.16486803657024268,0.8635455362465274,0.4134186136164083,2.2517078966170154,normal,-0.17761388192664485
3.579291108496501,9.45027565379285,1.7481329727129278,1.6969735950573772,-0.8493606022133017,0.8146044623073068,normal,-5.637754224317761
21.3471861920832,9.221891562719504,16.189835002164298,-0.301799943822595,0.9573271812210671,26.301804283128046,blockage,12.85904024933447
29.96935918282241,28.280773066717096,10.780667779664828,3.5758943207755793,-0.08710238548856772,22.183473085430123,flood,1.6199437354133917
14.939804486353438,4.422060907566342,0.46159455279642503,0.5722459587005038,-0.8618869871943209,2.6685438225263143,normal,10.189067974443825
25.591961133235767,24.15459028232676,4.479736439174187,7.230287910764542,1.0982539400648343,42.33194354376868,flood,1.2974875731966975
7.59235341383705,11.4658888962593,0.5679812812825727,-0.31264270367358116,2.0017279806023227,2.044468564459272,normal,-3.5411311952688647
3.2019953342670626,5.638173013715538,1.8473949031662606,1.3233878019149197,-0.2692532530202349,5.024816181682853,normal,-2.7406160254921255
27.87978456956937,26.516911870360175,10.863000876115983,7.886545575962467,2.8336219865365266,41.90705654408282,flood,0.9460017103439828
6.069738002970256,8.998911884787441,0.7613185790172038,0.9726781095221297,0.7344062367860125,3.477364193880052,normal,-1.4988288070585238
6.534703759808566,1.9760839018779852,1.553369056705314,0.6285272144562319,0.7031198828842822,-0.7550255083573197,normal,3.1240061435640833
23.502012422146812,6.998707593672097,16.84146218118321,0.22396484031881392,0.3880817090125022,6.490469971108119,blockage,15.24915892759635
22.56806486341114,17.053430329751265,10.582263273299654,2.937552252032833,-0.059290320130764324,39.14960897428944,flood,4.945799743760018
22.040788036017517,7.909392768419031,11.902867465696685,-0.39821842730189566,2.1183799916004458,9.140249109412915,blockage,14.29214702689809
2.392307037906491,12.636506168369195,1.0027414669892725,0.27639295590690016,2.5753642188236947,0.40927672399847276,normal,-9.284058493130882
1.8334979551112687,11.314732808820782,1.1527300373792433,1.0458332438837317,-0.49985722624832785,3.756629876127937,normal,-8.283394036628094
14.358496384725255,12.522128810325786,1.3319254499952673,0.47935687829434576,-0.285063555708634,0.17718714624025933,normal,2.1008146896633733
9.157439970484674,9.318013550084443,2.083413563382646,0.5334906768461993,-0.4607771981729907,4.342405039677841,normal,0.6800987977075144
4.898412090219225,8.340481367054142,1.5194383434619436,1.3329434553935324,0.20543474756688773,4.115259647765446,normal,-3.2219210138381307
3.569510681919359,11.42066537952622,0.2934935033075203,1.1443202279242408,1.2450702651945458,4.170138360265073,normal,-7.049005768265176
26.704452391312422,25.390519127528993,12.366537302800506,9.780628233200208,1.3725185720546942,45.00409056395092,flood,-0.08261485334265406
24.383492444105784,22.648315283229252,8.039265679065606,7.7816973128620335,0.6522343019265975,55.025222844858966,flood,3.225173048353291
15.729532267380527,25.686417839057444,7.813187773485268,8.167660655747637,-0.8851270052254279,38.85126361777689,flood,-10.655384617105037
22.06732825207478,6.3612566904301575,9.29600984143593,1.285886761064299,1.6697610180360267,7.642645180960349,blockage,16.659101104679106
31.023454529833128,28.007492604974342,11.847953363217941,9.8646662267905,1.8624797573776641,80.60863397677271,flood,2.1167497994611897
17.69555948250256,24.106393897665626,8.467005059580284,7.4779028479664715,0.727981230075281,26.13653333570405,flood,-5.5808254673830575
4.648638162021973,7.7794163440859565,0.632200435129339,0.6383169023828936,-0.11521825397525169,0.5138574824074438,normal,-3.5880280338708204
34.52383488631453,25.37158144773305,10.250919031641992,4.625607589282574,0.6597631744600299,77.11096311857993,flood,8.549933806644379
4.036166575058571,12.110999679050497,0.9228272505734978,0.9599392130186276,1.845875112737391,4.324173095325494,normal,-8.833900621006494
28.221630039278885,30.841398351843054,11.421172561894089,7.621815353473039,0.9154679050163412,30.677487480700815,flood,-1.1941963911187106
3.306619793785252,13.451376834508821,1.1685774622637979,0.5518303002899202,0.34000050785397706,5.4572662610628395,normal,-10.564314564854156
32.12581628122198,7.735657064070843,8.017363194619419,-0.8784841468109723,3.1067338522454233,19.107389823384068,blockage,24.489105101485194
3.0624954104215485,2.812000997800181,0.5308201056439767,1.0282296548527332,0.2899132681294786,1.5638569652317171,normal,0.628356204158214
15.435702525328617,1.7137725884188153,1.8228202411555863,1.45976247435304,1.3252764359214042,0.8232139889152199,normal,12.10428040116707
7.933828854334612,11.025536155079433,2.145866559646337,0.8323304514813703,1.2080727900556345,0.9852124711702615,normal,-4.160423899911429
11.998323500576914,15.676135471524196,1.5198627816277352,-0.2059195857045869,0.41335449918407297,3.2020603300014265,normal,-2.3180646418755835
26.69504494485878,22.065822550387765,4.245072935700384,9.26720910109544,1.4710969114584742,26.020402015421055,flood,4.329093956353303
11.6255164355856,4.281529828737178,2.324281248946252,0.9564830780079149,0.08908838984890156,3.3608130304593553,normal,7.604459531712562
5.196634445205595,3.4637296905916743,-0.11468742226505724,-0.19001546587124396,0.24787711853996558,2.127816488789599,normal,0.3863564622838351
28.802991095153295,31.285190947330005,10.408705105244382,9.07780644177349,1.7355005097412182,66.8420818487704,flood,-1.8157161604387546
9.113026473028528,8.371195586100624,1.7155190623681706,1.2546259369375032,-1.080649905940303,4.1353173958577445,normal,0.6208701290324727
12.648091505824542,1.66425645990258,0.4986140276226669,0.3377419247621556,-0.20762798907315844,1.7133324985861562,normal,10.905366269810546
29.67180692080679,18.666129618314727,5.668172085803059,9.821134935035273,-0.11873176259698363,43.377545250265605,flood,11.351529382752709
32.15116863046572,28.859051721283357,14.507933086204307,8.458293140776636,3.054372848744266,66.35957021055592,flood,1.3654588835682324
30.09585725193301,29.374370422933485,7.810288923288205,5.1092475951426435,0.7089625840586546,36.0930792933951,flood,1.3012740646062846
13.326532207933864,12.235743777022016,0.9148444533820531,1.2471772738166678,0.3884130825298332,3.896837576911564,normal,1.7223513763274338
4.375288670448847,6.195357254321538,1.4373123029554908,0.8051796154231238,2.2679143849104495,0.6328238311629389,normal,-1.9054870659667449
5.25766421749334,4.353253147275082,1.3838597614818546,1.4843205561705557,-0.1407645268513875,1.636086079811395,normal,0.3179703341107754
30.439176263389925,33.71783199528191,12.722030914422106,10.844534171132732,-0.018584172803678634,55.8934936237914,flood,-4.027008054607931
6.052178686797159,1.4063840507584073,1.1823399794586231,0.7702315205379506,0.11274792683226334,3.6256778043261986,normal,5.852228970273836
34.56629187195244,33.32376038729107,7.254849072490765,7.619711846621952,2.313036033517247,60.3693595718505,flood,1.8816995347892431
3.1859885003649158,13.808897074969508,0.6716283545032067,1.0999358909548813,-0.025068296924473984,3.949867495080536,normal,-10.128921800606971
35.3529483100006,5.622156019133475,16.38986751161702,-0.2379749147747676,0.5339299492540234,28.876517637049492,blockage,29.973367542797952
1.9333095449313777,6.744441718318734,0.7757033430922183,1.2066717779279026,-0.5853162804074235,2.2936827676158127,normal,-4.484567775119675
20.65574752532486,1.5748707637690431,10.344864350591344,1.3005766528919165,0.8548249825069106,22.773311661454084,blockage,17.962032351275965
25.804658319364474,1.7435999265017499,9.52091904605092,-0.3399117164089631,3.401595957351453,16.961855084089674,blockage,23.009920534786964
34.19910067945704,26.873111799917698,14.855203309581338,9.882768484060604,0.8696853251071661,48.137402737465834,flood,6.986034103929566
29.659943041634087,0.8123874323348933,15.730312304672255,0.6701233242074591,0.13233215873455348,24.824948119560467,blockage,28.25596335466877
27.83796427612066,20.13769073460157,8.901089247463554,4.850120468694456,0.12467070752031154,37.54036506253465,flood,8.323041402762577
33.37495620699513,1.0333425856595033,7.0058241703548285,0.5747221013093392,3.4825694974690236,22.135615280815145,blockage,31.89006519903979
28.208467250676506,9.65476994815496,10.738760031777359,-0.5033307004234184,0.605607044534579,26.34943019853298,blockage,18.976771167997992
0.8016893325878851,12.137410131792416,0.5312479526811811,0.05036641540759662,2.235692024738668,2.7518388091571437,normal,-11.72635416720595
26.957176867554818,30.371873589747374,10.208938683037125,7.04523682757058,3.264843338157257,69.24260417436133,flood,-1.434563927976099
29.50882310157141,7.251817175963055,9.130798048982752,-0.7060844773935923,0.8497047154143365,5.377100503031793,blockage,21.245987323301676
6.919097082017501,10.694662578696573,1.2014720728025943,1.8830153262152807,0.6577319286772542,3.6471586382340737,normal,-3.5914264772733264
1.777816893944482,14.613720266485329,1.6878185229244118,1.0980346338419085,0.45556792943128005,3.532232403650078,normal,-13.829826902468973
2.616515167028968,1.592815090102442,-0.2843044028026128,2.197280067457144,-0.37336858810843937,4.157608221756047,normal,1.0777389803259534
7.530594457432802,6.077928386260444,-0.054784090251156825,1.8768624309898168,1.4996221014923732,4.71901800458501,normal,1.638116002230032
8.471093843165157,14.900048583249802,2.135688523246888,1.5403542651322513,-0.025306097435384086,4.248952744222495,normal,-5.925341893070424
29.837936570845162,21.01894248941749,5.976264240482229,5.312357076778827,0.9462088331966021,28.880189876148496,flood,7.5564790306642635
4.673655891222863,13.674365442216962,1.64184706535516,-0.24306664806358436,-0.2400055667682372,1.17946072334751,normal,-9.705982927250853
10.223031849651104,11.978453227932704,-0.4941645548397875,0.010296373051461638,0.06921223730462178,0.6642090532589228,normal,-1.7326052156079852
9.078970996015984,9.375968169077716,1.8037311345262956,1.1849969960246485,0.32372478684695105,4.415381644366481,normal,-0.625756887783605
28.4679518171975,5.108470781713529,13.87306941368174,0.062010076696261296,-0.09711365350239862,4.7390246599987,blockage,23.785656495479905
7.094394276582091,7.180221124620304,1.1506712317770214,0.8768586051931493,0.2694541378958419,2.4732835686735317,normal,0.29575040225126514
16.497681454014764,25.511942238997637,7.786562979253959,8.261441371429253,-0.4043490409486267,40.53932374231291,flood,-9.065548032842045
20.226196295092958,7.084147581891217,8.08761858233808,1.023450536202484,3.208918214256963,20.391300899179697,blockage,12.04474227126462
8.05257379885354,7.539099435044649,0.7190714161250845,0.09122569321372792,0.6986033445622043,1.621204220015874,normal,0.8576773001542704
32.41081914421945,26.820015275141024,9.887474847676554,3.9458130344096647,2.8520835982884343,67.04015773435162,flood,4.2880425653067995
3.044161037029819,3.6715687470004195,0.1825433137121396,1.0161977276154626,0.3638340876511096,2.536546958519261,normal,-0.10689740102343886
13.274296767055715,13.662232439923834,0.6012103133826601,2.5693460313823033,-0.5762741579170985,2.4528095367735037,normal,1.5567431356168506
31.158400483727632,2.279603838674304,15.73893873741346,1.0912581469750189,1.3330205724194215,25.551434716721545,blockage,29.118914681495948
25.995771962548595,3.479520535788585,17.623251052703107,0.2810327375382884,1.4994966703419192,12.230892769680004,blockage,23.870899846008875
12.681078754118216,7.468696009462446,1.4347753192515986,2.807482707936802,0.9706435240507344,3.185346130679002,normal,4.378651025408856
18.82867483850648,17.38806619795813,10.12283375385589,7.595111188671903,1.1238342328476985,54.583312701036995,flood,1.1940904612077314
11.121986364472708,11.91196059604354,1.3770153978057076,0.6249841888049401,0.05972469342989825,0.037842573536916946,normal,-2.257668368965445
10.36445909365576,9.299377248282939,1.68165179287917,1.7269956566076596,-0.3123065026195257,1.4781878137176558,normal,1.3942251715334348
11.098035432248762,4.036896139418166,1.7183802114727436,0.3093169822949864,1.2081405901679143,0.6125886667107645,normal,7.407093574658199
12.3042566458563,0.9139466828142584,2.0916489605006836,1.4815165533009855,0.3368883290301635,0.7412919729677332,normal,9.702679163222228
1.8845398310639168,4.741459362944994,1.0984856963588097,-0.8846403171106063,-0.16925577179338125,3.6442054274093367,normal,-3.139297331242025
5.1911443939985205,7.757506921667265,0.017791585390864895,0.2752884303392834,1.2609803524105014,4.491171886316339,normal,-3.2092401458797033
3.905793886475612,11.568464449014241,1.3767745413326995,-0.28137092708650835,1.1114223286570137,3.430174734878765,normal,-8.588895953626189
6.862720681179857,10.945226025893648,0.4402429301065781,2.4458776502042396,1.1335416478088118,4.796519921879719,normal,-4.758242653904153
13.135791769864696,13.775311034785238,0.22769640852734946,0.7776809943990157,0.7346405001971075,3.986279210555346,normal,-0.5363394705375624
10.497811058216397,12.6713780023586,1.3108763535296328,0.24541493926330493,-0.41305983325882234,2.2028887863403326,normal,-2.9459205583148265
20.205486149511408,27.14536328411847,10.975800750985142,3.4346375434672938,-0.9436584457620399,53.819050861354924,flood,-6.8254569441263
14.044101152037728,4.627902779805934,-0.11648218926152298,0.19437694890703341,0.7239454540450385,1.546418894443435,normal,8.247592765993794
5.814281577354796,14.575556032350889,1.7224983945642456,0.9284002276653779,0.7406461075600005,3.2463212980968272,normal,-8.620659005426253
28.641389969037093,3.856947431962207,14.52232452982038,1.6946882923144397,1.687642578226919,1.4817403132982174,blockage,24.43346015466336
28.450449998835865,20.455743305963377,12.022075384429133,9.62266062848034,1.624526407084463,24.437637916803393,flood,7.847335169990231
28.34049850278837,1.6772514040023108,6.312098014895962,1.150071226070753,0.6660451569482597,14.621971493476329,blockage,25.9154753219649
23.44905961241173,28.094067347371123,6.004277880955898,6.43018967616335,0.8431079992369219,20.820545522903704,flood,-3.2210531953264865
11.208973791817453,13.686452342390423,0.14743351363756005,0.5597817444164557,2.1223603311854564,3.248733031704952,normal,-0.8667605160703826
28.198387668368788,4.633893923383871,14.4914982247798,-0.21092306403479738,-0.4405770374265165,21.37239623887496,blockage,22.54610222791078
3.26415568292473,12.888473364215114,1.168217615489302,1.6448190152182518,-0.981295918714342,2.405312372334658,normal,-8.760556820391768
25.21550230569944,5.055115474433197,14.12861171124012,-0.6006829649637121,2.462680588804988,3.846961033127836,blockage,22.512892162111193
30.505688125925015,29.82249846623709,10.597667228870076,6.971569381734596,1.813977558548788,60.7656031490102,flood,0.15020832683965923
32.24221996415023,26.432482513687074,10.186818851623787,9.92319154832019,1.4635086411891844,71.90636187011211,flood,5.384463492216368
22.262275364944628,7.210393247633784,15.146169214460954,-0.4195584570218025,3.5057040041820073,12.314467747219545,blockage,15.16986415100767
27.987132745077474,18.844008155916914,11.674596787746115,7.7942484113968735,0.1574551235689135,26.80992806697105,flood,9.054153863838039
7.913010519000033,9.319448799176,2.2977332477521912,1.697969793642796,2.644389355253322,3.8126380658268357,normal,-1.8689588770874486
0.47096319923005103,4.662536939318568,0.824283983649047,1.6162062769267695,1.1647650437459627,3.942013177249122,normal,-3.4438491388692314
21.930739861254928,25.15033328158661,10.79022325268593,8.82869578641808,0.36853925411116095,57.05220970595195,flood,-3.073482262845365
3.7582451298453186,5.160592022038716,1.1225330988451012,0.7610440444256826,1.062924195402743,1.6121393326002278,normal,-0.14152496428865619
11.995121571342416,14.353458718897086,0.73043266443296,1.8725591880662666,0.5409826457100344,0.921128773488391,normal,-3.499669525539952
31.851964643016498,29.959254334320935,11.21197592726929,7.237857185288809,3.7465560996015554,33.368213513011156,flood,2.1660622100621545
11.398236360516977,1.296518133603993,0.5592333442600791,0.9587708815822654,-0.009429090977104468,4.858342011380675,normal,9.187093507080018
22.38018314352738,8.036027362045012,18.76984836272326,-0.036190333838289554,2.5875100875037833,20.87129919480017,blockage,13.07613936671546
8.468509812482095,5.317840752012069,1.701723650476365,1.0724558599477243,0.33983306470361385,1.2188185643023939,normal,1.4926192778979246
20.822934280751195,19.24984869321374,9.77766748295441,7.167295274832886,0.4709618813471965,50.45602522554546,flood,2.703301167946252
29.382161715824843,6.596901574108664,12.094370989997104,1.4379971061438757,2.457184907870396,22.634774118716145,blockage,22.252833214508655
10.071350308364625,10.524493523017798,1.2198030295058053,1.48275460779255,0.10101239424461787,3.89984285279421,normal,-1.5673294268571838
6.466177845312325,4.9365673656920235,1.1856306900673204,1.5862960553877512,1.7740155572844847,2.411155981542381,normal,0.7919277486762484
33.35284398950879,6.651331237853856,9.856796617490282,-0.3326236807937416,2.018591678992111,21.809307424071097,blockage,26.40947310959555
33.91981032332697,0.6173343628377734,14.034877426813729,-0.7621744761873125,3.0288837422966184,2.571557883196717,blockage,33.04802080380505
30.71612998040834,5.2317854885923305,15.018076628154052,0.580155299327293,0.9842105194330952,6.608606990473201,blockage,25.7816412520289
4.969237589578508,13.48463716923414,0.8227057504476033,0.3282999807657853,0.10605051834615668,4.680527493778051,normal,-7.89229739900194
33.193027303421154,3.998134948181191,8.458969665455905,-0.046188190232223036,2.7456185676591187,19.48493189183486,blockage,29.973797073173355
14.080013466469257,4.997292681431706,1.6331010145576568,0.8923567096925537,0.2963202411094118,3.6291691735426377,normal,9.850046095942785
14.94906442925924,12.712963719191395,0.7565935809530678,1.4195546667593262,-0.4141895811831997,4.380228864067277,normal,1.868315795917847
14.440388131173934,9.613447282065223,0.8999856211253283,0.8899600132421264,1.277944146444794,1.7066622137645902,normal,5.1086188965006105
26.850974801578964,17.362091804642155,7.819976081849027,4.463177118242134,1.1217972429657306,39.31473465105351,flood,7.809515111693499
21.928409233441187,3.468666861135209,18.668876534896654,1.8686661090342227,-0.2419963345957086,13.028018139620762,blockage,19.462190070947752
26.497654703102366,8.778868626922812,20.13706773932239,0.648145974218041,-0.17505996841272814,7.477044349141938,blockage,17.944691614330672
30.63453863793618,6.98979225655147,18.479518332084176,0.9703185592452878,-0.4269639517350459,7.463820900139735,blockage,24.065628490562315
11.54314292928993,1.0285625304711101,-0.5388964116064989,1.881317239876515,0.16497334124433055,0.8466384733309434,normal,9.589993944790738
23.9710708264645,3.6080623416716753,19.543667078382967,-0.15740067923634196,2.6152195073878564,18.51702903087873,blockage,20.115071431219427
2.7198832030402724,4.207122131979562,0.4847562452770587,0.2690476876959599,-0.5496634603117936,4.7343183394790165,normal,-0.5172713548446921
6.081737047892771,1.9598829352594151,1.6781237061155292,0.3446682492672761,-0.43418789018247006,0.777442029492096,normal,4.685335511934105
22.27877301853095,17.451227093416716,7.00688933354641,8.377921950784197,0.4899129548573039,38.62973956260305,flood,3.4919161930072473
11.95656145877873,2.1753438464709376,1.4794739689309173,0.8192709175552708,1.258884464125449,0.6448037567697514,normal,10.711798772783707
28.16000898822426,8.78603007953422,19.22946674962426,0.37141753468821603,2.7579797509668724,10.275500977706903,blockage,19.63917620134596
3.3038066103034054,12.335902769407763,1.6067431599600799,1.267428810305883,-0.10614930372279203,-0.6160398930079983,normal,-9.10981974069809
11.435289684119386,9.259774801581992,0.8114754809342516,2.544916617681004,-0.6575297517160317,1.3456865707644203,normal,0.6226560346294953
1.3157150111125735,9.60353942850922,0.6410544047200424,1.3110411194284133,-0.5750033136313977,0.2846496783913247,normal,-7.320521230286855
26.43502738213171,10.06929660492558,10.066896683140168,0.7177451415031152,-0.05087455283857803,20.66658282805935,blockage,16.688204876378887
27.440489604887496,19.430225248513196,10.19023706067646,5.283946510904512,-0.15449190400378954,20.89961697317945,flood,7.024695750520518
30.028339541292052,20.840477424260246,5.8638238521501105,3.201260051422254,0.18736940408126482,30.99070301409313,flood,9.684871754268551
18.17741457151737,19.302330680467037,5.980047174740877,5.207462485965818,0.7159654143558872,55.83729331236863,flood,0.5397002054842915
33.3168222851489,8.903384426057617,16.962196431624672,-0.24732943264227658,3.2489651979278156,25.805019283154067,blockage,25.789391465317358
6.832372136609341,8.607620357518838,0.7370980614669786,1.1546244409874449,1.2524118712177024,0.1634701521134641,normal,-2.4335815863911705
21.361231663661954,6.526939257972607,6.725264410121341,0.08530106419414571,2.6982286246686025,12.578814421352279,blockage,15.157953737665771
5.039440591751653,7.166516785185752,0.9182647316251484,0.6578411062016365,1.6649250300276264,3.804080938838959,normal,-0.482676726257281
26.052029020337496,31.96936166859492,14.18494662512135,6.318941396983753,1.8783470759934728,69.55933478630189,flood,-6.203559542230161
12.176534194802487,5.150479024397696,0.9879132673287919,0.8144275172667476,-0.048006575282500484,1.9156507995503596,normal,6.564848627442665
19.666543483101254,25.50357610184939,6.491118313516855,8.31664806042917,1.1602977706949744,28.320675882442046,flood,-6.333884018849072
13.390391022404588,8.269676036930706,0.7981341260207722,2.145963392065319,2.026085595000855,1.3609737182506663,normal,4.526152837874653
25.72428608609438,1.0310417995253582,10.276564606121001,-0.23445085908347596,1.9005443909191355,10.614858346758393,blockage,22.787593004129146
26.04954142752139,31.804667132600375,12.25549245291407,7.234481079037669,1.992337001206861,51.68222982075876,flood,-5.722318217149371
9.10067418227789,6.779030866313018,1.508753421675733,1.8022279490396063,0.4990431560748899,2.944071525410049,normal,2.085915855838302
28.677934290932413,35.175999100778675,5.479310134867306,4.253246033854851,0.9863625884360422,48.19220616248687,flood,-6.701354784499413
9.395854965180627,11.17878895856194,2.0168022653625197,0.25877330114831076,1.1708168176954425,0.6015229477338464,normal,-1.3643661225676278
32.83450516876158,1.3441388159590857,17.18163530573024,-0.5427987207639233,1.4842599030458117,17.081822116854507,blockage,31.86320568919593
12.23907021105422,5.233188199532785,0.6934622688236893,-0.19191138755621728,-0.7641713862609313,1.965153934830687,normal,8.064805399519384
20.82237675322747,2.965431691853423,18.381794430598745,1.8670039998722867,2.650175808442618,22.569615167814806,blockage,16.77637692214454
35.48565806506385,35.02466809962154,12.456428720379868,9.598131431949296,1.8558835439451449,36.882993660353826,flood,1.0875900218917123
26.900270108112466,29.8960693450953,13.643266428529703,10.653193519633968,2.789869422955381,67.75094859344492,flood,-3.829360918862911
20.474905040222158,27.77732596427479,9.621480479341844,7.829345641942086,0.5062670080316122,54.993311666870696,flood,-7.497374762346273
2.748911715111821,6.50499079111224,1.4707451041593513,1.4514939027264964,0.6653190340301356,4.817202906166203,normal,-3.365436884440073
13.106923734569076,14.863054537528742,1.10264218305787,-1.4347584837651464,0.5979711952362272,1.7943684802648985,normal,-1.3384757535596017
13.844491184141027,5.664396005925849,1.3422955212457865,1.2378163884334614,-0.15625669946829943,0.5656100051392707,normal,7.580919232250689
28.842232062326858,25.853841130207247,7.060122223783419,7.204104408535878,0.431264376663015,68.66858884717126,flood,0.6615490120579033
1.5279185346725241,5.381549552682577,0.021935630503387815,0.29491855766842595,0.20032317514267775,4.6452740134765715,normal,-4.917241864270649
20.428472374477245,4.430296508674416,15.873766325674909,1.5233374292200708,0.5560715498987744,17.36636125955599,blockage,16.55919264991561
1.8980295197632624,4.210237735035417,1.8564418422968605,1.11137001794184,1.0704850230570488,2.4130897949152943,normal,-2.518026875058554
3.647145250650498,11.704707437677301,0.9984260538768742,0.8656534253680704,-0.12519544203929583,1.300699771114262,normal,-8.090680871484913
1.4196838345433067,12.591263047817314,1.083943819241636,0.7598538322398888,0.7808053902589848,4.582578087485709,normal,-11.685984341686455
35.331236546581174,6.704910418575832,19.252819609732047,-0.6865956196988114,2.9607539509497185,28.501930220587123,blockage,28.15772889529907
24.32683243623203,25.981427495149006,8.110287922358369,4.7410257592854865,-0.5759510061834321,32.382540599920894,flood,-1.1525901807340908
8.48918487762637,10.34436936252919,1.0177540459467413,1.4829438191619049,0.2014038527082468,1.6942622209788134,normal,-1.4488973976089818
9.094400750488507,8.35692988639842,-0.1254203624628607,0.31824002354651615,1.9376450746158382,0.46456935904330354,normal,0.17946282626466803
28.147485938348073,34.32541031296039,6.768820430713845,12.514841096498673,2.7503856511459546,63.140325666655116,flood,-6.6473226029982975
2.0664118694253,2.163898480202051,1.0239774812233904,1.4947580855165923,0.8213002895820236,1.3646779619345115,normal,1.6888118906930263
10.74817186372242,9.788515239408827,1.1001203925174137,0.7944710959242623,1.1666735029831494,0.7780851402525113,normal,-0.05551271877797592
2.8074307643483754,4.9886673972082205,1.7393582050925984,1.8621913914211239,-0.5076875468169444,0.18653110604556167,normal,-1.2063446050979425
5.150581050675418,1.657923051280702,1.2812998796732102,0.4557074591370065,1.812487513523851,1.7515256224643472,normal,4.992313534208932
14.30960746633511,9.609866219203692,0.651600779010747,-0.03776174403477539,1.7315797891631577,3.498774192576466,normal,4.584253957457357
10.586192939602558,7.43844489806871,1.1588423839730253,0.9976041660634435,0.4047731220652518,3.548762820938145,normal,2.4451845520887567
29.638111213475256,24.123634729874777,8.05434036221747,7.884468863263577,1.5688462507422796,42.9306640463894,flood,4.725220025134676
12.405476489331226,3.455099224095893,2.0847066333994064,0.2736757554986667,-0.029864164551647247,3.6601033614196647,normal,8.999987778095209
3.0602406177584975,1.797446715639109,0.23752349828575015,2.0153454188855813,2.3489550363903047,1.8103856049167517,normal,1.4744592128586598
2.0181356352271176,6.889212239702587,1.5288320031863663,0.3570908682996107,-1.1454385804467264,0.3836502388320073,normal,-5.8741335107924995
29.4415781135394,2.0569166371758802,10.71732796326906,0.33987911589362346,1.7737370720213999,22.127456094062705,blockage,26.67218651442766
7.0707430211667965,2.1248983146730005,0.19106506138319812,0.12333757711084051,-0.3795008397229138,0.7090130510025598,normal,4.685491380443081
20.43289402357591,7.4185789570908005,12.408003728390678,-0.18586798581255476,2.5918991491939387,4.9542447335331214,blockage,13.330595638109239
6.504577467986036,13.751611814976117,1.5921716838493027,0.06332631579583758,0.5513106064704562,2.5895543564647854,normal,-7.517248659724331
3.9406395937142187,1.945631982238523,1.1874789311133953,2.2956985776847745,1.2116424686522933,1.6253641957430183,normal,-0.5862691633574282
28.35025478859974,21.758906274997116,8.250661231293789,9.492528652758581,0.3764974996175839,47.76116902626031,flood,5.380219608062978
11.034395036310281,11.46863211488038,-0.001442063699662044,1.1737150536709628,0.9805768044075344,4.040984006416488,normal,-2.3335173389276154
24.508374784157787,9.755902835165454,12.913527052612151,1.1091450422133096,1.4116205252922662,1.0878705696361424,blockage,16.225710693119627
23.621821262310974,10.47322971246537,11.227532459257516,0.1406171555837198,1.1608000709440085,24.646454480408174,blockage,13.935100483108267
5.378184418776943,6.424507204881478,1.026827763249485,-0.9372791206162914,2.3237665758914754,0.49930091291440876,normal,-1.0938039776822885
14.655331694081154,5.235057158057553,0.25158894497233564,1.5499726965644638,0.5551936381543897,4.8315788178409065,normal,9.860940017027815
14.767456318819933,1.741353766786095,2.480321296775344,2.1978811001688685,0.39127114776262545,1.5647892834883486,normal,13.253464819399975
4.508934863734777,4.514905474448428,1.3694388886161681,0.299221215806065,1.5377866507771514,1.9910882985793794,normal,0.2678591123282924
2.9522671425738154,9.735670304631658,0.3498953429094413,0.9936554651775042,-0.6782820809138707,-1.0785505973036444,normal,-7.110836430144118
9.733842091224876,13.290520181500824,0.8687345566956046,0.2831912700741503,-0.02580934765170477,5.174507436457639,normal,-5.242720320089319
29.396391702567975,18.571792797233662,5.26102084016212,9.448567891615026,-0.19127569778064513,20.27493726980383,flood,11.698741636372397
26.596282888356832,31.30724410461895,7.463032638056983,6.375866043488143,1.368586375776037,53.791682371645265,flood,-5.338285904792211
27.692488347226163,8.407988550989,16.74606681071016,-0.5949233854991679,2.0122726047246693,22.082473139277816,blockage,19.641661693932168
22.606664489321293,24.055355891235774,9.604679362712472,3.7041798854013894,0.47331156689153686,42.039500591209325,flood,-2.3179793290646744
33.764295337011305,32.71377452368294,11.593537915193652,7.286251168609668,2.520460050835288,53.50805963186591,flood,1.729095679810358
25.83796778761667,4.609212500032568,9.65620596574289,-0.16275552375581442,1.0159854837689057,26.39980817912113,blockage,21.100872803540074
10.465783804974661,9.057873566458571,0.6348071109411569,0.5767145543389554,0.49623243545664586,3.5622021470087115,normal,0.8195962279366139
5.443172070825628,4.898981434619823,0.23763205368908435,0.5872624850955572,0.9295761084281473,3.409579188522361,normal,0.40457634281399407
17.03030068524851,28.69939920792501,8.783809252244106,8.85648384886044,0.3933472697956335,30.371904403129985,flood,-12.19017062199736
28.595952150884475,31.966580058169242,12.229222384485597,4.30382437149751,2.1505035303861555,36.88303897648503,flood,-3.4298125198999454
2.394240802325733,6.894941214979939,1.4261269740419684,0.41614597506882783,0.9350692292296193,0.014207882717034492,normal,-4.172734515951719
3.846230504965711,12.90791959525997,0.6496966598936649,1.4305190176605969,0.9268987454738872,3.4445455417794766,normal,-8.273323671930493
4.156116313748814,10.296039800359495,1.9155250216233681,1.4436203418406837,-0.15416736476361179,4.272637767680981,normal,-5.862405324957571
3.472796840678958,5.9144277027952254,0.47995056848201073,1.2946782468105993,3.0458767181963244,3.410281248479962,normal,-2.874019644001466
3.0803962012980657,2.239428491787133,-0.5408793214194964,2.235840123530902,1.7613584656543062,0.7080248156870527,normal,1.0492736593704861
8.570295911549143,14.58048233453079,0.7470328741058762,1.1112607791925124,0.3689051127184851,1.8110618308267177,normal,-6.61094074226658
9.980928666845289,4.740528621392571,1.0614900208565703,0.5434819893601684,1.313176670218978,1.126883061127691,normal,5.868859502217965
34.480006807024324,27.70147206350982,11.102922050994124,5.348809139553095,1.976397344765947,65.88049846981798,flood,6.017100457687372
3.8407465580310873,10.463598909971783,1.1236703314850285,0.8735739490386548,-0.42289522041442645,3.001589156123712,normal,-6.24817772326897
12.934067307119566,3.0413666912288813,0.046943473217573806,0.581073200213979,0.7281332740882241,0.22041523573701116,normal,10.289881553180567
26.14118414440882,31.313710652205504,9.409326196987234,11.333811292941348,3.034084605349519,72.48784217536648,flood,-5.309018429465246
13.10887333422898,14.119828702637296,2.9493816276347182,1.232905054177451,1.7399767756079463,4.435765776035508,normal,-1.8242846445031002
21.784806720223134,22.012141196181407,7.279302743622365,5.093108226923726,0.7287343820818182,40.04295509751636,flood,0.33625682855666045
19.967061021400166,26.940831570064734,6.5295358275010065,8.521473534749038,0.1416216568898262,48.814763260322316,flood,-4.90304082777759
34.855927077013995,5.582611051422337,18.630698637781855,0.6013753108087364,0.5362737630375847,28.97416525744974,blockage,27.469362880426335
30.494401151084237,32.713242007081114,5.284368173966227,11.223924679091734,1.256034498117065,50.128879366001094,flood,-2.8573989891445937
8.49264308540534,5.480200201900412,1.7320864259965303,1.620996766422151,1.2259110787663974,3.8068743493068276,normal,3.7436642550018173
27.00406890764427,6.48408652571263,14.587698163647941,-1.2767036579247166,0.5510685209980456,10.367623119845009,blockage,19.340057451791367
4.925578493839251,5.885722204752918,1.90423823111765,1.1304760427714693,1.8721678173435539,1.5499281077440972,normal,-2.330387398677342
14.052828126923169,4.157608858250087,0.09854940343412105,1.06685229503323,0.7885524103302116,5.226359287570705,normal,10.87514365562744
17.490857160975605,28.309296943482533,10.02465947273355,7.1023355471032765,0.23798907045369522,49.79948766300847,flood,-10.314284789571015
20.93254063766865,10.117220938146835,18.245150926298027,0.30209382156619025,2.2383514226316628,7.9697727415629105,blockage,11.013423975424422
34.51134335632015,7.122505171947386,8.451731723893955,-1.2910082520633095,0.7002995367391678,10.509638103349966,blockage,27.671554737992235
28.046362632183783,32.17093576506196,11.482661586350968,9.250372363575972,1.5563503602648323,59.96518194578035,flood,-5.515661730534312
26.251075714183848,31.210121127402672,14.714732488986725,5.746435194430244,1.3516057640986698,61.43073222070991,flood,-3.6216202193276557
14.55937630710239,13.109108837659004,1.5987854751996178,1.7855220235558718,0.9934509535923104,0.20216348355122812,normal,1.63310833575334
8.251778033428483,11.778782674799162,0.7387186814607665,0.17605548518392633,1.4348643127031522,0.6091533337531717,normal,-2.989635177804389
3.4435961468160152,13.297369597963852,-0.39448239750672476,-0.9470382711113987,0.2938228879265721,3.1560466700638745,normal,-10.793521900805672
29.84483687708067,8.173267987449426,13.030411222423659,-0.5730585844944338,-0.02443368133802659,4.64593776705875,blockage,21.738079810287694
19.086875197229848,26.951943451996126,5.108684589444469,8.78950302577554,0.45277666702069835,35.16442838848125,flood,-6.6176752845214954
5.027236824443493,3.250378311594358,1.6219383865880967,2.351980128623417,0.6665947427451838,1.979099038501962,normal,2.1426092839434645
10.3930830446083,4.107138082679656,1.7214973354780905,0.663092064203243,1.6415608579396062,0.9105957687954259,normal,4.9954449646861265
14.655561750979285,6.8120721060578875,-0.024368180995792216,1.2412791400648975,-0.29525538878673857,1.9308909793483078,normal,7.6807981991494865
20.75180673761834,16.306094852669368,6.131958585901464,4.291756352715771,0.6205359566272264,28.102377326250256,flood,3.172087913765209
31.889009929231122,27.071041107154585,11.15157547687484,11.348484552089971,1.3715874741686032,74.64094720471306,flood,5.64560525142697
18.935405405809217,24.396753358496703,7.810920324837226,2.3430374380625096,0.9315081435966099,47.76742089541044,flood,-5.746448736031108
10.569877702997735,4.539470786291187,1.7135410616708144,-0.23990402205099115,-0.44933938081736546,2.2236526259087976,normal,4.5865602993826835
1.8994880767364133,1.3405519329063644,-0.15337069972175127,2.0774679768245248,-0.08216976273358582,4.596650249868877,normal,0.13402352395355344
26.842230553361347,5.494704648651597,10.098497588936551,0.9657529047340236,2.0447508058695236,19.712277461515903,blockage,21.50476876052385
11.579321290663279,4.054395103968306,-0.8091430479642783,0.7099804733910152,0.9875117387374824,4.984278269681991,normal,8.099530438653181
27.942875679392632,0.6930289674860889,10.467870961794649,0.8609935492226137,-0.33719867933461295,25.266302375356535,blockage,26.204899890947317
11.975623327982913,7.037238185966585,0.3619416623146884,1.7673313030618292,-0.5781353677443444,2.7081807086031557,normal,5.308444194345483
27.686851197942204,29.63572418355455,12.969315638792866,10.300513660794358,3.0057290968049744,78.8537636811413,flood,-1.5720607348798912
13.456026277933516,12.756215359411618,1.0523498770000437,0.5198378541358074,-0.15387202203311878,2.9743770385721016,normal,0.9536161388291371
26.74399778045186,28.27612492638037,11.009139195290906,7.939608297976384,0.2925856680722686,51.815811778923354,flood,-0.7406838955383379
33.78126282132074,30.75478984607835,15.33658737995782,11.232566536768188,1.8845648443360556,74.75221418283901,flood,3.985313588260725
20.220466029931888,25.851675413996578,5.560857214212251,6.427304835198573,-0.2909276286128502,57.71450944969768,flood,-6.390899375058097
19.51566736130295,17.69157239566086,7.501575437764934,7.232631891947797,1.2126067401308025,43.82642941636333,flood,0.2295333604529659
24.494621244309545,24.409682839600435,11.147648121296184,7.650127324066913,1.076607159318602,49.23598339285575,flood,-0.6913233418454307
34.508838175976,31.17983851571877,5.729939480516372,8.680588868022179,1.810614144479567,79.10900137103461,flood,4.565896056228256
23.080577267370405,20.085419355640095,5.241173171078797,3.497848585851846,1.333806611957788,20.698666544399412,flood,3.337382225813781
25.671797197989406,7.5278949221082785,7.116825105408665,0.9561740903634781,2.265899039017338,19.118588617410847,blockage,18.03855656424459
6.609543278448346,9.80760631090682,1.6528792095351053,0.7799043561715463,0.8722308573320704,2.5802968607184744,normal,-4.099090866202784
25.073077190100957,5.094766908239057,18.741330253739985,0.4132368471707333,0.09373416080022556,0.8459636609652529,blockage,21.44815095708748
34.85169858027055,32.617149263188004,5.898076977586497,4.854332569616313,0.7492124566272093,36.454049636994384,flood,1.7977177998387528
2.703335219172621,10.858776211592824,0.17848138251568463,2.349961473509123,1.1926579706675002,3.705446260275329,normal,-7.328943537633759
14.573379816164703,13.561460796633012,2.3062121991391984,0.5469539761101929,-0.8808419803455588,1.2639884427580603,normal,-0.45268302695359774
15.801779397268998,2.4416394327041506,1.3523662940703167,0.6347553406616316,1.104029961514603,1.4908105426669207,normal,12.605415591164425
25.890814188032138,4.465170405614302,14.851298515508601,-0.46395972174177663,2.141522705212325,16.832134958079394,blockage,22.09126872712279
25.672778905264607,24.56051883998737,14.343035497244477,5.030693325473428,1.5727526964549783,77.1125054605565,flood,1.2574385823262677
6.104707015750006,4.289806268421423,-0.5076417373556752,1.680171809017448,1.4636864319566156,2.431059100764138,normal,0.9689899979995376
8.26376899566497,9.597504874073794,0.04826051383436334,0.9890203960432586,-0.03461573298666313,3.3813035067110913,normal,-0.24432820498252106
14.029935433963333,3.132640056148733,1.026002402828826,0.361432261685003,0.8142918749835854,2.8335733849494367,normal,11.392752830237084
1.9491020711585003,4.486315229777146,0.4274535341285035,0.7585798912642263,2.1679007911601165,0.8591242917593995,normal,-2.942636152847629
4.195363955599764,1.995719790975579,0.18221217642302864,0.0876397658517048,0.2562230850657144,3.60890880543589,normal,2.22507920526606
15.398363727465426,2.4048443730204645,-0.8353748770616267,1.760949124757719,-0.17007103641815632,1.7589933330489527,normal,12.53868144327331
11.790455786132227,2.934594804857123,1.868961724375649,0.7443448166288513,1.4697140020471937,4.480908677959166,normal,9.962669073099319
20.086893090120775,8.815964745249326,6.146287154259355,-0.5742201880661779,0.8709415075128428,5.599120458776896,blockage,12.176131202109922
17.982783151024343,17.83686564244337,10.831316808608957,8.475188821666674,1.3953807713585331,28.124906595469614,flood,-0.3419512900330903
28.839526585593827,32.80230814762421,8.01962272910356,11.148892304484844,2.1701297319871014,51.29238723679314,flood,-3.597498873086387
30.7912916106685,31.88001190536196,10.800298517078115,9.093431155692008,1.2723444612350996,53.4718410667708,flood,0.24046670001065318
12.184233693981033,4.5615656566316165,2.4025380618050853,0.7122583412717356,-1.2097832202429004,0.14636755316991057,normal,7.239952251761777
20.398357047961873,15.851674364114237,5.303549936867309,4.846726620093966,0.12536463651636034,42.28721363161809,flood,3.7249020392597845
13.250666414607068,8.757191576969657,-0.26667615356471513,0.1718218487204175,0.6846894369247296,3.7272585679000776,normal,4.375128525951973
13.14019106361086,8.551052228372548,0.6506018481645138,1.4346484306128346,0.07980446219102062,1.0819277616848133,normal,5.071651669163222
7.696638749823233,7.917713903446358,-0.4130058517603772,0.07614960266355761,0.7240784867427269,4.343085108796779,normal,-0.294880875801841
32.151809475987406,27.925770320975698,11.51132048162808,9.821765105080264,3.3534072235534476,51.771302761451075,flood,4.118683718034648
6.96099472270997,1.9444860148556202,0.3899163560600601,0.3329185754458805,-0.06866494088379452,3.3821536490920208,normal,4.963090246674227
8.309184443880131,12.779178552362385,0.021327886050155898,1.7587140946430808,1.2587103415051444,2.925823414554406,normal,-3.0055731518260083
30.440152429543073,2.1019465358449527,15.62678063231223,-0.3263546280596166,-1.0697824353555272,23.140264341767235,blockage,28.073429133200158
23.18485093581171,7.112179551785604,18.81008496193091,-0.3201213345954541,2.144332355291931,10.705867574966192,blockage,16.256387093250968
26.868210866874893,18.688238314284725,10.410041540006208,7.583640342094312,1.4034215318516712,55.121547332753295,flood,8.79782723058997
12.707764736301815,10.595444408837203,1.1279720759668241,2.0316561315272925,0.4655652470034838,0.7477870361089514,normal,2.650519795855477
10.058844332052665,2.5523603603587732,1.1391385751055443,0.8209702547680313,0.7596249179205202,3.8944746406545754,normal,7.612199980098803
30.343818904851858,31.616977373280303,13.24119337695755,8.656057733330526,2.207794571357937,71.5357911445859,flood,-0.11492821707566037
23.06679250942989,18.011177213704403,6.4660620844154435,9.830696198461231,-0.3395575896024966,35.56798554469242,flood,5.914600953448724
16.47692429948499,27.561454214545275,5.690581261966023,6.441186259596146,0.9744255210096919,58.38850386963294,flood,-10.651337432933307
2.772404988102635,0.9423117316118295,0.3343980134755502,1.7776833547187891,-0.42494148203020854,1.7864595588201095,normal,0.7406112052946558
9.287113994124484,14.044360517699504,0.5300868626587748,-0.0758680899000111,0.9800623450400723,1.7223756754559332,normal,-3.952311103679332
33.474858912450486,29.439266009695046,13.805482928911617,12.000919536111404,2.965080028089904,67.78413118148809,flood,4.385494010178317
10.067659850898288,10.967052336311841,0.8493521707001701,0.5581298403340628,2.06046568062674,1.382612455875723,normal,-0.9757796510270579
34.69349453727086,30.61338728399874,7.96991995217437,7.88590116092073,3.643128040885383,76.66211879744165,flood,3.2136496110032846
2.157504158086253,10.12595800177205,0.03435172673254838,0.778058756851827,1.8763842308697845,5.1351061596595144,normal,-5.47512178954581
28.23277144039161,28.038359913955457,4.520446386034508,8.921060287151859,0.8872483631090994,27.70125358448599,flood,0.2778100149455074
28.447426478010613,25.66196305999943,9.154981120006918,5.9592719450396805,0.7674682856432881,41.97613318731676,flood,1.6438038801062662
28.067673898023973,8.97005666099767,16.73920520918925,-0.46055718004138985,1.9496554517647442,2.1722126499309056,blockage,18.734964680216255
1.1749372492138601,12.970271055910398,1.4131536915879377,1.6633910538506431,-0.30889011485360657,2.6751000573031978,normal,-11.277156058551803
8.72570219113942,6.716564669558258,0.5713440988308318,0.6956242627895878,-0.9995413833461367,3.208302380081771,normal,2.137351297749733
7.782024750373607,5.948033603140957,2.208357555397029,1.37845426698732,-0.20378024393796487,2.691027352343449,normal,1.9826139468360857
6.83769369698185,13.965439900343615,0.1689213221440624,2.038667391797101,1.2309311117214798,0.2873076044308163,normal,-6.272347343527594
1.7988113469785512,11.923068781441842,2.2610558016280975,-0.14450151816769757,-0.2510623623477855,2.166853497661197,normal,-9.702944848662408
28.24275326081366,30.382039021156306,14.002900113664118,11.614829737175961,3.2316259723175706,33.87722615491695,flood,-1.5984693602405624
25.67826885101028,17.498808169657917,12.207970450927334,7.980124492912351,0.678745859060397,53.06949567694451,flood,6.642176227404729
0.9422177592060841,5.377281367112959,0.9809946874184241,0.5873744396527864,-0.12912511049005415,1.838961155100595,normal,-5.133426946732511
33.2636985895909,2.392780562898545,8.418875759456197,1.1439817443270561,1.5091276172323522,25.772710318063215,blockage,30.97434281831572
4.400957057727299,9.325205620113497,0.9890733177704034,1.7338160925419919,0.5919729705462696,5.009533159591777,normal,-5.415480982048173
11.022805195827685,6.947054089196857,1.315274819146346,-0.035053699239304376,0.8315858435334555,4.271728331548987,normal,3.74967191573813
23.937529366925187,2.750932683595504,12.716337774626412,-1.3709110753594673,2.7902204078526607,25.004068814091468,blockage,21.6496771081038
23.60639812717305,29.374795236472526,4.907276591466839,10.698402315094219,0.3004734562978091,37.56890176418442,flood,-5.8019299454122235
5.928455842023095,10.910550225446574,0.7328015445694636,0.22797885611462698,0.97432171296022,1.558695043672723,normal,-5.469615752409096
2.5116123953746685,-0.04961183161812799,0.6396915167616513,0.4666345638225073,0.6461132868945876,4.902938591011245,normal,0.4947788257073872
10.29166982144907,4.696045136769953,0.6650855698049699,1.325525391799627,-0.39613559550223904,3.151774668689355,normal,6.242209824084359
1.4812231393207291,11.842968700078034,0.9857728290268789,-0.11589490230206567,-0.44337566889173086,2.838396546681356,normal,-9.011052854906344
21.36824810496869,9.698521341398681,10.263206717639187,0.4608622720096778,1.1939525910803899,6.703890431500832,blockage,11.758932020877685
24.48911178700744,8.459537909525093,10.01587092124281,-0.009371770850035377,2.450723087209616,26.698334873700905,blockage,16.37508007267525
17.29866584223833,24.472734285481927,6.74324113276042,2.8084091059243295,-0.11946489061394075,33.1725305132776,flood,-6.9464518968137305
6.312303676682486,4.918675404431085,0.36858926904419803,0.37912010985315064,0.5863284728274307,2.0333181418920567,normal,1.29130653753349
27.06081327994862,1.5600506791157647,5.922743131363984,1.4782319731764284,1.4301134878495418,20.604133376739103,blockage,25.3902683050951
5.455665403302729,7.327999374012013,1.508277624901685,2.139013023914806,-0.28197849351610793,2.3842646307739748,normal,-1.6979391751100399
28.847063846787986,30.429937370683298,13.209400099934903,10.037822908636862,1.823016750227604,43.86273791120689,flood,-0.4259690604321308
33.64530461978269,27.9499892218682,10.450032531412967,5.476436831599695,2.847724021294194,30.21909169756662,flood,5.0476642839307
30.056491079917205,33.84417955677681,8.504814733324494,8.94959717672181,0.5739722683829472,45.84005262914238,flood,-2.871966230698366
9.62632770427501,13.755768252959909,0.2873577106885458,0.32879574985435045,0.2220319318218267,2.634438282744434,normal,-4.065559384888888
26.694056821075744,4.644010638785213,12.6662034701469,-0.35418465796685,2.6040629058294433,21.997429411267035,blockage,22.026513545648438
24.569834942358074,18.018104418028848,5.14727628732181,3.583047579933441,-0.2667176718097418,49.09703654556164,flood,7.305297105750857
2.0325151470277847,14.118781035399408,1.6379491026857886,-0.08891973978387183,2.0578996332603285,1.094596219044811,normal,-11.448880258349565
27.686597746847955,30.410034300078653,11.464370585951134,6.456658718306488,1.3283409484519664,37.25166196256177,flood,-1.8937570598784017
6.750745273301272,9.10674562836086,1.5381512886377884,0.11279058425519839,0.9358668422857354,0.7625027604501036,normal,-2.8741185999612564
10.047436641658251,8.145432041551151,1.368141705203525,1.1676239451407084,0.5329391236850468,0.19261638985068674,normal,-0.3133794583091539
7.025676724985388,9.662248409266638,0.018191038600613774,0.018717944431086347,0.05103400089632861,0.5922036116862979,normal,-3.1977382717728045
29.454032919091443,30.92506800810993,13.521468906162873,5.634079932842122,0.6945730958027151,40.49024147590591,flood,-0.5713384464027482
2.3130906380700926,10.56654636142941,0.8343201059421701,0.73177354077499,0.32667271622637134,1.1711847102586925,normal,-6.927173422672147
26.073489941861656,7.074040938572273,15.49691127929156,0.8879427015353212,-0.024152695091750775,7.304206399893386,blockage,18.966681435558286
34.57636111355834,7.452461992145262,13.50220669937886,-0.7072149393886181,-0.06591698925269338,23.652523087865955,blockage,27.194856012457738
30.206767918672917,28.49641514835529,9.870313838474683,12.709019279343961,1.9663631959855477,48.95574861230963,flood,1.2178633905269391
30.3005116919488,5.270553698474098,8.434369736488215,0.12683251379028343,3.052692167234372,8.653085507233856,blockage,25.335157254959427
20.928705558494865,17.37862361732034,11.08845959176166,5.555564492684834,0.620938657808014,21.740875840521355,flood,3.6100758604596037
4.4101841731499825,8.627293337669549,0.703865723292999,0.025384868210222455,1.2212650854048277,2.2264935722140766,normal,-3.9803004687427364
24.15363735092905,5.39283875955881,8.578939351122445,-1.021298717068023,1.2837124138233156,23.977845066651696,blockage,19.75779580543545
10.049917535409826,3.902067686137636,1.6998232581251422,0.7955641814963188,-0.15736511632337785,-0.1248343751302326,normal,5.970682685423803
13.20678944832993,8.9899403267668,0.7590937884373923,0.26470471632929315,1.1820707341337888,1.0683438758260182,normal,4.757530232775735
1.7004876759742487,3.672905413925135,1.8603143838553702,0.2596602592840726,-0.37308346800526976,2.0062285734365215,normal,-1.1294278538545335
16.482826307930928,19.026820479553024,10.503304588061429,6.05618374323414,-0.18402847532548222,25.856005386340364,flood,-2.0357666632865445
31.166837713781526,1.6273975396582658,8.670740816625756,1.0110898991331223,0.24316364270448948,21.936046880162994,blockage,30.121186277137202
10.828874310326718,8.113710144073833,0.6737400507171988,1.4684354021310948,-0.2248689705654209,3.06076811933049,normal,2.8342669149639903
5.971143138139791,6.2448936517074625,-0.7519148670335647,-0.3458510388093924,-0.4242449641627215,5.382504589393625,normal,-1.3586411307740816
1.2555703283165958,11.511494012700311,0.32080674127917047,2.11707606311924,0.5900999767339405,3.7681149170615775,normal,-11.12747477967249
20.115108734701757,27.886475240861692,9.384246257870204,3.8929330538773708,-0.960790399278842,52.760098886614784,flood,-9.14429819688176
29.41901842169429,2.102653906093966,6.763929360785325,-0.6944127383942696,3.6928988560743083,17.64349404505967,blockage,28.61530591557254
1.2815567677513013,7.690328467033727,2.143078094947761,1.9925206272943083,0.8243031398018602,4.322464539328258,normal,-5.442296280111891
14.89697424577921,14.368414937163989,0.3578925557494657,2.5449531451885736,0.8592538535057653,4.935287416646198,normal,1.1302029828328786
20.679458828052297,4.866745202497948,9.490204473749847,-0.6022511089978011,2.0179456950183967,3.26299100182059,blockage,16.112964521442702
14.539997439276437,2.4890815916395432,0.3411074315719285,0.8152346533941099,0.7762479589262149,2.3454642071465615,normal,12.058423219132749
13.1512741282904,11.255006084245622,0.6343621793083939,0.5256286352400517,0.28038467967989916,2.6851445343492353,normal,2.7675996450168583
15.816122361468501,26.660842436249442,6.802463837526758,8.665952957367283,0.5623177121749408,36.942656561588485,flood,-9.753519182021204
9.625731478312506,5.277167187607464,0.21311056193581124,0.7400663424864051,-0.7623106230598936,3.192971552351675,normal,3.9242939006149564
29.76190267179283,16.005669523530155,8.33144055561046,9.651023975397434,0.316511198247654,40.43824254388261,flood,12.405588803555935
23.932578974622697,26.300983633979037,10.155981856977654,6.487529343711692,1.1956497571693412,56.449515524172796,flood,-1.9661785700666772
7.5694210993155675,2.512095225263466,1.341233887851509,1.194062720334996,2.0404419347115823,3.9417033490284434,normal,4.879574136653771
25.69897102997596,33.700303031365394,13.427505630689424,9.770918028087896,2.7255571794756337,38.859504006106995,flood,-7.580657081333681
1.4206522896266496,13.988518003980797,0.24635549891066572,0.2604596734084963,-0.7394116258616122,0.7612520374589834,normal,-12.653803148614251
9.099262866611065,12.64224907606218,1.216823980154588,0.3709483545626119,-0.2931870819690832,4.194911531134501,normal,-3.812835727467677
10.709401275351855,6.825965739182422,1.5131799146795082,0.8826197471982383,-0.18937290782369937,4.900581861906853,normal,3.2084659335094194
23.00073884834024,29.847850714844252,6.77034990478016,9.267083753910374,0.7265101132541741,36.093779036385044,flood,-8.01264218884781
5.622694333971187,12.31588868155843,1.2818580049321127,1.6655609010120012,2.266798482297298,1.5321270617568408,normal,-7.44429216205914
5.163880494866018,2.890478991927471,-0.7714191427086605,-0.03855662820854883,-0.16936385703675008,2.271586924319994,normal,1.637539822872466
28.4034153764548,29.098661724211322,9.313345095723795,3.901182776463069,-0.5589989436654493,27.633812473254746,flood,0.1801962681355726
11.500921029830078,1.3150866631865572,-0.3059306690010398,2.310331857873193,1.266791909823191,3.2089122983183134,normal,11.312664109069608
21.063607216518168,21.460001090036425,4.9089997564596075,8.490753977095428,1.047793732958938,23.74086397265271,flood,-1.2759641616339044
23.2429481100039,6.377089509763533,14.453823083860415,0.034819104422256,3.1496814197082936,26.708003578936697,blockage,18.27841706960506
8.862063746199004,7.068541960629196,0.04138233926988999,0.4622311633922247,1.1674663355703812,0.23998732571923387,normal,0.46066138256643635
10.630704656436881,1.6518174299685016,0.9158421567134982,-1.105590048757485,0.29620100573384894,3.6439122689927004,normal,10.160932037747267
11.316161992700833,3.867408195211172,1.35396157171513,1.4504787081633044,-0.23406187950258622,0.5067178998342211,normal,8.011596454330068
5.310767305568688,12.181754177087209,0.8961941675951249,0.8890637487527667,-0.7024854000617092,4.158074097423284,normal,-6.065098058313794
22.17905118806958,3.0877425800996345,7.059611793410565,1.3222127066047404,0.6788978651306294,28.535914681053764,blockage,21.81135392598568
24.512789685258934,26.153745656257904,7.335792637436255,4.467076592671493,-0.3188706233385913,25.436320143789274,flood,-0.8019527954679171
21.341420067795013,4.571506149442396,6.903608099374812,-0.13347361869589303,3.358996690923214,19.618951059656084,blockage,16.282027301434965
4.4527192360434675,1.3684302922280518,0.1780628403075526,-0.9670565298049785,0.4970748952045366,5.102522638142291,normal,1.148855041825782
0.5339349038001474,13.92214585467474,2.340617103821861,0.9169777708914891,0.6992766241899725,3.078543398122296,normal,-13.678522259349625
8.944940813014501,8.31889056453484,2.3473091235828605,0.40212124399212024,1.6535111320573934,3.4718552253574297,normal,-0.2067724558986837
9.424525850314554,6.963797913121375,2.152251444914288,-0.18136760975706756,0.3166535330651165,-0.5062911305205705,normal,2.745568559778812
7.352749059497693,11.40162691424809,1.3755149723911582,-0.06862271249579838,0.6175272847720387,2.5712823851663167,normal,-2.4419495159086733
27.072758985848385,4.515542575810263,10.114997403046774,0.39730428087918024,-0.7873203089427889,16.456386739265575,blockage,22.417420502542353
8.266177431045458,7.813518389953682,-0.5111401923361151,2.566047164757045,-0.0690354228284216,0.40263634410839877,normal,2.5353028337185064
20.49382759106129,25.779505027739614,9.273670326660698,6.887780826382104,0.1985028118226043,34.46246659656418,flood,-5.490809209029999
27.822357640054918,21.912241693825635,5.370824021048387,5.511118309717505,1.088561152646988,21.29992641743812,flood,4.905392631462508
5.920757731053971,10.650127175425835,2.6404804288169936,1.6435869570590615,1.5937717595254497,3.5884368865714076,normal,-2.929619713337494
23.714700756110357,5.9452428999645175,16.28295156528473,0.0280195015261564,-0.42727281132259604,23.658506779764455,blockage,17.202033176474917
6.9148880184594566,5.473936433992298,1.5212519743380677,1.889894689613147,0.04202567385663859,1.0844611746397128,normal,1.0015563020057592
12.97203100990095,12.107683219721338,-0.3069895070864215,0.5423120877731122,1.0258341245503049,1.189594300475908,normal,1.772036332039684
11.920446239787145,10.108881737317157,1.101216496389622,2.515915079043184,1.2060263139418854,3.02263625041526,normal,0.7458835811071708
3.718737986113058,9.093286460822204,0.6366024502053634,1.5085255112930132,-0.02358191715554227,1.5602072318286118,normal,-6.141958857196102
12.021754192461438,11.047544009416475,0.9673391201727232,1.9960195186588499,1.1373021510228514,0.8533969722707011,normal,1.597005418881088
24.119631826530338,5.824059026195743,17.892210012663288,0.6932827351375939,1.6424712249604412,16.363333214276796,blockage,17.319782666702597
20.040028631987536,21.83893099713324,9.962556737247922,4.212480257252845,-0.09564272532588751,38.5047282498923,flood,-1.6940405003195234
20.01025508330031,20.6904431765101,9.763184924364582,5.177782866574403,0.2432414117200275,50.71682615044552,flood,-0.11732889694081663
26.353494317459273,28.151229161464034,11.699010211292881,7.639743317905684,1.3225379060097895,49.45954836377663,flood,-0.059077205449754144
31.989802489428662,33.745048172403536,13.42304811810152,6.845113404761998,3.478982591947014,38.17509206202824,flood,-0.7362310272444104
4.253677712109442,10.428572547960666,0.4839043504744591,0.5647798513273976,1.0923192901757253,1.8867829834672696,normal,-5.601735515597654
30.055415646431378,2.2144472630834637,6.440453486385883,0.899623999700086,0.649435668403519,29.478738896319303,blockage,27.730788308085707
26.138087547090787,31.82912719155464,10.310920576361369,10.301575642727192,1.7801288741697885,53.85231060347695,flood,-6.757323977294171
24.08489072403667,25.31985281532651,8.417589665144412,9.305135502239386,-0.25859372434994216,59.28274763726278,flood,-0.6482853051769035
25.02076741062529,0.9687376977627257,6.82120674137683,-0.035514102425392075,3.374575211929021,1.9922251302876346,blockage,23.22016187548741
2.6557555693565966,14.934658850397039,1.4788209714285696,0.8250339524765702,0.49904382301993594,1.1163507887151027,normal,-12.451351776415725
26.175869034235824,33.592918221157994,6.446142232990425,9.418722084769582,2.112628630368057,52.7729376614398,flood,-8.523886821497952
27.66230000125185,28.094761619811003,8.782135010475336,9.266678663093996,0.9737853065042361,42.10852138015632,flood,-0.47526712452774733
13.783811801557903,7.55885039506781,0.8272447836029067,0.948892504147316,-0.44207790409596376,4.009507667385339,normal,6.340852043245691
27.714360758031095,26.302077576538604,7.425073507277947,9.200376676786366,1.3913704554290294,30.062250786895635,flood,2.4565222245027107
23.58738914895043,21.632525294212464,6.083234320255469,2.5159726604001618,1.6936241600655348,25.369180657559273,flood,2.2186440134106715
29.082431922909635,31.022324916751245,9.733552021180403,4.454880580622844,1.824407117457321,75.27710124600269,flood,-2.600062036721262
25.819001199750478,28.438050091580873,5.754766608147555,10.433648044791298,3.141373244431826,73.22905405922738,flood,-1.3099614736698846
8.438937650148231,2.296805092058449,0.6020439307298746,1.6070876800566665,2.6588330982861876,3.0237070446464247,normal,6.486208179823414
24.704209214544736,18.913805136973053,5.552810181121787,3.2332372085868273,1.405023703812541,45.53918040667266,flood,5.539128910651083
1.8741120492967072,13.767914841596975,0.7652034877929532,2.0851093001334595,-0.14395586103307295,2.2815650151128604,normal,-11.937200563883838
25.27615982157241,0.7000986958559449,9.11713894973646,0.3194687483897826,0.6853371785449089,1.8514803341755963,blockage,23.769310454653798
28.37599020530156,32.629988763020215,14.287761207620786,9.768572689296137,1.4167787919456298,64.88042724609474,flood,-4.2166235837984445
12.698495793577827,14.446882965546875,1.5485616963795708,1.3999772253709588,0.006794450764647401,4.390382650596392,normal,-1.552211938329981
4.502205747120758,11.451551481097457,1.3989396118434634,1.3228974420189057,0.8491251581753153,3.7031398739544055,normal,-7.87860343774409
4.906114911497527,12.61720424817,0.7486270690826338,0.8404792990927678,0.9991258866100804,3.389780427524542,normal,-8.160004908168492
32.45336786886684,7.39777968720241,13.514522871838707,-1.3385656410770652,2.7550672898449684,30.005226421947306,blockage,24.700145467565058
3.1964261795072195,4.6499837803815955,0.9847113886742754,1.9510975156892163,1.4263665786846982,2.8385318032895483,normal,-2.336260608341307
28.131020542035483,33.75697255720611,11.958155802294078,8.98370082119383,2.8272905011092804,40.56519184033791,flood,-4.641961833128707
5.299127601939252,3.741949000944163,1.349761834360663,-0.6588024269123606,1.6114792483986449,-0.023447942555664847,normal,1.416322920480546
2.098243606247012,14.622666138868027,0.13804991255641663,1.3458050799941312,0.21325301097771707,1.6178369835567232,normal,-12.045638350402312
4.505914186616546,13.960611483483282,0.9743094033145173,2.1802516954795648,1.0131016017933596,2.497505566811292,normal,-8.811097954534684
32.16735931921696,8.127087460313907,7.459367346548992,-0.6308827305798104,1.4179319017394034,7.975663027245687,blockage,22.464706893197
8.551826916388807,10.677856663154499,0.835603162013811,0.8656915598266832,-0.11846771753326062,4.329581817491421,normal,-4.368145651253657
34.21193871839442,7.769456801816256,15.762550244043206,0.8124909016373536,0.950504906284791,20.948280364279363,blockage,26.292675418643988
5.732148466413247,8.318297301296605,1.809469441162482,2.0248115791811903,-0.1867777376350783,2.2955880258890637,normal,-2.8352399960940744
23.48460861954966,5.928479053108094,6.694082034317302,-0.15217379346943088,-0.3684841627282991,2.6581200309414257,blockage,18.836600051980653
31.66024913922337,32.78167738165241,6.761423181689298,6.311761603378196,2.9885057374722033,55.0825862794597,flood,-1.6444416334654561
28.13970377371293,5.977219282116544,6.885458075634437,-1.130795132786147,-0.3351835993705182,13.214241497048567,blockage,21.534905312814487
20.059816204102752,9.215234809037883,13.386121868683086,-0.6549895573098385,3.4365025596570464,16.460354442531155,blockage,11.26396167114208
8.781530320136872,14.613170015753843,2.0297734767285407,1.1970789913419322,1.4374042579431088,4.164150075118173,normal,-5.3387136990865525
30.29746854638029,26.485209107031384,8.152173370431834,7.927998131557545,0.21050232454928217,58.26169210025578,flood,4.307375551572931
28.081759654301305,9.957686105366296,19.12848812527856,0.20909926307800697,2.4499438586004967,11.806274423534518,blockage,17.802747908077503
3.9238595862048298,2.700803773394629,1.5857154464959482,1.4653020380334694,1.6487669249642698,0.114014654521854,normal,0.43053316913602135
27.953932828511018,25.78785788145914,10.12286287387238,6.2844496568453,2.16159490060317,64.93044239988718,flood,1.9166856581507323
27.130154382126175,5.01951749357239,19.28606593759706,-0.4549575019813492,-0.43807201613533986,18.236437262248153,blockage,22.664842387803716
27.7537740855105,21.45477807268128,9.88759374022715,5.778040231652224,0.3181683131659498,24.169078760178405,flood,5.865412540483108
20.94238042561778,27.3469001393632,3.2093409682858116,8.45178931355666,0.05358062377044113,38.26384732668308,flood,-7.274322117679323
7.862938817728799,7.431708933594762,1.1237073126670833,1.3174282137782571,0.6127063798675126,2.8354857483885887,normal,-0.5651055655872272
29.34336588847384,28.438173855274705,7.213018615325734,4.047239319782747,-0.569872180401144,31.64641197653836,flood,0.8547708496517141
19.086737419657787,10.170187122762668,7.210956344814337,-0.3903063585504204,2.55996117116592,4.274678521118392,blockage,11.424994640821689
26.245975967617493,3.276609485009767,8.934985996793184,0.25089691661812563,0.32412133798586507,3.6260781447980817,blockage,24.305014450959856
4.527714330041682,4.327017228878846,0.5809003683118477,1.7420674532597702,-1.018344276161091,2.6557096248237078,normal,-0.18049363925282214
11.873299697766418,10.83508121362853,0.06306053938679151,0.28440452456089765,0.0050182212398599095,5.004335178079239,normal,1.2352300456834588
8.778281233680435,11.533450078709754,1.325795907831979,0.40489612879972153,2.452538365768554,4.347729685212234,normal,-3.3561018384532657
26.20713837982721,34.07038052125299,13.532484763153315,7.259701390708756,1.9363304104234218,54.42247023498678,flood,-8.089111392056179
24.581492535407335,23.644445508934048,7.971393908395578,8.176590059509717,0.7977344858698969,22.118422784027253,flood,1.0005697063825068
32.95701831715503,29.341765498676146,11.760274510406353,6.725167969165768,2.6564062248933524,67.06482876972532,flood,3.0629774198523694
26.377079664208416,29.799085068312376,7.761886414240849,10.04720856748768,1.6128665237308082,61.32811594873314,flood,-2.133790218503086
20.626393185888173,4.023451496334998,15.602618140375435,0.5154828060664071,2.9633574580260387,19.854412141934606,blockage,16.696069373666173
2.8843206806261033,2.7680717699243322,0.23428497065735765,1.8322622300395985,0.4543710906068744,2.7773547978618485,normal,0.6736297097097627
21.125429176953055,7.909183335052942,12.590678389652211,0.6654350081022795,2.0121101381101747,18.262936238698966,blockage,12.861358952641279
14.850304295513585,4.513649491714729,0.8308683462296584,-0.30057841910618177,-0.00924542451668806,3.085708295874423,normal,9.14905607147357
9.168280514100115,6.830110779241936,1.4572231837784742,1.6891361545928554,2.027353888515597,1.226532121228393,normal,1.4659155562314075
14.514135593378313,13.006294049077473,1.301383666750692,0.5426643407620746,-0.41352561045838937,1.8808478274415326,normal,2.0408084355157903
21.055979010327302,3.8451790784731696,9.894540514586607,-0.4211136804540174,1.977555180934607,8.379659758377754,blockage,18.568012205172465
19.349692571089783,5.773680802988126,8.491524447189994,0.02799824922877886,2.127782235709602,19.555574588796887,blockage,13.583300299315757
28.656972563830898,28.402639056256266,13.238848547959117,8.643410011413732,3.2856798535825136,54.57031092070712,flood,1.3978556434423086
9.601144545224216,5.476087494977119,-0.2004102936028216,1.0736978776912898,-0.5756655237429686,3.6328585505649302,normal,4.119244917836487
32.17311163921229,2.5382440620958207,7.0374972258057555,0.0463662607390833,0.6025065191452081,21.420131207524232,blockage,31.187881712328725
29.0313289676707,29.88497958097533,8.354218234660719,9.644371402411416,1.2404345140843223,57.17331790887391,flood,-1.3123552784345132
7.08158482237936,7.978820918651918,0.7915878670659462,1.3373626598113468,1.1521689883402182,3.1259535756976295,normal,-1.9678583161960532
28.366687525272507,3.0474347592180533,13.397505500479872,0.2326554944692032,-0.44999262968986004,0.6549481564487538,blockage,25.853929266952033
31.909317948939787,32.28399878290885,12.966325921937806,10.86557063388967,3.099479668614491,69.32914700777732,flood,-0.9883651292366706
10.8882934833606,14.089882619721418,2.0282196096987675,1.0111348873890666,1.3368703259921109,2.0268899313477973,normal,-2.7447990643769518
0.3134154243089131,5.021186785379683,-0.13571310278298065,0.8885852603123845,0.2577944967695955,0.28853839112189184,normal,-2.7875694916391276
2.6291560873088313,14.923075113256447,0.8713787799014717,2.1454363750981735,0.8405521335040455,5.1971377007653885,normal,-11.822490149192888
10.947164570278503,4.765861911442157,1.9073653837116316,0.1316601096621337,-0.24261311155444465,4.3354488328470095,normal,4.039244087498347
14.01187331352084,11.311521955480007,0.6819757947402123,0.3978775179420371,2.200101142189717,0.601956899158608,normal,3.7963293943640437
4.335081386014709,1.4331063903828785,2.9628043773838386,0.841371810041871,0.1335326425828538,1.216963899096657,normal,2.9729429252645425
7.271127421737655,13.625199438981937,1.955182456673422,0.19912548085727635,-0.40195962756631964,2.5270114657783997,normal,-4.654410321697394
4.4778303864137925,3.920429739143065,0.2691215127855284,1.0841417301806162,0.17042160589470148,1.8358864382024298,normal,1.1477134912230478
12.254935805553854,9.620389464611215,0.8084390422247704,-0.39550010570593774,-0.6678901352861558,1.55831716161391,normal,2.1875791136712297
33.96416368625967,2.581200274442952,14.653689612097637,-0.8556098304321723,0.45339582634177195,5.317238988254597,blockage,30.03418291631587
1.9901107060859329,3.2697603101247954,0.6399561620762232,2.3278613349607267,0.33013567161307356,2.194362967552567,normal,-0.2373262493407663
1.9470194276323054,3.232241114312322,0.596366997049642,1.0115197465699322,-0.031939259772218086,0.024280528455368933,normal,-1.2496968075075998
34.82948316816766,33.504201197612524,7.261663608788502,4.533148525049207,3.179514000522106,46.7452066896097,flood,-0.15131192276975225
4.0893769828328645,4.424109149905398,0.7365040628804689,-0.481033535643672,1.343652699533545,4.349810314142974,normal,-1.1977155213846893
30.344623651349448,25.522983751163196,14.00470354845891,6.333313988646349,0.9817431440484874,53.565025729224466,flood,4.745550613567803
22.385115304885858,24.37372123370229,4.382836469989966,2.8660060238839504,1.6740231219072312,58.0014197245603,flood,-2.0553367604834616
23.24355835101846,7.075559724455975,14.605562082519013,1.2390629948793004,1.1033864754608598,9.88120146555183,blockage,16.941468435851203
1.3865894947423731,2.20121844559906,2.6868056652594463,0.4930306957516728,1.3158802934591636,4.407830131887582,normal,-0.4416551432850454
1.812949782932869,12.87345768707906,1.4679557145429603,0.8202936458463095,0.7747324813976064,4.378591136865003,normal,-10.808528876943265
17.66409917013719,18.257785843937537,11.829713180457873,8.180655288513309,-0.12444944704965365,31.60942631373232,flood,-0.12040101602971581
29.27633560856575,3.148246401710704,19.623200597893568,0.06755144523597355,0.23566806209893995,24.74269120169485,blockage,26.599039836345394
9.851641696378667,8.495342530864066,0.9745175971878496,1.042063556125238,-0.8636323736121184,5.434453800348859,normal,0.6549955879205223
34.25354531027117,9.699303222102648,14.437774301234809,-1.4333207279421827,1.086856701532649,7.046783135398167,blockage,25.032091852615512
7.2423752487464235,10.099496857489452,1.289732350713829,-0.30623174631283456,1.2276408294595735,2.089679906349926,normal,-2.0434655712589356
27.25605747008346,2.9152559856179643,8.709927734103381,-0.3181404998677396,-0.6258544455301791,14.362347552134892,blockage,23.562729542398532
10.036617499771273,6.850155018342417,0.7362149312055221,0.42763624576491155,-0.48496642068018425,3.5551835460558654,normal,3.990635899484432
6.276809421373704,14.314118947517592,-0.19824848946636967,0.21044965480445704,0.23073150945458412,0.22320418345836032,normal,-7.679204107466513
10.52255640398151,2.7848080476370356,2.8585202785476747,-0.08856436046524552,1.9272058709203184,3.4747287896767016,normal,6.823327972545581
13.227296811708637,4.7991928354025175,0.090319339299605,0.20117509313407853,0.3172148825744083,2.3279272624698972,normal,8.255174640725288
24.823361090593693,29.692279412261342,11.239853114234378,10.654680020160011,0.210092468391209,43.26838371168337,flood,-4.941127701244635
11.288114664554993,5.37960257814954,-0.5412964548729112,0.19189948364657583,-0.35928531839876826,3.6535718166992033,normal,7.471016182255701
32.91467258576275,6.882857117368942,7.496186689571707,-0.8948170278412017,-0.2883304704584956,17.573743037581504,blockage,25.517753932265542
5.147517763681693,13.777480851778474,1.1484473557913915,1.0282232786438366,1.6727393504202412,5.433219300383821,normal,-9.404097386721267
4.248784002301109,4.769696323601126,1.5386446374963025,1.451340939575309,1.4040596725580554,1.9184807164377662,normal,0.776208876090873
33.03844047375729,25.530057187220773,12.07824608313243,8.407151976486068,0.7757027845653712,37.316244115051866,flood,6.363334774294479
4.502526781605822,12.921542839448374,0.6038825835944631,0.7059982027301327,0.15580472091001416,0.20676234009047936,normal,-8.094781031463905
9.99328910220679,8.663908952668306,2.034852570612562,1.8821179981743872,1.0773115832457472,3.721021833250346,normal,1.6212511902879159
12.138265792142706,4.32385764672701,-0.06659039977702125,2.418794980257727,-0.234434509850354,1.0235624218329307,normal,8.041575897499618
25.482717065393196,8.27539528206127,12.303077539587592,0.4723833871032689,0.1317161329340354,15.858250057488624,blockage,17.377006496495422
2.0829283021838454,14.262973577230602,1.0703235235687363,-0.4579657401909937,1.6297817163852966,2.1075377839789358,normal,-12.287536479983283
1.9028729968099207,13.981259865552879,0.6540596710482497,1.9170542329386393,-0.23667846910881318,1.8437778792606907,normal,-11.59119554425182
9.26700387972927,9.319387173358978,1.4904554427962347,0.0835618614398847,0.1789083225159881,2.9170911107592086,normal,-1.1898254039696372
6.596094540927948,8.02528452552302,1.288409482338009,1.5604145424343403,1.6360365714224976,4.181931213924294,normal,-1.3484529994149965
30.75463270876242,30.783755468615315,14.51983490836783,8.184654866736908,2.6361311148278483,49.918377854292025,flood,1.1927206342173395
11.934687572860572,1.5311250385677724,1.439581918786635,-0.07676827652771345,0.20686419761861297,3.8686458904977306,normal,11.250272824953536
12.159695170076375,14.756868068073008,0.9930238664117039,1.4323854241154819,-0.7971663759057342,2.810543133497764,normal,-2.864803374845284
28.745896802894727,2.714274223350417,19.31285024183611,0.033600410322495666,0.48162729866528176,24.255702369829905,blockage,26.387955595475876
19.994548429699073,24.698754995524943,4.910399863340247,6.063842170959232,1.5500075359322918,41.06296148619648,flood,-5.772710168575912
2.0530131175656687,3.9858945317243664,2.021971548665593,0.8199856807960476,0.4013434302159813,2.718938148885313,normal,-0.8511707532472196
7.747305362184608,1.6578892166084644,0.8664236928901589,-0.4030723209245527,0.8165500003568393,0.5476135497116911,normal,8.118488846014277
21.409209359849736,5.391293968162157,13.483799685764533,0.4908785211632528,0.17059205086035684,10.81875662278986,blockage,15.835024579302818
34.71036378448903,6.445994885091713,10.039774823783288,-1.5395228137049557,3.7019440836216386,22.879984668472368,blockage,27.64695377977157
14.406232340603037,2.2358054232197535,0.43484081764627014,1.6412823861428076,0.8542149664870772,2.29626080970388,normal,13.112353214282777
32.28535065169847,4.81173354991223,15.100948887249807,0.3287954041231709,-0.09575162293062833,19.86899597723642,blockage,26.665070148059346
33.4853716217044,32.607204505115725,12.310719899638094,8.810797029373802,3.1986204497970543,69.82203458670695,flood,2.024339547868921
35.52761289365656,31.4503006133619,13.559384557961513,6.956640351445185,3.032143190675922,73.183890491648,flood,2.913417949818156
29.735531303994613,6.768787101348893,17.84798740516949,0.480408936315294,0.5865994499074338,23.655765596855566,blockage,22.887845862471927
25.260095593362262,4.553455173503496,6.315961240432503,-0.02690385354935565,1.3590729868026385,27.044327891886066,blockage,19.465223410775216
32.39548756150299,30.461492037066176,5.645583929564711,5.184276903361723,1.1731628986746658,61.27521376267458,flood,1.6762077958267518
3.253620272563875,11.524954755956209,1.375716854921882,-0.42807927196636897,-0.42379797746194664,1.166610271347479,normal,-9.086537332614366
5.130078718692236,0.6072213133715318,0.9572624486142021,0.6333467404288475,0.36634170197299687,0.7605309873275973,normal,2.576863084307054
29.908746925163157,9.203097634338361,18.46776474141408,1.0076461080619663,0.4662160473926822,20.127318976288613,blockage,20.41249352656767
24.446909159596242,28.117555618141093,4.18195735223558,9.24138951276522,1.7099708222833558,22.110033997757043,flood,-3.6295492243141867
11.016046102422322,4.02818721607091,1.9087516548487815,1.4117243896875948,0.9910942737323192,1.0887793524804417,normal,4.818974345681296
26.51512805802355,21.497053417468898,8.917081746047318,6.104631066952595,0.8232438114467164,26.019916893032697,flood,4.865288153939841
26.202223216889394,3.4074470445662293,10.539173977593851,-0.05212004788095348,1.478178774341016,7.889232163557054,blockage,23.023168437916908
4.735169533122739,6.734270283434026,1.1599963586033508,1.1182615419361557,-0.1849061661580099,2.7778694559478185,normal,-1.0540122943451187
22.965727698791078,17.55934985407476,7.7603895053406395,4.900085114763136,2.21378514998191,24.908814460672076,flood,4.288269324395893
15.34866109838615,29.45616244665499,6.476821370980059,2.644666031587334,0.9685490634774666,22.535542234388892,flood,-12.470879128718277
13.05020875305679,8.933446878374538,1.2884934039216902,-0.361031879765097,1.721968381848781,0.6436828582540961,normal,6.067763074490655
4.9943342473798555,6.048932537938985,1.1043563469760231,0.0388565847640423,0.5345412342768869,1.233679087020101,normal,-2.9990553718068633
27.79437215087939,26.88442353689962,13.537048664288854,5.24225627858534,2.383752140535058,72.5534795526058,flood,0.8508421908934971
8.03013321873885,2.02954397595792,1.1529311895957999,-0.3100228899799277,-0.383837291267464,1.5372297702091386,normal,8.079990389335526
26.96540364140645,25.289686630667138,13.253733397546538,4.604027049056713,3.261012049048473,42.72892269950447,flood,2.787938407627198
9.286895915088335,1.0308394552590963,1.0361575793437297,-0.5387455836118895,-0.18124274590096903,2.021107686678741,normal,7.800814411948917
14.808859386329136,15.683443530958058,1.1313646358157392,1.1975093360728148,0.771916661197916,1.5012445446451113,normal,-0.5681064464504505
21.656839917581415,20.906076928902486,5.191853516350316,4.356039778489431,0.2315283662114133,57.13881559700702,flood,0.9259241059843132
7.529262201327454,12.37827993587234,2.5615667836146327,-0.719990716973392,2.0601760267383926,4.043073799324862,normal,-5.8700834635718335
5.455455912313606,15.726676670544444,2.436755367172573,0.29983922602355256,1.0058021107002653,5.201989320570614,normal,-10.094403697170339
20.05910298259549,6.097877295148283,18.072763944118254,0.3799893334243124,2.237940574743202,9.984475939394176,blockage,13.629315681491263
3.915489963284732,13.711489896505258,2.2510291815030965,1.5936878372536856,0.2986721692975991,3.867586232758401,normal,-10.27322608135213
16.28840132255845,29.16741440148214,7.509228689020426,6.0996239054000885,0.9415435993854531,26.41891536725085,flood,-11.76212454853611
13.206492988579166,7.756857193041451,0.45002425325760953,0.178755059324757,-0.41687378361639527,4.499029398151711,normal,5.989225804425563
24.53501167470975,21.402130407743297,5.8850254155496335,8.693814800488214,1.1765280794832504,53.653806167882486,flood,4.747555822580334
6.54417992054689,3.431934921733687,1.3211443669824507,1.4344096197731884,0.4574570009548263,2.8703638768484305,normal,3.499752883422777
15.050635934207927,5.421206699596361,1.7324814421836499,0.8308382322703477,0.01254122385578114,5.203014755129757,normal,9.306173206318546
24.740711093705052,5.537499840007033,7.843475382806471,2.555586131718087,0.45032645488297945,13.637172541633317,blockage,20.16945092608826
15.53817409709878,0.055686467362768166,1.750514112503718,0.7321588863552819,0.9804053460159295,0.9900927356773022,normal,13.640694621171017
7.817515144302734,9.770321677455572,2.2934904322673315,0.050932941008820704,1.0065933372634632,3.0413072727433996,normal,-2.606168116310333
9.415484094288852,12.043599642291136,1.6558626335376099,2.3126951744044826,1.4193236116659709,4.748853414482238,normal,-2.5738887289132046
11.026933183113297,10.045099625729828,0.5639373548736981,0.40978613683117426,-0.2452429396929969,0.3840379355264447,normal,0.8523887297941536
27.167276507994547,26.73553066093332,9.61429593398912,4.862219227557935,2.808897382308462,75.93637126459632,flood,-1.3688280053477775
7.006646126969773,6.96791824645983,1.1689605954617843,-0.2872264654676765,0.34409544357669164,3.819546422333143,normal,0.8480448368236818
8.97710256671188,6.066575968950034,1.6936967041050772,1.5914586123160919,0.08482909666571657,3.555158484801062,normal,1.7264087374990995
28.875073530607498,24.658776935834624,10.406318396690843,9.962773061724711,1.0651488497733208,49.709780760371316,flood,3.8275434268237754
30.842319953206076,6.9458992306743355,13.273461559714619,-1.1611897957053983,-0.6290022047198607,15.148796624538107,blockage,23.908327994759553
31.338063803517475,2.0999061114548,14.115082318663807,0.9923773817533625,2.2977187293375514,4.075779849234009,blockage,29.84296667001655
10.498760363832144,11.88480818779107,0.9501893603948647,1.0757986511936914,2.0899555660150915,4.054941967699979,normal,-1.9926231072209273
11.397654229574961,2.8843224910226293,1.417498717362284,0.600879631288094,-0.23656600851473253,3.3648632471433126,normal,9.334433016389195
34.47778487819406,9.130908848853052,18.8774905661367,0.9990655021449373,0.3574959810162348,7.233035742331901,blockage,26.512566801282684
28.56484591742498,25.079915021055008,8.501495189570035,7.52528618551201,0.9376291910744362,39.8942688312233,flood,3.5831543844966323
1.6744863583318021,10.672724038630154,0.30352500745836075,-0.5512793184818534,-0.3035917074634553,2.262227116719268,normal,-8.47447595740471
25.458485926503577,8.721660519336995,9.652527371931567,-1.2698908503509245,-0.4706877953367301,4.73868194523106,blockage,15.089644694969666
4.436023170721251,5.041892820468462,-0.13907760412755676,1.3773049665738877,-0.1203582504509444,2.7953499227568708,normal,-0.8416748983102492
0.8325318857591557,2.5920573457296836,1.7566593579304521,1.6503696014182165,1.1660467858781365,2.6421957664686815,normal,-1.3186790218272613
11.098487075023066,9.968320641557021,2.8945588394806965,3.051053058081502,0.13387317902945448,5.681164936392525,normal,1.2253840332043504
20.59124854382688,7.874323683473858,6.3776555735401175,-0.05185431655071571,2.647187134094547,26.433775325341095,blockage,12.913155994602032
8.193452211993304,9.692845596530002,-0.05154745463578353,1.3131717571817059,0.49614222050468326,3.247531376247871,normal,-3.497754443139578
5.997836095961344,7.250640653572177,2.32663293925761,1.7837333724653217,0.14943950223538507,5.0579407220552355,normal,-1.8363447674620386
24.217868063839912,22.02099163047084,12.168556663145964,6.480900630402281,-0.8317061654466751,43.914411201727916,flood,0.09300097517036299
32.64371606245445,28.641540784681474,12.872720510030137,10.009694526578071,1.8162210341123088,79.38303414949593,flood,4.724049402762323
25.274301267348385,27.722009899618268,3.4066419259424006,5.016238101221209,0.26685523942478195,23.028188473364278,flood,-3.5034754233032626
13.70162486371261,8.576828160633932,1.2872547507602072,-0.12340397287615873,1.1908805724362677,2.2219134697507825,normal,5.369418008811522
30.15008701219357,9.47665322835328,12.942184509373845,-0.5008308803766126,-0.4840163650393891,26.346550430303235,blockage,20.89861324260332
25.37540511032659,27.02103958203119,5.71733216023374,9.447097355283425,2.399106017850138,74.42612454207992,flood,-2.7773879223779594
26.093066930160795,25.430325178812925,11.762301322836182,10.820372829087274,3.3159056075314695,55.72086053844405,flood,-0.04871138833980587
28.18991387464438,31.785320451878352,9.206893514370812,8.042913709472693,2.1238401082707234,60.85506232453805,flood,-3.8864464187877137
2.4510498241182788,12.063866383934943,0.9482699076562215,1.2002584291536116,-0.4902141897928808,1.5985805855379678,normal,-8.998158567501239
5.958049229975722,7.5953963800192055,0.8691594144560215,1.068625675316654,1.5326755998794344,4.66392520060843,normal,-1.910653371594263
26.037689382220005,29.21475188596114,11.186918306503648,6.699907860318868,0.552980262906285,35.27390724861199,flood,-2.684932414084775
30.960960193343833,8.188008459494817,13.96826894463823,-0.7095503664451924,2.6860108398834956,14.606387230305495,blockage,22.945977722053325
33.9792622277506,31.645409810790586,13.868263037739156,7.937609868517066,2.5991932751735973,64.51008865689337,flood,2.4615018860588345
14.11809921734813,14.807151770100674,0.464506177838211,0.01999506601561446,-1.3686877466740694,2.192872207245033,normal,0.23045382104706646
10.36568643037453,6.145833156005242,-0.019223493720303075,0.092446839865711,1.5210741229339915,1.8836386629931225,normal,3.1118602547719716
14.97406595764269,14.470950326688705,1.4191734921257484,0.6861770366266093,-0.46778698759970205,3.6960057524165086,normal,-0.033178734534101
10.656115054468575,6.528767434016522,0.2938091045274422,1.8046545843620059,0.37161304507041487,0.5543589333922307,normal,4.914814896144485
8.05482725413531,2.3283347359455,2.080509241622552,2.3171664652774275,1.615070090409732,2.8525663817172697,normal,5.37601304700145
5.951040195613054,2.247421223308486,0.8815197650181141,1.3254604233325702,0.9613313824917877,1.3557042036981128,normal,4.6946734716924645
11.486893822505259,5.168494477228987,1.4938815048153988,0.03498434410315221,0.035456265508113746,1.9632832526636546,normal,6.454348357750549
12.790787851488838,11.907626036109335,1.4998748201700314,-0.3250332354181046,0.09971322186066453,3.3541958088019097,normal,0.9141924478562966
26.187258513552628,33.72287713982513,12.491373558476655,10.453629213326193,3.598324050780125,67.00549350467159,flood,-8.071288998637371
21.550934805362232,8.995517167225481,19.272805740599072,0.5597575878903687,0.20326549232154947,20.61530288797797,blockage,12.362594939137951
34.465901296428086,8.845462796491866,15.02305113970824,0.1664375847112909,3.023355980304927,10.13105714797283,blockage,25.402905620166973
1.8024705928521745,4.387222313727835,0.35506750035496315,0.6707347749922294,0.24883718052199474,2.7422557477111953,normal,-2.9589968947330565
12.782568423828197,13.120184886365339,1.2902133088015761,1.492245238600924,-0.5931455079053635,1.7688911742335822,normal,0.25181960784356094
33.581628075467215,3.549539465196784,11.695254471978732,-0.13436591942926962,1.9990312980387357,24.922704222188948,blockage,30.276078529739046
22.668338880219007,3.0264764365358556,8.474389000823185,0.6999904230620413,3.6637992327007067,21.573603622679478,blockage,20.07338208681858
3.804851102478715,8.582991283520137,-0.35101228238244164,0.9883385094323927,0.11886120046017785,0.56734986381029,normal,-6.0316890089924575
5.708274064044477,2.16119454441462,0.9610403627785022,1.037520161018425,0.2602179140147999,5.284538146332436,normal,4.447537871158307
26.5745553477161,2.5279930752137223,14.102709589953786,0.018468213541830703,0.0705640568424395,18.886863760818024,blockage,22.953606514648357
11.949413191016685,2.5178938700573905,-0.27277010168743554,1.9930880346098359,2.166186747896867,3.0845630345417994,normal,8.090340436392617
5.788330725851276,5.244729574237615,1.101472032718435,2.704306828000326,0.34381927841882237,2.358923718427924,normal,-1.0869165889843162
17.005253838522556,21.46825021017622,9.98656726656339,4.167649823421826,-0.2290131930831516,37.42620502330274,flood,-4.065001460942103
22.274679654709818,18.07294199766159,7.0688676694608485,4.505733343839252,-0.672143243863775,53.78850730714486,flood,4.183511330116752
24.660463311177665,16.738503938663342,5.9249555945133565,6.979823820298209,0.37515778668026006,24.721274127332013,flood,8.261419216161816
10.082720338300323,1.501733549387648,1.8908418257095612,-0.37796260536804355,-0.4657317564416102,4.142680965332883,normal,7.3500299496602794
3.41473416585609,7.592514533152609,-0.24905251277328888,0.5423314567244291,0.5255362142220197,1.8872163836757239,normal,-4.659849686339998
26.20491156235218,4.6885869253133645,11.671828492697987,-0.82064536281491,-0.19045646845389452,1.4776331318111546,blockage,21.454994777266077
6.008386758051001,15.091801692153055,1.5804288823664814,0.9007259620005866,-0.510272361069003,0.03944379050066471,normal,-8.166370964931222
3.818187792864197,10.848772211459274,0.8233674486051313,0.8519804720215605,0.37995814915917814,1.0665517753397344,normal,-7.670066222004867
11.407923777055835,5.814973651793838,0.7182130363924897,-0.17811691438789568,-0.6535509506081691,1.0723562255933126,normal,5.823989823037701
25.054320767822375,24.887130675520652,10.629008762280048,8.528193201880349,-0.2976294602847736,35.82765866002937,flood,-1.9809988188945915
14.938146120485618,9.256954875003581,2.514842743650329,0.7656856928099788,0.8981150461201161,1.7032701898245692,normal,5.6607545545182285
2.4457002768332083,13.991002711958771,0.050866347591552216,0.11773579420599241,-0.6705314592511021,4.852022920291235,normal,-10.772094421353193
15.994587430749458,25.594436340239074,4.851293623671477,8.304213582521722,-0.045680261213240675,55.50061096652946,flood,-8.858735133459541
25.87520822534235,28.77129107517046,5.639671983230312,6.384528998624552,0.642545540504103,29.073777664857055,flood,-2.7139406437069633
7.6265940953844575,3.725105547143678,-0.16484644143789817,0.2701541634533646,2.2082969214072743,0.5423028824667585,normal,4.538026134850078
27.5298442324202,30.430887553748736,13.993683674780517,6.065916257142443,0.2725879932773272,65.05279349551203,flood,-1.3716048690717173
6.72198388584314,2.252227947580582,0.6822101163140132,1.3917547414680271,-0.977058302215618,2.1748650291744713,normal,5.760760370535629
13.044912068699722,13.112170748427936,1.5619511431806814,1.2597079007538727,0.4575042169618562,0.7613305348488077,normal,0.07739990395726803
22.91145817613454,27.537904426878903,8.975116864840126,8.57212229077695,-0.06507334135671748,56.88110279975564,flood,-5.086617845763989
34.631918031877895,9.073582508593626,13.558068075482035,-1.2858462130749087,1.5469122768939685,27.830688799094432,blockage,26.134577667280414
24.691422116563263,34.47280607761035,5.961545330644287,8.28925107587098,2.62060720580365,67.42025337262938,flood,-10.438891940702932
18.125128284079207,28.65385739617463,9.327374621200754,4.639415084490973,-0.5030038985206309,37.1503514268981,flood,-11.02546944519773
22.302463750161934,16.411912963849325,7.994329967289504,5.926637246257797,0.8182893767995661,46.08316584757921,flood,5.188898740118691
34.73733883634779,25.38108241302057,6.4781241310966236,11.67351611943193,3.060105944473727,67.9566566517602,flood,8.30351026926289
9.381098590225,13.359120361943644,0.6426770317788133,0.5241284203833376,1.4796952633181049,2.1841891875154156,normal,-4.594096461539591
21.105550926100992,2.7292674742244065,5.989339122658304,0.5457157899924417,-0.2960633725004829,19.911975875291386,blockage,17.625474758960777
9.498574100715969,8.610036711944483,1.8057232949912168,0.34610335470161413,-0.017682390525458284,4.386117541688587,normal,0.20421655712038805
22.262051800071752,8.0275381085966,7.680715865120792,-1.4071683537204627,1.9106786356852354,29.591975839444988,blockage,14.88809010630727
14.214881964834667,13.02466976959344,1.4588654998106132,2.052798404580177,-0.36107233839555936,1.6820657316397147,normal,-0.5779724685405074
13.4796997292478,12.221813928566721,0.5704620798789511,-0.04286629700037459,1.2038857427835603,3.1837164989916413,normal,1.4728872178984762
28.29132635282437,30.563251427183264,6.14658817836311,5.771892852222132,1.7734456682838502,60.45274788453142,flood,-1.584690102878117
32.15535557800146,9.296193552628269,18.028930183068756,0.8309644034518134,2.2191427523019542,9.820227501208068,blockage,22.58488153180908
24.922761047517675,28.775729008473597,14.588365092228164,10.22392342004614,1.91191823472517,46.12648159987047,flood,-3.65757286136377
10.961654275937706,12.714261055355381,1.0663833513960026,0.6451709119243898,-0.5863457950797971,4.510905382305582,normal,-1.690256257555932
25.71224861932822,29.276869157039155,11.546082552173237,5.033360966585942,0.8951627206702445,58.23213754452364,flood,-3.6838705868614565
16.248883204504576,17.24728077942641,10.072829178056082,3.1006293752235856,1.086201783034692,38.15391884745137,flood,1.0816435607641615
27.176394409780855,4.477938329902357,16.928457692037963,-0.2742790931711514,0.5325168116320882,-0.41665896913719647,blockage,22.02897160976885
20.06878677811776,9.812509064896501,19.857366474035896,0.02736143781964523,1.0673096857498527,15.774749679691531,blockage,10.717202084549227
32.600362960241796,30.49174805836793,6.87012117697533,10.069936702159817,3.1550005708951803,35.09257402536773,flood,2.8367067285445584
18.884210180271307,29.689393092462616,9.254679826934172,8.662363900691608,0.975929276106307,36.77207724720311,flood,-10.146923491664635
28.95890510387892,21.63276425412619,10.783149273509437,4.56311100044189,0.9785217226109468,40.56646796836076,flood,6.748791429127076
30.777295740930825,25.005459466714406,5.496593248452904,10.643038997701723,1.954896861138201,37.63567490666893,flood,5.021274160681843
27.295544951654257,3.2283332417022104,14.729715194840628,-1.8693829163595803,2.151958544635029,13.171947747441871,blockage,23.552190260431765
11.066004664026106,6.495084344690578,0.015715595862421994,0.3343564198363821,2.7170707172096447,5.054210100608403,normal,4.091355320036407
27.737131444585803,2.4754214186838013,17.06382401987383,-0.6347666032204953,2.6715757753877614,8.552941325711187,blockage,24.444391787833567
31.838590872386725,25.352303707104657,6.506476144672607,6.520401827671149,1.630524367680599,67.71536682666633,flood,6.052173161471619
1.8424387763682906,9.06059581124131,0.5581230661044629,0.6813835336224272,1.747548857257795,0.8190940120685897,normal,-7.952865225959037
24.15602412185703,5.445400815977088,9.708096114447903,0.7844623181032216,1.6233283936638103,8.823144136078849,blockage,18.25079208206472
7.083127405057544,3.063503285089118,0.6052816599957005,1.6069664223437061,-0.11259301096275641,3.34385659926913,normal,3.824767004992414
14.053313195261353,10.04268010941495,1.9693417439715613,1.592419079017127,2.3373341390949016,0.37584872639061895,normal,4.901274124555925
14.524566036052883,11.6203041544204,1.6134479915891775,1.9782435353072794,-0.083981078380664,5.244013213261529,normal,2.55900270713514
31.433818687954897,9.166741575434274,17.977392583360892,-0.4845241787335059,-0.37328560403402733,2.829858271524744,blockage,21.816572765462258
27.041007387087905,8.482240356495318,13.07938106275659,0.26333576892142724,0.8917856388421477,18.390225930611482,blockage,17.81148980827798
17.926418381908867,20.90018242073978,6.087715549616036,5.058477054357471,0.12730508051276215,53.30316473507851,flood,-2.807044128602353
13.22655027824339,3.661351529496314,1.715444527916375,1.164327438878576,0.592558961055917,2.6265952944685247,normal,9.545520689150221
19.58980931930241,26.24545953496107,7.211853326587979,4.563606370183671,0.7654388052778496,56.299412422261085,flood,-7.389791245144936
25.517995708927458,9.614574440617657,14.627311567092143,-0.938859610174636,2.4625940438353853,28.808199607453062,blockage,14.61635831852384
9.733895857876274,0.9206897925867211,0.5896267677224336,1.313096890625797,0.9730431957420311,1.2225953622827601,normal,8.807599634106557
5.609207441093846,7.657196743824195,1.302603439683616,0.8433962020772743,-0.07793928454609025,3.343530461560654,normal,-1.153248297469795
31.640293670096774,3.1419676203024767,9.525002460313067,-1.405138408569222,1.2291629357802003,22.445054617429612,blockage,28.821081824330218
3.6905951887771917,2.9202634989256717,0.08881323855252558,-0.018081701619239388,-0.4117934670520529,3.6496756826525893,normal,1.0922954868626276
5.683795017737903,3.4182528692612566,-0.30541680350838685,0.38294084296808095,-0.7949166946313899,4.527423365281615,normal,3.602983565398371
26.059780589334906,33.424876715689486,14.319870402580388,9.79134886265106,3.023259437640911,59.492414820314515,flood,-8.004210999438612
5.079120384626699,3.5791815961338207,-0.2431148799862657,0.258114893555512,0.038010650633013,3.5932181333124085,normal,1.4134752786527196
32.91781569720849,7.781497325773093,12.771534900842541,-0.46940992745121113,0.9755494702084495,14.438560911974767,blockage,25.28578285367314
35.03377870820863,24.37445327949327,14.394579692231462,9.898930371379912,2.1309675057967787,46.392621566034244,flood,8.344269940417123
29.187853520722868,31.05064087588261,11.297464798438916,11.168370562781298,0.5286521043851056,62.55508235206226,flood,-0.4670654387788805
10.691596021376371,13.927421071624773,1.4906986080559694,0.954941230820718,-0.5134688871286598,4.801781326445684,normal,-2.8396038695017003
10.960290932907021,13.438803018732713,2.400638455772211,1.4061712814678113,1.0000735285920324,2.5511170533237566,normal,-2.368781087536501
3.6228597956686746,8.636936404205969,0.5247435118868007,1.055736612835164,-0.9378293144001368,3.382741510758243,normal,-5.023210465098763
34.35475049825183,27.104425026786963,6.333291951602846,8.185577317698542,0.6547738456786878,56.61370162276244,flood,6.0279241576798785
11.585071236024008,4.81908568789098,0.940780903781754,0.7391424286437217,0.5904885737479917,3.2269454096936823,normal,7.856386889082546
29.614730084779655,34.01342532212177,12.558823935682693,8.556439819330082,2.991909512541018,62.01625601496988,flood,-5.406119048308781
29.02905827738302,4.065043554810685,19.70082003302249,-0.05567175674379221,0.9508485365517599,9.695901147187733,blockage,25.527039726219687
14.439026501417102,10.47603126946725,-0.46618023912830975,1.025509886250155,-0.027092467177907645,4.190804348232808,normal,4.848188532542831
9.395558027637144,14.590476447671302,1.8693372967649722,0.9778566634309545,0.7926136344510757,3.8265732952002613,normal,-5.338849599594986
13.236972728941323,4.457507670198695,0.45289932013217626,1.2290981333140096,0.4776461254391125,1.186346236202881,normal,8.842049343425028
26.0585990564208,29.612393548009432,11.106844610913509,7.831534419089579,0.46330293903980313,46.43229273713046,flood,-3.1440950899238116
31.085921724420956,32.85806818524074,9.813176444943673,4.805045155760225,3.0285270949905314,72.67380576977598,flood,-2.80507276706448
12.039042519711819,1.8223372373399553,2.372487327387562,0.8585696530342304,-0.44034004501804175,2.8657854355234846,normal,9.971709806968699
2.171298192732878,6.4288150867633025,2.0409124873199924,1.4751979807040236,1.1061461632069725,2.760264850808245,normal,-4.502708436021506
26.162606022067642,34.43887596975052,7.7303378806504455,8.590691013004903,0.5225842578166378,64.09504245502532,flood,-7.143435722064601
33.111538386373645,4.288221470974059,6.7540553618419015,1.5629593454911868,0.7298576964916506,16.97603328376916,blockage,28.244912114410933
3.753641378919931,1.6007295946739892,0.3756213228771015,1.5864841909778233,3.411531015314762,0.29685944200796177,normal,0.6618607451234226
6.430530860126917,6.393646181497632,0.08970503517542233,0.394551768527754,0.3774431711160008,2.0821131389794845,normal,-0.1940539480935085
11.125139885162282,5.14644321029484,-0.1967698157318175,0.474714611907222,-0.4653165459221454,2.0383658238153783,normal,5.6746579517196585
13.698119828377836,1.4151861752316601,0.35251240053203525,1.1177641480310208,0.13441942399463824,2.903717496138941,normal,13.287549968058821
1.4368627020892473,14.20218261432039,2.2019660014269196,-0.150492702723398,1.3155084933158459,4.7106756168728605,normal,-12.453069961576091
25.035896269848777,4.085589552180862,11.026590042980406,-0.980602051340526,2.7776449255902715,1.5958510247828188,blockage,19.022509903243602
0.9056057792171344,13.021149970704728,1.7867401195106498,1.4064437835783223,-0.9335892005724632,-0.7627498788032637,normal,-13.460755415785693
19.972096593938467,7.360027637752113,13.702136130622197,1.0970028751601393,0.5085990303595174,1.129222436049634,blockage,12.872937402429509
27.60820600780542,29.465884323005316,7.181266173399625,5.216325103406156,1.4387590739893221,52.29981741654338,flood,0.1127800937996164
22.398073720724483,2.3610743362910487,10.25910944947303,1.803879573482326,-0.19018513000068585,29.39358255273529,blockage,21.394200298670167
13.764294349238524,7.915893450391166,0.34618762507408873,1.1378457133184807,1.8101754737520477,1.6468342133993434,normal,6.594858576191645
28.788093655549325,34.03427832336186,6.9568352030366,11.690635958539753,4.083725350305873,67.60358323165286,flood,-5.000566640494477
28.588012396591523,27.39277009367998,12.907616047397118,8.268808322890386,1.2761826961789025,38.61690905153968,flood,0.3478190796175826
32.12837773020499,34.908115209054024,12.751735672172217,4.2494459531394035,2.041121659617582,47.066441249766996,flood,-3.255991208285831
29.987704850763787,30.531529402238714,5.52683102523639,8.16899732632723,1.2463684160980117,65.70640190386982,flood,0.3250286893458571
7.985817590161475,14.034800001684534,0.7216444222570024,1.0324512064715305,0.867796612263219,1.1174997008597016,normal,-6.064638900923018
12.702415278208019,7.555939142380648,1.255014387097005,1.4691964491527953,0.39687711925895713,3.9001458008398235,normal,5.742922436093333
21.53734981430771,3.1799355023266385,18.981619358868382,1.5070512166010448,1.9977438266655065,18.469083804613284,blockage,18.919325859432064
34.67315966727372,25.984514796302413,7.24489820409036,3.9440601139268003,2.0681582664474982,63.69961102026607,flood,7.6818132495228495
2.658570288400535,10.49257328022349,0.8043120224629017,2.522370369046461,1.2801929306425375,5.465718537850379,normal,-8.394285902251157
0.31413329952035096,7.301277044162778,0.9755981023475339,0.6909003022866822,1.2002263153073476,1.241164465167147,normal,-5.763350162992802
24.433414285507627,6.211084784445421,19.903805060200142,0.3197984263032413,0.6899200539425521,15.465180803702033,blockage,17.427302143072524
26.416337544281912,24.982309370952187,9.310798091215496,6.721064348020627,1.4374079782771103,35.76053594484114,flood,0.5849853073526422
25.435882315285898,33.11894861152847,8.706850792718702,7.190077866564169,1.8167825864826108,54.38023250153642,flood,-9.031684083123178
9.722189178875398,12.803607845484068,-0.11483829616631036,1.0645767497814775,-0.3283425491398418,3.2411671826352353,normal,-2.232102552753766
30.19806283508799,1.7395855838110712,7.585564274159282,0.8044662347881979,1.5573252487932312,2.2942742209568165,blockage,29.94433532591238
10.253230419755441,14.674950701403754,1.0999836180497364,1.2549665393610656,0.01628342537589425,0.03252606943813319,normal,-4.249905499365125
33.69931308715275,3.4592262005312993,18.606332774427738,0.8275694442814727,1.1290921701328764,9.043802576088673,blockage,31.293418718359167
4.36934135669428,7.630593447233543,-0.11220788650940322,-0.011288524272289768,0.34009053747425794,3.5629258216185007,normal,-3.8853051670858347
2.5389344138796868,9.229884703486793,-0.46642822597507494,1.777615209674341,1.8615726570474571,1.3095335722907224,normal,-6.312900839159353
22.587026703419614,8.616259652354502,15.893440240905916,-0.1711345833772061,2.7976284523272916,19.402627843128098,blockage,13.413807897056437
9.817859826411325,4.848127620803693,1.1096986735283776,0.8033451799421282,1.3016875486014208,4.757566655139677,normal,5.914340393463245
34.44541186893673,27.80521832904096,5.9994308314857925,6.84524363082241,3.1689597720753166,75.41775602404792,flood,6.5105735436812155
28.18489306365545,7.35485674558797,12.362838244483207,-0.8818797581712186,0.3806139897047589,26.78721958058122,blockage,20.89236363067705
23.095728062491474,3.1804431683861263,20.138589064020252,-0.3942572625565309,2.768016252397733,14.036055558519456,blockage,20.991841298083042
8.856318324784796,14.32629898968887,-0.18792516752460164,0.7898746179135019,-0.3038890656619195,3.8689555855766304,normal,-6.38882770952229
26.629351065985485,31.780129789466503,10.734802894033585,8.112638325720885,3.5812767065193603,35.758819304503284,flood,-4.161839355783348
33.18591820223563,26.993480942556907,8.227930493012462,9.24577801543654,1.2229121602958208,67.45373023691943,flood,6.09934343852398
33.23269361318015,25.511800243286967,6.951303265005412,10.877016960594327,3.036777978544371,44.90599811471729,flood,6.363726235516285
21.537588563473225,10.104490449371061,12.90174071904955,-0.2851373203350761,0.7119667745568039,13.540189881531102,blockage,11.61452785327143
7.061621899379218,5.8637588142523125,1.4348603567658857,0.4453272763547907,0.5476153728820834,4.131548198560149,normal,0.8123387644860773
3.575634218819119,11.606177208654158,0.5833498190637413,1.4126235746970641,0.9577789496474599,2.823556925001426,normal,-8.477414764176588
11.910029362356493,14.028543075307338,0.25814186794099747,1.4238145729326486,0.025174025147404647,0.8150235276138192,normal,-3.6891516742806543
20.9368204461916,6.950327721578397,12.481756054081405,-0.64596510461566,0.7211848697962787,8.450153694043946,blockage,12.343651945012969
33.01872699554363,27.642050515966766,9.741812066898069,11.966314582545472,1.575939288984482,65.72751358183726,flood,4.8728137901653445
14.726261047041675,15.327121092055105,2.25953479688525,-0.19669244568516547,0.5724842883027544,4.246256511196861,normal,0.49125042077245146
14.221558129724526,13.752550900345113,0.7166529250952304,2.2226779555739586,-0.13314224952270912,3.4695545206574883,normal,0.4252946859444633
26.820904118705606,33.78173492928481,8.991135599914914,7.190843028110529,1.9360791642677238,34.04591302559411,flood,-6.604463779860585
11.67560446020617,1.8241233558193592,1.4109611598674523,0.1736317539369397,0.19476875807643818,-1.2385110088995481,normal,9.03805732586908
29.710393249341177,23.261843607001026,5.592229133253248,2.2659979341009406,0.5196306429836829,31.810314635010137,flood,6.528829334574759
2.5468174056942487,7.363393067058929,0.8363885706858443,1.208221828293671,-0.8171045582020978,1.4247641011669432,normal,-6.666383413372788
19.36896230468633,20.771234424800653,6.7528379874954245,9.683218920200334,0.48293382178152194,35.305395858006044,flood,-1.2679259528265299
31.235150036095085,5.800437920933333,18.131332464483013,0.12908248990818855,2.6475320220765943,4.347824153495167,blockage,25.582604668953547
5.446280491780925,14.13290510494484,0.85532774849928,0.6875962992739569,-0.40063991439948315,2.018666576861253,normal,-9.068343507985622
13.647994492403159,6.070418218922194,0.9074187260909056,0.6393808563820174,1.9858339639749767,1.4482231534094097,normal,7.701592660317911
34.63659905833817,31.976300057129944,8.279156023764717,4.164969456995833,1.8486349139362008,48.61919061521456,flood,2.6307441367304962
8.483384618413268,12.594828293239908,0.17125069832972073,0.7012785773808942,2.3951156998905674,4.122022296363196,normal,-2.880996793255637
0.6038584793869327,6.579437184377669,-0.3727838013877339,0.7228804209228493,0.3552427634236764,0.35423002190663805,normal,-5.8029461247272325
10.211056016337995,9.758497732844312,1.3982411730397981,0.37764547002053683,0.5649312033848374,4.486453334142427,normal,0.5631322210743612
10.340616153005698,2.4817832978816288,0.9966663805444169,0.4198007281383884,0.5269434315631876,0.8741173680267691,normal,7.925409696690285
2.0066285592507116,2.807440834740216,1.1984492723877116,1.972598893656392,0.8159114199110334,1.1608589865050614,normal,-2.290095084550411
7.547620217860883,12.07527644998878,0.09201040619284652,1.3302022848452169,0.5466472132026056,4.508717640063651,normal,-3.7546027678203
25.10220089720785,19.76174388999198,7.882204982233858,4.948450110147929,0.9550918848931564,41.605368453114004,flood,4.970051322427597
3.279205660186693,8.096228315929146,0.19257474684257272,0.15982886250369246,0.6310912879152489,3.0657682023769155,normal,-5.201691265551684
29.190683678577518,33.711825576539276,9.414505983352827,10.048920808334106,1.1745745814886637,41.79789936667722,flood,-5.3229376941551365
29.509505242815518,34.70433588146844,6.045110297197557,8.734091352555138,2.135436225433014,41.710087358983785,flood,-5.454575090196543
8.58148287394817,13.72049716826073,0.8747548425720788,0.8558880732563113,0.004742638948509861,2.0844576624999656,normal,-4.36959221447462
16.78554383998414,29.58967782281814,5.928796165602612,3.0825214481002554,1.2655607505854913,46.79519172903003,flood,-13.17130412407006
9.595020327182887,5.712016918913405,1.2921522617893693,0.19377191225658597,-0.06377606238656669,1.0074626372062272,normal,4.3902778724958775
11.905145258884385,9.986368813638249,0.6331068381756138,1.4295011604447165,0.31761588953939557,0.6327773743472342,normal,2.0660915518999894
16.860210377097996,25.551653652793213,6.991604806250306,6.157696538749645,0.8997478083449919,53.64419083617729,flood,-9.766433253716752
25.584312108481022,7.243670674020402,16.34849345644314,0.3948705253842898,-0.30781143275808426,12.815856573132187,blockage,16.61223787662846
33.20537683866329,28.576234072852518,5.015656643693921,4.170913038688028,0.8713014837028323,32.01136466306879,flood,6.346590838837184
2.818642003357549,9.693653950812436,1.39407990946683,-0.12492564754167756,-0.054443004598762064,2.055371056780163,normal,-6.921917206926117
3.253610566365005,9.955487596858172,0.28418576068761003,0.14295282569689632,-0.34171624543533685,4.552818541768191,normal,-6.4894885585097795
16.0231678999352,18.790471063390882,5.962705245986872,4.371726716844481,0.14395942540001108,54.761565726815455,flood,-2.6489669197135566
2.798920362934986,11.69163483154321,0.9118214872910829,1.5643201858185556,1.165079582316432,4.900561699701836,normal,-7.699872697533112
22.74938252773201,7.416738801711193,7.415895197605303,1.5253228537304842,-0.2863615723338414,6.884620248482186,blockage,14.097897610058272
34.75103668393384,26.91367084110714,6.780752080233524,10.173917225444498,0.6253904490374944,52.69587047077282,flood,7.540481864478149
27.1302669427232,6.152083629638503,12.356886257518273,0.439847481082454,2.3329029291510475,26.009661336757123,blockage,20.844963378463728
22.21911436242281,29.164809902961167,7.774436455897088,8.457969447361526,1.3353931160470873,27.708956324003474,flood,-7.921925376138289
20.829058939347373,26.818613004259714,7.8976194922905165,6.889866644789812,1.1717817538124815,57.681841253427386,flood,-5.747104362839372
22.7782075316147,18.7526043248371,10.012751439554743,5.903213548192525,0.5933826405554481,30.61300051606382,flood,2.644332581137329
14.797429343095189,7.583220383412304,0.1433089014420703,-0.2695826116832065,-0.04236629310378406,5.61819358150776,normal,7.033160292278759
25.887090908419488,29.723062829485894,11.800497360908745,8.485754176576666,0.47789223932126423,47.36447935391829,flood,-3.7784723802962565
29.36334383500198,3.3061412877161436,8.24483913261273,-0.42387176664206105,1.7847484121669905,24.004493933434738,blockage,27.81107011810317
13.271758873875266,3.5065830915247393,0.05603811705163575,1.838506746213112,1.5673573891800276,2.274398674127203,normal,9.649599294111148
5.981483609754931,5.570592333354656,1.2316608819804737,0.933440489532812,0.5812377838757773,4.086024983458645,normal,0.7607608872576004
13.267429319143913,11.080189461646665,0.5569037916398628,0.45496060703543156,0.7579271626710516,-0.4705979919607505,normal,2.101929154101593
6.3137946517324455,8.08367001233129,0.35730354444647383,1.1981052703132677,3.141298026445388,1.1555068460960327,normal,-1.89737271155865
5.592318288725887,2.3471111849832225,1.321488454682904,1.2965500807742472,1.796566970002082,2.8362735655985545,normal,4.740187155860254
8.27066760140968,9.713638677497212,0.8949892625907769,0.33448107504079827,0.37284548702367726,0.8292106688101379,normal,-1.2014588246479336
11.660550917185999,6.667159180240232,1.3297404045023717,1.4760388462030347,1.4308928579269886,4.874517821971696,normal,4.845545416212567
20.24186694430141,17.02570757872646,6.205644625868349,7.391420819776514,-0.5780358153249995,33.96170612543602,flood,3.7661993523101964
24.516915853713126,25.369393573759034,4.178434754956903,9.820661506214725,0.0909679146203549,38.09542508216214,flood,-0.7424480953346604
6.2607291576542865,13.185756393607209,0.35600659413508706,0.7378812953159042,1.0377144262690936,0.1577163157749027,normal,-7.48670868734278
6.379880830236648,15.134937273364525,1.8146034703335916,2.1865292260728784,0.6764460632295667,1.659371567746076,normal,-8.994880599418101
10.329427505838426,11.532660167800042,2.3820199725904514,0.5047342436681157,0.1497887385697748,0.7646012040767196,normal,-1.106807482092511
1.1001321053702169,10.16321302310994,-0.3424881680525725,1.1805425813483854,0.6488348182366308,2.090073234087544,normal,-8.972324730130817
1.1492511374415773,7.202033514421996,1.6632190643103368,0.5084560487121401,0.40671236616025414,0.9476526171077819,normal,-4.517365789216708
25.27065641258625,7.943193100993176,10.118682063481302,0.8697170891212935,2.905660967096435,15.956990423944502,blockage,16.589623066716698
34.42805936573373,27.468980449685066,14.64521773219737,7.492390329056596,0.39767133486289774,63.973393784568046,flood,8.108116813902068
11.099444568790762,3.348383229007074,-0.3486347117534091,-0.6180125399965929,0.060840963254963736,0.6869615734216262,normal,7.212401310272624
14.846795439475946,8.53685966026392,1.9190700460352208,2.0287543683003038,0.30327736651411347,2.8092871890218656,normal,5.194424944160923
25.254497870035642,7.33897617277532,20.55694143284771,0.11915672662538129,2.3809777057287222,11.883958340899976,blockage,17.261330705512915
31.992072120689343,8.684522420158308,16.79769997409873,-0.8845675604013089,0.8622469336771188,14.645504030850539,blockage,21.853702465246293
28.086622521845975,22.74342527879104,11.210506164274234,6.790962042199803,-0.9026217713541995,25.114523449435257,flood,6.137308717459807
29.79774823477676,33.28520643883713,5.861756622537583,3.076742002618331,0.8650998364793558,52.920485157834996,flood,-1.891068970383745
27.733537288383623,27.13545961971978,13.98198361395368,9.757138429134972,1.8018858385772658,51.83445861289337,flood,2.660627540887174
7.9274416736948154,6.202945884706762,1.0899335849971563,1.7886462721157133,2.2584953948073783,2.143460655986313,normal,2.120791105796834
34.53283594183161,2.885922627459167,11.530475563967677,-0.40108206226608784,-0.050355218036148175,10.534679351710219,blockage,31.054247435277233
27.563248427650475,0.49839133405412395,11.03183934367822,-0.8236687184328467,1.8882786247985062,14.393737562313135,blockage,25.972102521744524
28.288586938673394,29.206394956106745,8.757117036390222,5.786788203012419,3.422721218739356,52.65272264981303,flood,-0.7909831371600979
29.244643067500206,30.371854556642965,7.157221804311272,4.624414197878367,2.525799438651116,40.120331654251025,flood,-2.3229997157177342
8.336375783120966,11.959492656705272,0.769422775606154,0.9321992720670633,1.0282100596729558,0.688246658307294,normal,-3.977909012743812
7.507026218671869,4.041568313666277,1.1450983540397375,1.4768567722978967,-0.41459979912166367,1.5943431602646516,normal,5.287132081462173
13.678871014909268,12.254724419747742,0.9057506229720584,2.491169173542615,-0.861607654613077,2.642997693815982,normal,1.173813303240216
6.817641945699735,8.026797148042457,1.9020591713995647,0.5219247670286546,-0.05349100193061965,-0.19194296371959574,normal,-0.9803319442977547
9.80897871679284,5.246680611890168,1.0452466189474172,1.5768659891126255,0.007208855173364067,1.2764585364804817,normal,5.123518454634373
15.56664256011702,2.3691985233452737,0.8198224738508081,0.5012427619602138,1.2566700069655679,4.072098596697445,normal,12.470260515646105
17.3849626128523,22.116250081242466,10.741285188963442,9.81544516872876,0.40602422312726133,49.62836239430107,flood,-4.98266293728053
33.14924726430609,28.99972141105892,10.230560683180258,7.462002010439843,1.4181921540795666,64.20312865707851,flood,4.157458642849845
24.780652848497333,23.710881362129083,5.028647830409009,8.767059681350261,-0.6839574442353967,35.7611965067499,flood,-0.3997526776810266
5.418143776910541,12.202585657946585,0.7389025819880155,0.8691712085151927,1.216256885849006,3.3371142739749726,normal,-6.595230372188583
30.96123398632298,5.237326791848304,14.344023646881245,0.39370564919665807,2.8264092447604363,22.02373414561996,blockage,26.048841272503317
34.56376990027296,1.6426505326010172,15.114562716216271,-0.16086261999299784,3.089872167129397,2.703243098462538,blockage,32.22808384921195
30.23046532353236,32.846909876831,10.806714131028448,10.04725406295264,3.096099797838929,75.55148658232552,flood,-3.196344436450558
29.351119867475067,28.87841085140605,14.057248852708954,9.318001877668797,3.033890249153302,47.062194626903604,flood,-0.715255879754475
33.5234830093312,1.8572028401527363,8.504736239583279,0.46735665343242383,3.6312344926306412,7.476069738695309,blockage,30.46353894840255
17.18868145011511,18.446094650968643,4.69607476436983,3.9771263640773427,0.27564824167702123,30.26105133762784,flood,1.234132690479853
2.9438273677471836,14.09508251183234,1.2759954010125432,0.6164003704475245,2.286559950574505,1.5485999334725378,normal,-12.54757548695381
13.592919136356098,2.4152226684322167,1.4115249292889032,1.7337051409975084,0.5219188447918531,3.9958870616752247,normal,10.545396861183153
32.293712896900566,33.89761153832024,6.986735516746773,5.827814043988202,0.9638810195398918,51.678577482669475,flood,-0.2880980802051488
28.100083787690377,28.480523614081218,13.049449010918558,9.221158197792656,2.4264445778190997,64.83578190431952,flood,-0.5071275734861754
10.617679384199292,11.740798702631093,-0.4284418153544024,1.6819384246519116,-0.319558103527765,3.481428149911336,normal,-1.0170250003303534
13.301766101887935,1.2788327225328122,-0.017646228416153487,1.5401672399919324,0.8317019945255142,0.6517844231968173,normal,12.439839010356142
25.19333762012052,3.4014078664263123,19.96681585584724,-0.6985774331707313,1.903772411616093,26.313216844331574,blockage,22.36380215131658
19.28209301901826,22.767421494176396,7.993522983536407,9.685248336149023,0.14579126360395736,42.016218968927575,flood,-3.1790235867853562
6.8613530606883035,1.6237508014809414,0.4020401622044673,0.37860140013272175,0.5280316043156803,2.340307035206231,normal,4.444095294067487
7.605232386379493,2.3266935169633243,1.051119898016134,1.1605803956107228,0.2884611154404648,3.2587725735093,normal,5.732321632262071
1.5491970991930106,7.089936970564326,1.8316882728919794,0.8108578363167067,-0.33946527233377505,4.272260243076214,normal,-4.306614583807925
20.64100323066049,3.28143812635775,14.879044466506734,2.060349088725047,2.1906907450890665,0.9081541655121215,blockage,17.961874430361426
21.672101055235505,19.595445089123604,4.631229484316172,3.582164071281856,1.1754689434588514,41.60027990635506,flood,1.888428761734117
6.987680836356123,11.832235652934555,0.8034736592273694,1.9300432604550615,-0.036406638921291666,1.285917077311461,normal,-4.862717092455998
26.92303849017156,29.168087331104978,7.003979473156319,9.985839152599949,1.1173146933400093,36.33089758251971,flood,-2.75513471130866
9.240331216111821,15.417132610343534,1.1322835724164806,0.6248625020454296,-0.028173353545939063,3.8073262776909784,normal,-4.602684891197281
2.213371966279439,1.2791515049301994,0.12972146598778578,0.6864899110633549,-0.08341069740741013,2.6807432096712667,normal,1.443084148373261
29.519850616041044,10.541896406078706,18.492561090072705,0.8828684453965455,3.0495566043296622,18.922084932863932,blockage,19.019480800406562
22.155188242911237,6.75247198535364,15.294107791210598,0.592582903653122,2.6330835634687513,6.603189701643122,blockage,13.403523842732849
5.876569425945065,0.8392656251138956,0.3169702222221842,1.4982180223764807,1.591401875685229,3.3768046928785296,normal,3.3963099847460327
28.834618118171015,30.28273369721024,4.48464994613378,8.030039209443924,-0.7643885871994098,35.751166717517584,flood,-0.27175805747862647
7.661258618927091,-0.1470702797324459,1.8965000534091068,1.2861936312356799,0.1939486830266196,0.5961295854691454,normal,6.476407609344613
3.878984922482656,13.269098872748337,1.3701500725594928,0.9232096483706822,1.5042797518624726,0.40893929166709,normal,-10.084736116236524
14.609235830005687,5.838890966392655,1.7840758497424405,1.098611593426784,0.8867808869103058,3.243797343038187,normal,9.089742617700532
5.283937785390954,5.436643938255742,1.3599152612975836,1.6783874646309056,-0.031479698656587604,5.0909376958602675,normal,0.7279939824637606
26.36131331481188,26.411742610944078,11.120050613096357,8.370160637551464,-0.04299532470376902,26.10444224243449,flood,1.2609630746061733
9.411667867193868,3.0100780624991708,1.9146552371621057,1.4181681097616836,0.6749171305359923,0.581104526414848,normal,6.070768465734723
20.701376448004595,27.060070877713738,11.070650781004558,4.499448292160781,-0.2587405709657657,28.145036350292525,flood,-4.691848377278072
17.115236606429796,23.65262827494363,10.166635430279813,5.712794847891777,0.36784532858195057,32.90922985624148,flood,-6.976364545379866
32.38441434732515,34.015672835159684,14.447018767804906,6.137144407371589,0.9965086622879231,33.013531151438116,flood,-1.1507650765956108
16.704872879890743,20.869818342599565,5.11794489439938,7.3880480630274645,-0.25632791822849627,59.97590456501855,flood,-3.7556187692211065
26.37297740871689,7.726894080063867,12.483304619155158,0.03556095357613966,2.701133498630513,12.284407877117346,blockage,19.21973607367509
30.21063764477768,6.403648270257141,11.1331430653523,1.3962280882799192,2.795446037470251,19.38153330325947,blockage,25.730576634469852
1.7633138111628726,11.273430879891642,0.45212549099615285,0.7452681044357378,1.8140091644816771,0.03919554360427552,normal,-8.873789045140997
12.759668185911618,10.368696405418516,1.6056931727361063,2.200154530314183,-0.4131088700187791,1.3829947111749137,normal,1.6373712703241283
27.2369636226611,23.77354710774154,8.732009339105899,9.645115142110535,0.775564451310855,29.581879492823067,flood,3.521123769191851
13.18207810984509,3.2842208398945183,0.8811938186169017,2.400542772972178,0.07219054199209667,1.201951018759828,normal,10.20701062500144
9.08967712543856,9.760626610113741,1.0713582791168652,1.7622166660763139,0.5087195303619683,2.7028327257864606,normal,-0.08702571751407884
4.354103319476827,13.939283184940852,2.3532254684908267,0.20824350120178792,0.052318336706262326,4.451062549039605,normal,-10.282515269647067
3.121548630849951,4.437375268792052,2.6007469741622233,0.589635900287156,2.3771479591797053,-0.36578481015213904,normal,-0.9584716650584628
2.3735384579095395,11.20728699288545,0.3950656331725421,0.347557069721048,0.4684647450415584,2.371040675975652,normal,-7.971084352567213
23.708576562670768,8.845510076982787,19.410116082258885,0.3377976126033404,1.1786325682137775,5.163499246911452,blockage,13.966190612729548
30.17843273664073,2.14291471012625,8.648407744614392,0.9152231583908932,2.4300149114826253,19.511256699518004,blockage,29.329526470399635
22.33945215336034,19.15313195358876,6.114237980783144,6.340075191957058,0.6696557800124643,48.64889979788736,flood,2.3580234676959893
22.629738616428863,5.826766329302517,10.286306668269274,-0.8954869697118276,2.485512296261734,28.376281796985193,blockage,17.317843215637478
26.528600608620344,26.87462008579868,8.114001559746455,9.621907413992869,3.0340058333547058,61.3738627313247,flood,0.4564142240606269
31.749172957415567,6.66745843975959,13.051317065648677,-0.47727229676013516,3.413397832599938,3.838580480972541,blockage,25.38052221170726
3.598507493598647,6.069940792624589,-0.21587955088750915,0.29816148833563716,0.5470654411813886,3.301308604585237,normal,-2.6584132707219386
32.83247583525354,34.59471609928428,10.988482739385827,4.933708989886932,1.6593764396699842,76.63053214828088,flood,-1.4081566066078486
25.470389358082606,2.9147136228739248,7.348242064140678,-0.15758829499527505,2.0714259912921906,8.095959879241393,blockage,23.244851262853096
26.409840813676972,25.180610820384086,14.383145875271316,8.587761914370134,1.3294733189997814,40.46014904944833,flood,1.7437824155522226
32.468733070023625,5.895969297163585,13.952622967248152,-0.3669035763153591,2.8224634748253052,9.264883849727404,blockage,26.03908066001627
1.3196861237224116,2.653493186097503,0.6842055341466367,2.3619299178347313,1.0262841976579484,3.962866862398354,normal,-0.20204170322025217
34.10219837441442,3.21407506117118,9.019363830404403,0.46621634522583366,1.252409822273959,17.756015353376007,blockage,31.29264267496342
25.843003048446125,26.622334197047017,8.184029951729558,4.3195700154005205,0.580994779602354,26.777274475345184,flood,-1.430066083783337
29.82945297812861,21.10677858180052,6.985125442481975,6.4515465763546285,-0.49829107613591456,56.93196004338242,flood,7.991675952070944
33.62843338201437,2.1564133620455794,18.572514275329222,0.35562105264151,0.21376300306044413,9.276325235850127,blockage,30.658104558095687
20.247151958318035,6.1336429378649795,9.640181618391349,1.0999439310556336,2.9417333294404915,8.51222688550981,blockage,14.531589559448307
10.484254690189879,13.757379741220433,0.5600866135510287,0.4094879866597079,-0.6046397826543878,4.375348584084424,normal,-2.4222527288730062
27.882250912949566,18.756376446982244,6.200268118287141,11.21759994675563,0.18025387523024625,35.85639878970758,flood,8.295445130544012
5.470217036482133,7.926115104079015,2.012014400400736,0.44409063858139597,0.652351331224315,3.3605006177009757,normal,-3.251011259381853
10.636488948634096,11.189175748686022,1.541705856052265,0.2880827735894155,0.30955952515400875,0.24045219347287305,normal,-0.5884137154304707
12.914153523074578,4.325405568024678,0.006564164763355307,1.3715360345171332,-0.01133934142748627,3.540230392074138,normal,7.968881366015523
13.232011557574003,7.041285444241013,1.0206413576488438,-0.0300066536596868,-0.032569511814519024,1.5585862132414274,normal,5.450376500508219
1.6262445464023636,4.7190602314212295,0.5874178074647849,1.4451111717398906,-0.5539677413910059,3.9804967886479607,normal,-2.7212000152299645
8.775965421700858,12.453242390201497,-0.1088893836073484,1.1610781402302233,1.4411331002053531,2.062594906268858,normal,-3.684564824183897
7.685067794648427,11.837576091607858,1.5673962488807511,1.774993138524139,0.6353227793316473,3.650861448128003,normal,-4.771041158353556
9.8602207150737,8.386756502084857,1.0715294321180242,1.463477399932822,-0.1796806350403787,3.483841010462909,normal,1.6427768818973734
1.4494475530367985,4.01075748870322,1.5435375276405483,0.33507486349130294,1.3862148922016808,2.088931564034384,normal,-2.638149212170156
25.774678910120457,16.078627892835115,6.1528103116542985,6.615468387804818,-0.6800222171622637,60.25868585194383,flood,7.8598236142995335
1.8803996922756951,14.714218243238523,1.6261159606825872,0.2538736919462049,0.4542231410180464,1.4549292889343728,normal,-12.984110992389768
8.081511209771238,2.5127001653552474,0.4872416478649759,0.4128440427015956,0.8672639112654632,1.240129640317658,normal,6.516626517048002
9.731257237779554,13.097437384929377,0.30396841598084695,0.27362395080959484,-0.04588304807241211,5.281188669859608,normal,-1.9144661597215515
4.318956439347263,11.183014755551625,2.5097097452272696,0.3533670156381213,2.3419530556781845,2.331500843477655,normal,-9.126069146205742
32.94641585904279,4.696002877069075,19.22625989047236,-0.11004293422498863,1.9337148824411288,16.062703360979633,blockage,28.32748397538052
8.470880021720767,5.189833261890084,1.212743072060234,0.8603428883913219,0.1954849213659208,0.5980197614204515,normal,4.368911917328116
9.335971579633432,14.747755754735298,1.7150880218779716,0.6118559517567315,-0.18458702449697934,2.6143287961144064,normal,-4.915501701909237
24.33796719999727,23.862699899081633,5.184823806289137,4.926982154465533,-0.07115204784954997,38.71980926370863,flood,1.170163715859419
8.402398068953282,10.661359443588587,0.839650711047701,0.7645147895723052,1.5989011268198543,2.404905581406796,normal,-3.2214964644299977
22.138119452550686,28.009141947504396,9.647419450280957,4.945619862945615,1.662605056252438,51.896210017127274,flood,-5.355741750913666
4.417379446581075,3.241838922982345,1.1933701612539762,1.5876335257236949,1.2646085898740511,3.152526607268991,normal,0.8559761230174322
30.392689570892,0.2719983490670741,8.990651427850084,-0.7113878595540465,3.4885418316809975,6.6866141323142125,blockage,29.77601313409483
23.69450661033079,23.79287130241192,4.819760268391391,9.157999785647815,0.15326498832080096,53.060023193443236,flood,-1.2878905773058646
25.85669329745325,24.306946073780782,9.206306193057308,6.131393424041681,0.3266570560062602,30.02716854018522,flood,1.7016107440988246
14.783565159638279,5.002365744494276,1.2949391803276757,0.20341693092849022,0.5171216466147609,0.9436247699072692,normal,9.540095639491174
24.71933518345733,27.961313696012354,8.889503139546688,5.541939001451591,1.271614676812242,53.79372291237408,flood,-2.3454899446495783
11.65328654161017,1.1141578438970325,1.7914101587315863,1.6233064464663733,1.8792826750673606,3.281662285601406,normal,10.239585878286494
33.085983559248746,1.6795394848954692,14.337689942438876,0.41409367086385485,0.8780376401476297,5.662478105053187,blockage,31.57747723181087
4.033693954507678,11.787109329709034,1.393678833384954,2.399538461655809,-0.3024160792576903,3.833627235251601,normal,-8.279303544440369
9.269403301633155,7.101963158315503,2.2765544044179724,0.09575246830438289,2.0683012595410286,4.776777243173829,normal,1.5772379823817397
7.540500327260009,10.682311843782092,0.14217605361536959,1.2450903499853214,0.7164709385694655,2.1832845712963316,normal,-2.4156074589982213
32.216938026446016,2.5285131868196484,10.339952596745766,-0.9880152709129715,1.8570136990392727,28.58749944009925,blockage,29.157262640705888
27.296426022778935,4.603139139996144,11.297240049873071,-0.16797528305753295,-0.2681449155573712,1.768903776203734,blockage,21.58725425155142
27.333883331315782,5.506191716128907,12.329108009458713,1.378914998784329,3.407884097479536,25.686132873102125,blockage,23.278004906388595
28.78849621144022,19.27600388116538,4.934722959167527,5.772264788533144,0.5393999528707996,53.34317500049916,flood,11.246376551440484
33.60464517931226,2.4210116426595136,18.495652029569943,-0.1350092264755842,0.24333771006357408,3.3525471331808747,blockage,30.671292167508696
1.9345846812996497,8.827851579215503,1.838970246247046,1.7991472047745347,-0.2206779804711409,4.324450395917884,normal,-7.436990296328523
14.040374134246433,12.949528622034645,0.8273751676232215,2.8100857392673824,1.6727771616071927,3.5414430515553637,normal,0.7519541546073797
1.3056158911127087,2.2654198814646618,0.7476072675349921,0.8349373083570736,-0.08912562362276814,1.1371315178241563,normal,-0.2759190301862857
3.3985421624037437,10.392749594850395,1.3894344308536255,1.6896441169025425,0.9196590527567551,-0.6474325181121935,normal,-7.476162046216009
3.313070858496696,8.731178908347301,0.4272403332166101,1.1980452892075681,-0.9393772554852126,5.6246771291358995,normal,-5.910129887972437
8.125074825496522,8.18933603456746,0.27057146075087035,1.786269312626086,-0.02590621090524455,3.634009418590327,normal,1.224767219974742
12.565941246542913,2.139129731507494,0.37447853486711563,1.987035846527819,-0.33738412723632216,2.252623380151977,normal,10.501501467762038
27.28844498335873,5.899601756676004,17.76787178831954,0.7799279219678065,0.6799307058528334,22.238081545395126,blockage,22.502662221639017
34.884816219839934,7.84882929036307,10.95023075833933,0.2672741651713695,-0.7616596068342051,5.748877486814498,blockage,26.156864997570448
24.664055658302136,29.421751609970716,10.865215983071126,5.136189785671167,-0.2684036680485204,51.197603741905276,flood,-5.2416971983377705
34.13526760248811,4.423212072279621,16.913296168493936,1.4939175926591162,0.09713697740049444,24.359322635791898,blockage,29.587259374993526
18.05921016779009,25.028096438333655,9.374446806198582,5.347491073537795,0.9731217001561728,24.761918124457143,flood,-6.469947118905795
13.972838301241302,2.8215511045120762,0.25386719315501527,2.019223459716032,-0.513907502657243,0.550143961533773,normal,9.686822593532675
17.589214867173297,19.263202121470147,10.054079550399969,4.986064250303156,0.9691260703228051,60.65863169907926,flood,-2.2633577350011467
5.9581187040209915,7.324788131325446,0.9607330482101253,1.042555759042914,0.026221407064852768,2.531676788266253,normal,-1.599064846209425
11.91628141667006,10.119412907194942,0.8106548010289205,1.049529645019976,1.0898798303011645,2.560370082813182,normal,1.1705624706755313
2.4705945284319473,10.594901537450566,0.38998453582480286,0.24738234518662744,-0.20943733981382023,1.546023310225296,normal,-7.974828602926459
9.808923186956761,10.218318758053867,1.3363769207504104,1.5230446206196109,-0.21078592389740305,5.028964950395554,normal,-0.7677369263629604
5.9118160750223305,10.745216735061534,0.07028929534692571,1.648635329812434,-0.21214380674025657,3.688927891571717,normal,-5.710364515595031
8.28801193448995,13.912905504493882,0.9985321813727921,1.436021636271468,2.7525237201137207,4.4446485612014826,normal,-7.2240164704217475
14.936193107151865,6.875830931643869,2.094562296117861,0.9035506101597386,1.438663795675774,3.304110763413414,normal,8.102438638929419
12.822537954124213,7.24570808900108,1.193471441711317,1.1195266112109872,1.3259779611524647,1.2952420453520572,normal,6.534753240573165
34.97803273753449,3.1918065977064622,13.350180766579436,-0.16450958436634538,1.2828665152733354,23.22504921634532,blockage,31.80886352072785
8.067683773013922,3.6712383294966298,0.2857694815249945,0.3871277993048608,1.7610796786769667,0.5605872331034272,normal,4.248875913204549
1.5593595503225788,9.626182552893601,-0.23804004219886965,2.0212023736344302,1.3078368547335122,2.405994305319985,normal,-8.087289678413947
33.566171106391494,25.54500861644811,7.123670232397653,11.726224294506988,2.498112546252651,63.26812603856302,flood,8.162641952403852
28.583130328466908,22.514003028238257,8.49795700034376,8.652999729755585,0.6735368209700441,20.462036630719478,flood,5.6313181602743425
29.36774487517283,26.721913884740996,9.674644474466405,4.883326641886456,0.21085573130024324,35.32795514135519,flood,3.004114293033087
1.5866148767806723,3.6530753296387255,0.1124049819118911,1.1039378137099791,-0.13460938553338256,3.917983331161782,normal,-3.36485388515821
9.653823615912971,13.390625069321143,0.10803578153312396,1.4904953832587229,1.9889597622658353,1.445772402826921,normal,-3.3166131532691123
1.6426735123612044,5.180499824193526,0.8923838928595365,1.5020450306554736,1.2177170656294778,3.65232041822241,normal,-3.7586795737299945
31.69587065798282,32.00208038026105,7.249848877013591,4.650259869930349,2.185448498757134,37.4644676409719,flood,-0.255430068336985
31.04144610529833,2.571932087006698,10.146221321235316,-0.1694690755995764,1.9943949849325229,14.953738118436586,blockage,28.077216053832046
12.770452385792531,10.629424905816888,-0.07664848876514596,1.3866322430811966,1.4485926366369446,4.394204418602208,normal,2.247213881167665
34.08235699934978,29.05831199502442,9.010581312643751,9.813637257188493,1.7794917389769567,39.95730869785639,flood,5.014132696452724
3.832644869995097,2.5367322694297614,-0.09072154253349884,2.052353757732688,-0.6202645329447618,5.702465878726303,normal,1.3828748790582102
30.04863326940503,7.945160426275439,8.537742977669131,0.5625669863942091,1.3856521507176904,16.477523833233285,blockage,23.969684610591745
24.199890305654908,5.166352668169151,10.341889867500912,0.006613347632720187,0.8194989811725957,9.345587155414284,blockage,18.70376135179269
7.829830496063441,1.208199718459293,2.3490929487832464,2.537499878138228,-0.24330682444123516,4.256112496922372,normal,7.9392448497924395
33.664497178401994,28.20232142544449,7.0392934019709745,6.242788663128421,0.6513330219311646,68.29076387127743,flood,4.972075291893396
1.5518867720724174,6.1008814915697585,0.756884715958456,1.5468571405597222,-0.0764327226355809,2.168512100899416,normal,-3.826787987340213
11.2074080851892,1.1375274071416168,1.348234821122487,0.22331903245876245,0.5588619286097254,1.790520227195574,normal,10.045930409534062
4.2400768096616925,3.3713870884409314,-0.6279840980716934,1.9084953422618505,1.0652894955615113,0.9612104010544387,normal,1.2222971489252747
29.016634385769432,24.613963131880016,5.475315237469753,9.843847461082913,0.3095672127638135,47.01506875502212,flood,3.468667806146889
32.512786743111576,27.821577500411315,9.57833999346286,8.55892540271949,0.7427672458246559,37.98754308082008,flood,5.723093205152349
9.478299461900905,8.67415917695482,0.38517373805487215,0.32336075199490355,-0.2630383231053371,4.092927256787412,normal,0.48230273395005385
8.740356518098478,5.2364408002069025,0.713085330358285,1.2776266081678258,1.9571264476209098,5.215999112803557,normal,3.1260003308871154
23.95800852531888,28.404283429097994,11.18245917126764,4.44551674243099,0.5488693095581924,57.52352944681669,flood,-3.8820787543519786
20.31802366994876,29.412013913263046,9.952401060149676,4.056452104496955,0.8449852051337718,59.80094555490218,flood,-9.893830969050338
31.964774076797834,30.899478238358203,9.360883929886619,7.212093910639861,1.665639582078696,48.26155386887865,flood,0.9924993513159024
16.435092856336205,18.737563998556947,3.90660102891585,7.952375457412794,-0.011492681611620464,35.72745721223054,flood,-2.1234943355962894
27.46987400182013,35.66907840287195,14.496331099195078,8.540741850591802,0.5990792674867027,58.44618409375864,flood,-7.482852131867594
33.546982719129275,25.182381935270584,13.794433616142314,6.034081238798043,1.2458514470903566,46.733463872964656,flood,7.786358116227205
27.06561055140416,26.588270043671226,12.298101739336758,5.594267693699533,1.7672277836521575,73.93093062211469,flood,0.5869281764421914
27.18059449157177,5.688774903691611,13.977631453679665,-1.3216196428417184,0.34268856939064507,6.80167030243679,blockage,21.40475964162831
34.19329574741582,28.42371029875158,10.541959245624309,8.069106583385027,3.5165143742313028,44.974024418120585,flood,5.922516375558908
18.366441924515186,17.253610200692098,11.519053896906428,5.2483950400245964,1.0655446646054916,56.52922662692062,flood,0.5675570966892511
7.521779264814442,6.741307113418775,0.37934175691630845,0.6152462916417026,0.5022510389404731,0.4332948262666616,normal,1.2470959623947904
9.780206303329875,12.936791095711609,0.21244093776119832,-1.2007645524257122,2.4111429219330978,3.830244206941909,normal,-2.651724572420518
34.482503420465555,34.800894000747675,11.436227831271504,7.964918602430901,2.6652148953474306,53.173128215540416,flood,0.9348974239899749
5.0818484977222305,12.602049995551184,1.3773418079166881,0.38686620008598366,1.52811359349247,2.363229550763061,normal,-7.721329405783157
23.054032847167917,21.37298905580584,4.943675975690782,6.533934788352762,-0.5839283427067489,22.705965618168594,flood,1.728508236708205
11.638783210556499,8.392711478746069,1.632609125771128,0.7259432470535521,0.4255309230626022,3.3285411507583302,normal,1.6992846753630977
14.043424167798872,8.908303171416106,1.853100146762818,1.2870886244934612,-0.5724095477864188,1.617737470747476,normal,4.197940916235576
33.946605369639,3.5299553062613978,18.813317661396358,-1.104758867738126,0.6411011169223158,2.9288661625731596,blockage,31.739667621936228
10.407656432262614,12.366916813506993,0.42934085864836113,1.2162525844556893,2.6686909562411527,1.1518018289113576,normal,-2.564800997470336
21.28890396477311,21.369420559781002,8.23566023223931,3.133456745175197,1.0843287475859036,37.307976089458876,flood,0.5905655221129135
30.08985824093992,7.17711553979139,4.941678018117223,0.26072790984986344,0.14119363367574975,24.745386397091963,blockage,24.129760318998095
34.459739945928774,33.80544977088836,8.700324854652203,10.28272377375734,1.746782487177021,77.99337188172629,flood,0.9625765214368718
4.409465924324224,1.533246318637519,0.6688872596754974,-0.34985841647386373,0.5730462295844069,2.6161395832243897,normal,1.576362469778323
23.112531983548102,26.087703215158026,9.548698558492093,5.238240778373807,0.2231003496470759,20.340040379677895,flood,-2.4776056675546902
0.7480313389355211,12.324918264841765,1.9481829649608589,1.3622988769957185,1.9977932077517981,3.766455693273347,normal,-11.974222966350174
30.25224869233491,6.805538744563003,8.32091566644705,-0.10003100677884227,2.1992073396562835,26.486876715807192,blockage,22.122534899804993
4.359558872242902,5.919543359507976,-0.18252096265119966,1.081491960222314,0.8165312475627009,3.1567271661845964,normal,-2.1059990905913577
1.5681703274497099,12.38819043390815,1.4312603618590178,0.589971880699692,1.3241212069487234,0.8949664580133752,normal,-10.613989860454788
28.609707728386166,24.996184694066123,15.003708382054018,6.955384837772289,0.9759962022327165,34.71158043582367,flood,2.1719024623844514
4.343554155303655,5.624875721139843,1.5822000210283091,1.6857468262466107,-0.39429655399238756,4.143358743164265,normal,-0.5035024137109956
2.6144091096574833,4.032214704260534,2.029953976068645,0.7870844564100097,1.0271765647018303,1.1468669125785358,normal,-1.352360052964098
7.985615828164747,14.466023437951561,1.527977990929899,0.7472834900221634,0.7913767950861673,2.2417810886519143,normal,-6.023929855514593
33.037885997983935,34.31081470873309,4.55658392438399,3.1715281335038887,4.060014990686114,52.06292351816283,flood,-0.6598556615960378
3.5865719002296466,11.824732303563435,1.4812407792439228,0.536055054642723,-0.1552088178326469,4.204730804459996,normal,-8.770111392611884
3.0335773382687723,6.751055487504533,1.2294142217394997,0.43272281318414973,0.9405303351397563,5.0656074217663765,normal,-4.671401188607509
33.660989131750114,4.944398674333213,7.6691911840641716,-1.1889387219500924,2.3995515423418454,20.720470673388252,blockage,28.139390276483105
9.034441322102548,0.4769201611602034,1.4923003457510053,1.5325232330000598,1.205952701054097,2.4511129007645525,normal,8.086752612190498
3.5278520953199592,3.1853948164849397,1.4660557069376174,0.12567308328594984,1.1317167839784719,2.02327425435532,normal,-0.5820424220024476
25.31828383699751,19.461550801583115,5.5868285414358265,5.16170941712202,-0.6736018179994612,38.38585406457716,flood,5.592000835131342
5.919868145325878,11.08896229463809,-0.09919815836875756,1.308318976656274,-0.010020754276749812,5.068129129937953,normal,-3.9051159132814073
27.697286796178833,33.684194171931665,8.110842048795531,11.51533665746805,1.539608385620654,71.16554650441792,flood,-6.550487371883892
26.53956511050651,25.36236389652101,4.716757359797713,4.942623479284117,0.4879265376424785,52.572683896086566,flood,2.043380949708978
14.88003318613889,2.909555898224516,0.6038523560233798,1.03677806442314,0.14094705749639114,1.0282798429067304,normal,11.714712750339794
5.055402573219864,6.357969414421455,0.896827121345019,0.09157371555898314,1.2936811688673422,0.3205966377213238,normal,-0.5183550883815591
29.729303067400537,8.04202802298872,11.701080726760269,0.5649119898446768,-0.420629051039238,6.1979617155106315,blockage,21.77622447130835
30.00253280062857,27.43123727796214,6.703720486529196,2.564119165470182,1.8886215401818025,48.02830084278157,flood,2.7564062405465855
31.382816157829367,9.24848395928784,12.611958024764112,-0.687063020026301,-0.7199138292757303,28.492276581478947,blockage,21.72979620940533
32.53710277078027,25.38484632885158,12.394277530294215,5.506119459766635,0.9457995505693859,65.66116054238728,flood,5.839293652600723
9.94405697830822,12.683915893844416,2.187314292578875,2.442122476146645,0.544532990368844,2.5783207453788206,normal,-3.246584299423753
8.273437368490463,9.818544004367835,1.805296417737048,1.2077854707963032,-0.16611109667607682,0.4767308358456586,normal,-1.7752221218612718
25.239473185953393,0.5207247498029673,8.268643993647801,-0.2797896015977788,3.2493409794560204,19.38380342769436,blockage,23.172836129053948
23.993662113661742,2.392095845158567,14.548581616181682,1.1059214299863522,0.6928144092823236,3.989242660944531,blockage,22.227711091365578
21.198770941369993,22.855487872867183,4.889459678735667,7.20064821977362,-0.2587285975402047,21.370205764810198,flood,-2.321265508956734
5.627849643796999,7.13342763330025,0.36186203522738436,0.2781008266808058,1.2652925710857221,1.5676667712696963,normal,-1.921273711801468
6.503099599690829,11.77563805598629,1.2124177951819135,2.242364211536408,0.039430820587161956,0.3984469106234332,normal,-4.9074352483366095
23.986366999778443,9.441274041817932,17.366561444998936,1.2648694319507703,2.516845014958374,11.603673838046106,blockage,16.126227354153244
27.856510562256418,21.24878098837722,6.777745033460046,4.2623292005841185,-0.1648694573883601,43.390147094520984,flood,5.854035587563537
21.33897004681289,27.172638249666193,10.809158366926969,7.163280604139371,0.6780418507952286,43.83768044009044,flood,-6.744639757194648
5.898803912047428,6.3604165333954485,2.4544137915989976,1.8652649280432174,-0.13216146436463705,4.25885933013583,normal,-0.326277606939789
9.30064591437637,15.683070104016132,2.153873336726744,1.8574391707405462,0.43435491575965196,1.94795745392641,normal,-5.117366906745856
29.372432330818484,5.704812337274111,15.260315061427736,0.10493464432277488,1.8177360943441276,27.50339541837589,blockage,23.255968413817765
14.651981915369788,11.641323957247641,1.3544948143453281,1.0690961384502367,0.6267838483100541,0.018669906030297223,normal,2.4222063820287856
7.05908012585795,14.102140955451905,0.5341983960820457,1.786371850554353,0.22409936402201627,3.848745667562963,normal,-7.161371358132749
4.855123602993949,5.532941195085098,0.7490322872725501,0.18894198228117876,0.8741338262295797,-0.4609930625101041,normal,0.17045076312069096
34.18857257665601,30.647710829626693,8.214227836545781,5.460278269341068,1.7108172789199294,74.52653829542588,flood,3.518610911453367
5.2231775706367705,0.45345384018692114,2.0151425308187267,1.7065986037576981,1.2079229265034641,5.093429917346172,normal,5.778746236971727
21.081476373861683,29.193581845931217,4.998728752855043,5.765727057703765,0.5484257632428723,22.28188061200556,flood,-7.601813352927926
34.09940485337442,7.669933144221229,12.148054838514671,-0.4968301598015514,0.6870621742708145,0.9269809700608267,blockage,25.61220841778751
27.623065744297623,5.12037352347188,15.114177355263946,0.30414265511781013,3.4596677436252192,24.428848350663372,blockage,22.769049880018617
27.63824498875616,30.27864776056868,13.494406251551496,6.481489042163697,1.908901162149197,57.659953524290515,flood,-3.5197565978850474
29.2683040866348,3.203592646997221,16.15959798941135,0.8042852217860651,0.86622760139018,24.482137741639793,blockage,24.16441942612952
6.087778864909848,6.0998638531881655,0.8721507809969488,1.6369820156498687,0.625392669531158,2.78753283648666,normal,0.7630206554033202
12.750696044526624,13.670158939335765,0.6919440207351151,0.9863945691118949,-0.07984342995479007,0.3565807747989706,normal,0.2662106459525361
6.111125258791352,6.3538715188291786,2.0778021811336838,1.596444292315855,-0.5463782463497265,1.1612043483443029,normal,0.5972191705872707
28.788905164204948,19.45474892685965,9.385062199202494,5.271389470674912,-0.6631633825970904,38.04230949188151,flood,9.619025927564087
27.935331282305135,27.383011129979707,8.787777266255414,8.46840442815165,-0.23312754155470503,54.045883606798085,flood,0.7315852937579159
27.479872030800664,31.079929207578903,14.055316979341114,5.092876276559555,3.7331723962096777,69.28520553217251,flood,-2.2465876417221446
26.18895642355795,30.5253714719451,6.97341735024897,9.071449616165612,2.200316613399885,34.953686561268086,flood,-4.211791254608218
24.032272000593405,24.06209212411829,7.1292661880641734,3.6990619666280895,0.3911093561994661,55.47121597493127,flood,-0.6531800283513094
1.9851598627864118,12.941525462527009,0.4125735250526036,-0.7091506266646226,-0.10944990804803024,2.6694046028605416,normal,-10.549039835619437
27.64735529054983,5.94811983359819,16.916989245857067,0.7904178939088566,3.660017528769193,23.36279452485547,blockage,22.60242199210439
2.8606167999136853,3.382374235834802,2.1682722011044593,1.1049311193162012,-0.12263978958804306,0.8734939478390631,normal,0.00975055169367578
23.831083059178116,21.007308106965898,8.368588916318483,7.789943152780781,0.25201035476271694,45.81819582480213,flood,1.7787998889217131
21.774871606127423,2.9992067464233965,18.005449495743413,-0.5205327092816165,1.4332532562324811,7.830267635414637,blockage,17.215101913448763
4.960027706907546,14.846453216378963,1.6659633774885079,0.6149525105704534,-0.4953631063238755,3.9777695090958813,normal,-9.852665139196585
27.52190304078832,31.54800155275311,11.866044253723137,9.072050658029152,3.8416318189013356,49.14268069595884,flood,-4.5586543165689575
4.12473823158816,9.360417170697001,2.758905817467895,1.2072114173100656,-0.780549833123535,0.324200588428734,normal,-5.4633780864239565
24.231016020521096,10.19020936064864,8.440735952078274,1.1556573655258084,0.9801421256097326,30.140966701313275,blockage,13.612530968068917
33.137581278059095,5.472166774535434,18.072566998551927,0.5978639482391939,1.0577115920638998,21.810913678784576,blockage,26.562496039475725
10.11033794035649,5.0433987717621465,1.2502918530700837,1.8276472405883941,-0.22703976167998607,5.309932569827527,normal,4.877554945491984
26.205637543390374,3.838652342743581,7.037182860877489,-0.009998207490414024,0.47832168413139775,11.725768830175161,blockage,22.77400714527164
20.718533474767675,19.62664597579784,4.670173962119322,3.27527364596642,0.4559568401128929,33.03854520188595,flood,0.24789350139031147
1.6242345904467184,9.204880274150513,1.3359081099784933,2.2206302909323807,-0.7702824235849977,3.2364424957109788,normal,-6.846798504493028
2.202060935176232,13.700586262338671,-0.5626417179723726,0.6830439321382048,1.0665085976249948,4.989190454600622,normal,-10.072795277940411
11.218198825634287,11.441678149469267,2.024768936021852,1.5688557200520696,-0.28469693611474345,0.39025242353001344,normal,0.1456477202368971
23.066506126382063,23.74927397197626,9.530215140307348,9.559272687739806,1.5422899159154104,20.59313770913988,flood,-1.2288713624820145
21.019400066957207,3.444610861605744,13.173863824139456,0.7697384264164782,1.657748499962977,10.56436614186231,blockage,17.591582882401728
27.70749963958202,31.652450476235025,9.926829569797825,8.198619579215677,2.008592762233841,54.25742011243171,flood,-4.3959892744152285
29.123945302623806,3.666866101091857,8.730585813624494,0.80923340224628,-0.13543573703370473,15.171310219523244,blockage,27.303881437336283
26.252108227053252,29.07063216385749,12.163972924856008,10.076022713582812,1.0259944966262322,62.06406942346601,flood,-3.323739796984731
5.352041928451779,8.392336618800012,0.5386195288070403,0.8605076628768151,0.8248408887129925,0.2839069938652264,normal,-2.240427645894953
21.913835837424926,9.383505192665897,5.988506200823155,0.6094539560403943,2.808634901506474,16.4435204147105,blockage,12.054363175749174
14.47571406777543,4.676826793913338,0.09583016808953226,0.04180421967166782,1.8913422598793148,0.9634284073795332,normal,8.80948961226463
8.663384324545541,8.755634037475126,0.6540764724518114,1.8387974442660202,0.25116104494843217,2.5639438290953267,normal,-1.1962402509592935
9.601674649264222,5.983739014590397,-0.536890854709309,1.8790181464572215,0.306798910898517,2.269692524550644,normal,4.2382502046619
9.835644864496764,10.784149589920519,1.744448679946188,0.5996255956337075,1.0142571001000225,1.5521314245449802,normal,-1.5623674635612628
26.883218414595223,27.370135858078786,11.230309361865766,8.950856737542365,1.6267890007498904,56.28601953289591,flood,-0.4452660907566929
31.42838802062199,29.41575927340987,13.50757125211756,5.555552130530525,0.8797739272935698,67.3279162105727,flood,2.429800211942529
27.987872283614685,28.563141547940667,6.3169547265269905,12.673699685457029,1.9274325850118157,39.132660848191286,flood,0.7188689403304585
3.6213307457141366,7.799901360824034,0.6794430927522925,-0.0232518360313978,0.10900235109154748,-0.5151966543815929,normal,-5.1122544350631625
30.73467425756296,1.5989265346182773,20.74198852936186,0.7685405502947024,3.038231996696326,23.017593942281017,blockage,29.821277029355144
26.056542813562253,25.711253074488692,7.831696621026183,7.9927275663588615,3.4409085197086,69.50794376030213,flood,-0.3848477235627726
1.2735971011015208,8.991397805936334,1.0963674090269766,0.23764412890291667,1.6773477992169157,1.7560447210623895,normal,-8.235201945819881
21.92460886064928,16.23851554096601,5.579708492271395,4.24396584213374,0.5414264770884148,22.7917468694283,flood,4.267955944047985
19.407896998644873,17.020879824646702,9.683483586962927,9.701053258860593,0.657668233604527,58.07456349697188,flood,1.98203954529577
17.665582441510917,25.501908626132177,7.194613882824248,7.53909063827278,0.41537172869863537,22.574037130484676,flood,-7.401449402028591
19.55751710924403,5.749393858899751,16.15948385685722,0.8341607568251885,0.8302411933303964,12.112011412192578,blockage,15.401216029161585
34.013829147224634,8.791420648790645,16.96211521856935,-0.22444704170546076,-0.7209152010727473,10.48510822759887,blockage,23.87253033693736
2.9411500338360645,0.7366034164944673,1.5229471816400562,0.9914972300154182,0.20575198221970553,1.5508531954508549,normal,1.570659140683189
32.29223514738916,31.673969136552923,11.232518705433401,8.558727987537335,1.4823774484725483,58.04569491403698,flood,0.9898889311878973
5.068918277537773,11.273622832985893,0.5814619594747442,0.2398681924738899,0.4738644885821577,1.1554794028746995,normal,-6.701573057230623
27.276513207705637,25.428942395297803,10.543824427613607,5.661711894279003,3.6836845266610085,57.21824184986834,flood,0.7275720503974208
27.770150366923488,29.529082472594297,9.541558931200033,8.761579791911153,0.2792280880935276,48.01807705601414,flood,-0.6707113665175908
5.569538030817055,6.833986913630062,0.2231974215704925,2.7537610018136665,0.24333187119894661,4.843655433587817,normal,-1.350163731894226
14.918154137232325,9.739851760350277,1.338133193792255,0.27917449764876423,-0.33748222681877954,2.964343956555117,normal,5.870236962389669
34.65782084840829,3.921245691119887,12.690153745277934,0.25134892129375097,3.385782524584244,10.781212328490396,blockage,29.674964700517727
31.96114858476394,27.005478500727552,6.8090326182227905,6.496415775175003,3.4820404516167907,50.81579391879884,flood,4.845726346697697
3.5858366802921076,5.053963420534121,0.26520556625466957,1.1201880458230284,0.854975950426209,0.43226404400312335,normal,-0.6625132280439734
26.84913161902313,24.024049287532506,5.025215304648536,8.021610322299264,1.1208115346116407,40.974825251218775,flood,2.8037433141403145
1.2256334383907792,4.365022892146822,0.40693425405978767,0.8720030092745379,1.5223031871710415,0.8976629349366914,normal,-2.771949682317545
26.518067605813307,28.80639991630977,10.805810851182292,9.30422485757615,0.25100272546767405,36.501812516399745,flood,-1.8841732481383278
19.39978817305451,26.98635757642077,7.54718333202056,8.176966306136382,0.9372223322247637,40.96063449689726,flood,-8.009330466092626
30.41274131976792,5.410124694229546,5.84659345810636,0.11655438836370219,0.7399985590122394,23.601301812031338,blockage,25.053881411835512
28.20304297969069,0.8961142685352241,16.85607477464014,0.3232106751515123,1.4515782504734251,29.052333688197173,blockage,26.996422858369097
22.904983446593324,2.1952279551389475,14.288189405394764,0.1060229315291909,1.7741536698382294,7.616440144676363,blockage,20.46443153745918
1.6278453684359682,8.447948439040994,2.040838154207971,0.8589223251990856,0.7039975618511827,2.985763975178328,normal,-7.283020797632046
4.54445345885247,9.926665929499862,1.1460991857197083,0.3215502783454664,1.6309220620754452,1.7781789662838938,normal,-6.768310737914473
29.969619243382724,9.776776567845944,7.740981898321783,-0.05435150552368728,1.108497182756094,26.764458602677124,blockage,19.85796995838788
26.955178308362314,1.5633124625139165,11.178203818696321,-0.44911380678451107,0.7058827319449612,23.397942205013386,blockage,23.973608284015892
6.598811580657983,10.387666250906207,-0.3428778944487054,0.9277289417965984,-0.11759334633718643,4.303465696602062,normal,-2.833055760852454
11.055307146017556,8.482094178315355,1.1814267256684727,0.4558820307363399,1.5101159006853586,4.204231315801369,normal,3.2492343492180247
6.876240601330892,1.2172485282487202,0.596918032248503,1.6823768911609855,0.4084599546156892,1.760324042569069,normal,5.915552740851474
3.82242909020028,1.3122055969350965,1.673849170223424,0.9293129046868497,-0.4672495871809734,3.35003449292457,normal,1.2250180070216306
14.788800369307689,2.8112221917484774,1.4723168832217373,1.6370052111401274,0.16167231636460228,4.444448903993118,normal,10.55201330120746
4.281021198293004,6.433729812705125,1.4104351144685336,0.43935076972465764,1.0846990387156978,0.8386363089037651,normal,-2.9355748008630784
9.07715506184754,10.012158538030011,0.6563055586287287,1.5100425553449721,1.1555556995943381,3.180467124881349,normal,0.20892496140832573
10.761927922922313,11.37559004777321,1.5138969104427802,1.4529204859511855,-1.3992955029473377,4.80552405122229,normal,-1.6867731190277464
32.08578408840301,26.483866244561085,5.668016540327341,6.055701250321512,1.40468971689078,46.70903666350518,flood,5.882262436434113
31.002495997882097,4.060189693957524,10.499189995850875,-1.3278990297431335,0.37689458219396155,22.375134663432803,blockage,26.314269304091024
31.895370699954427,32.029413206402886,13.1620657589964,8.532147483375157,2.1098994783600973,67.32086391753761,flood,0.13664243895925338
29.105803077546078,24.19499383121952,9.976895198328886,8.588117025357754,-0.002852614475443787,50.304584922380556,flood,5.687252039650738
22.13046915651461,25.439309898402897,8.319440697549249,6.600716172793748,0.38192277271071634,44.59224263597439,flood,-2.7996061825953302
18.0147398149592,25.118124486036088,7.5860479429551875,3.659578261273415,0.4255985918545467,44.02421978921707,flood,-6.9437703414245044
19.640782297380873,25.17263120054341,8.33812586122963,3.3045642110010247,-0.5341351226770699,53.29994163971036,flood,-5.216909276696218
9.841798234423328,8.415155326250133,1.9526583576432517,0.9130369069834464,-0.06568715896237781,1.8321678707178375,normal,1.07585946874261
33.087824175026284,28.300596193659793,9.475894757182928,9.990034470386545,2.443906405898067,48.642641095037604,flood,4.562749960552416
4.778949621608759,7.242139948796858,0.40836684784708277,0.6330722842265255,0.3107601728933334,-0.2566543564828794,normal,-2.9245870063615724
27.826139197118618,4.865168725885176,15.527490043255037,-1.1551882848843422,0.11316161667834372,21.513542370121797,blockage,23.365378353137057
19.980549360144423,17.138476366556056,10.350007314507744,5.390580585196602,1.737299790433652,50.07860637491768,flood,3.1227224414519563
26.174154616437352,27.344052280627494,13.730914400204748,9.434308285853291,2.2794626833195624,71.98598875785132,flood,-1.7633542122738302
4.214709545100284,13.558062031403624,1.229162742226204,0.587193212735683,-0.41310403033283283,-0.057309607248177685,normal,-8.934987387875195
31.943624651550113,33.927973415784095,14.053743387641285,4.025252938388893,0.40092969422224534,40.53561395074302,flood,-3.19749952664656
18.03579790059321,20.971814959362927,5.323927001819248,10.274451342993824,-0.04598692245849292,42.0135330620601,flood,-3.9796377335712925
7.651304273018301,2.063530123219518,0.8049625609535103,1.0100967389026771,-0.3306955358170413,2.029882764233974,normal,6.012480976191057
25.792276309014113,33.662656672519155,5.969153473757663,10.580420772964596,2.7593470139120364,71.40433939960512,flood,-7.3359131990050575
29.352083256755023,27.65727355717669,10.832961226944976,5.385585122575384,2.333648063675838,42.251915088849245,flood,2.5826092298995915
6.519376987627394,0.9533611754421522,0.11192557857727609,0.04744958264783304,1.3100586419548437,4.395134242548061,normal,5.536990445960719
31.618962393259938,5.186048119482924,9.191730223835313,-0.24258191472177526,2.3469248335143735,23.37534116737371,blockage,26.442067516278374
21.904603704124142,5.559811920246167,18.738018336658623,1.200353169640762,0.4223785043152013,0.18149047143060054,blockage,16.623860207567933
29.455202926585375,25.413407894393522,10.453239526931606,6.750979614678694,0.9130947958235788,30.489584791716496,flood,4.538323302409747
6.800027945138408,6.7223550023504455,-0.03808779641295218,2.300290852366087,0.11031119145332628,3.176443649191324,normal,-0.4712186548754076
2.121067570757954,11.634587267943655,0.8450652124663524,2.090273907556836,0.1460759644205953,-0.25814119287852155,normal,-9.214128208164505
9.29843414553456,9.834454031185834,1.1798919205160217,0.7373763099164774,0.37625930235800875,3.3480618625487875,normal,-0.7376186380381753
14.170860357705493,3.974466184378978,1.032333078654518,1.3543318842819327,0.0605388007508419,3.210877503456039,normal,10.774549799796581
11.203660322662358,12.02406151781317,0.8855331759241567,0.9633473549199787,1.2800902973209998,1.2903622923694122,normal,-0.989923831501263
25.693200202765667,29.631266012313976,5.2991278130476305,6.423579588169867,0.4255615096470165,38.91971899168604,flood,-3.2624804119150372
7.525584354264988,13.7564341067805,0.6682381595465384,1.457139668270802,1.3755711097059027,5.158772356361489,normal,-7.692006379750649
33.88257712334715,33.5049365989421,11.840360859059057,5.38720625465139,3.0433109811020786,45.38355272409461,flood,0.1742529719762455
10.247193344535976,1.8089244157430189,1.5090850440305543,1.067641852730637,0.028635668445855175,0.49465295674721493,normal,9.189661492697743
24.715882124302357,15.74154863037667,12.074092787317333,8.987407844912193,1.8597949607599809,22.475008407486506,flood,7.6983404318866615
7.901298689539196,3.129581114392457,1.864290922647553,2.2130905652306416,0.9693815001614415,2.8170347283914774,normal,4.422990414457686
33.6049826222851,28.843483689874066,12.374887968372144,5.49361392463396,2.02088767214478,63.286747338521025,flood,4.842631338395621
12.897982675115177,1.367705885558397,-0.34879082282123497,1.4722822397471262,0.829748072262908,0.16989334851999494,normal,11.917905191377523
22.84515701886101,18.237377681846464,9.367321785650669,2.8188963274962964,0.7327843203793569,47.62960649763813,flood,4.500275195795175
28.61379984530361,28.21227445248911,10.628245640598575,9.506277863288645,0.419797365209886,34.93477421399387,flood,-1.444087201403686
12.414291799331744,13.507165573649365,1.019928680406442,1.3045447142304645,-0.2725895131312295,2.987085913668861,normal,-1.3405395200596566
11.198113500284242,9.79447677769161,2.2690235203206615,0.2994559016241558,-0.15516079361667726,4.61607444216538,normal,1.3176590900300393
32.1306919272556,33.32137485470634,14.22858285767938,6.297230645864015,2.09535954658552,73.15651837219578,flood,-0.3425479688462456
11.666991494095653,7.424831538577479,0.9400139336283074,2.0695717511613587,1.126038381184127,4.056343151619253,normal,4.544136012803195
10.435277706466286,8.602594511295992,1.2828072191249917,1.687990625920512,1.6517238434260617,1.9339245722371454,normal,1.5942489599118697
29.42297801656413,18.695106320400836,7.887397888932345,3.321531136441512,0.4006552166935532,26.189308046379132,flood,10.763285495334147
1.8899117216709844,3.074960776559439,0.5479856128547002,1.3044052712065874,0.1076091003152538,2.343819457240021,normal,-1.6789484179842584
7.945297167773877,2.5333701068236034,0.4915188314967621,0.7185873466890961,1.4598169207067442,0.3830876204280491,normal,6.053830896019554
13.143484413123016,1.940669301514063,0.1919684521789381,2.482406719879888,1.367722846880154,1.7363821732000169,normal,8.512826237947646
4.544470596863193,7.773244433967913,-0.06968174583467393,0.8597024871502865,0.4592647807446071,2.625567061898057,normal,-2.0606543432217928
4.410298502905783,2.2577222289233716,0.008393243473633877,2.101158603837287,0.08922931642403621,3.250172429982089,normal,2.539731052552923
23.255545348682077,7.569969402395245,15.932268385138272,0.06417662176872829,2.8353683370350806,11.447253956600372,blockage,16.158507389403564
5.595115123048243,6.64256669819546,1.1607415764625921,0.4818932796272243,0.13014572812900294,4.190886285374677,normal,-1.0135305204970289
13.817981482129316,12.367321113070401,2.3522707988068285,0.019375302394879695,0.381750474298575,2.4837643539910745,normal,1.606749380050138
3.591397217081138,11.169372421243942,1.3442971509558126,-0.18767571106247133,-0.5345921308308887,3.577362016030266,normal,-7.388312562049348
32.224994496454386,32.54895991209806,8.516560253144876,7.226545815163542,0.8123653479400834,78.99560105331832,flood,-0.12105230139200623
11.259466988012596,9.142306578888688,0.386606855863914,1.0384459901874876,-0.015859807519452186,4.10475781326791,normal,0.9905274920954358
1.113383950352308,13.100111920334232,0.8895668420135321,1.161018146580631,1.123064211332161,4.107140100472885,normal,-12.949869674444018
12.183864872866993,14.375487410657655,1.627765892331396,0.725168916717596,-0.07567396851470852,1.1798488827260336,normal,-2.0846687425346966
26.351944115089548,25.267403681498028,6.51482257862997,11.500236780901805,3.2422452285879526,61.32570034036288,flood,-1.2564779599322309
16.61760022391558,24.151521249895755,5.159304575019681,8.76209336611882,-0.22713607018638302,57.307057474031694,flood,-6.2717691511025855
13.149137965437804,10.094481008467747,-0.11016743090531253,1.756694494885839,1.1332219583247758,0.8721080452563335,normal,1.6362303790151458
21.68775625128782,5.428242141086028,15.214943883844755,-1.115118549236195,1.200323385571801,6.103882142149182,blockage,16.899318405994574
9.926407099618103,9.652963135665015,0.8884674705845375,2.705958428537147,0.559552806143685,2.3376851143452138,normal,-1.2009487798532825
5.122519871949201,9.240638081856257,0.7773249583948106,0.9980437688712516,-0.28154032264245116,0.9514631026204247,normal,-4.920350553989904
30.842558561190337,31.180312687866362,8.210952425053723,10.973567009086874,2.6078267257408,58.26690708719863,flood,0.017410008077651473
27.694601910128505,3.2307648837865095,19.977329574244514,0.30245264458869814,1.7837879192703074,18.152657567385926,blockage,25.240082276487964
13.923780290206706,7.784100780753657,1.1642038701837034,0.4318139552261977,1.1347115081783252,4.048720914516601,normal,6.203319241589829
14.83693798226362,5.749073597510274,-0.6704531676770075,0.6083434514992198,-0.10782318760248062,4.577903580041376,normal,7.5487769404711
25.5555177443865,21.927375615557615,7.1734082919556315,8.854907362129005,0.4744311564864349,50.54064809088008,flood,3.4101087611923906
11.715421086007003,1.3030879782749478,2.5321503040575077,1.2769023814383913,-0.24379768955442382,2.192036296795853,normal,9.34906641431963
8.982447071277836,10.941583250415034,0.25549674454360405,1.129380578671661,1.287541983383165,3.265396849062101,normal,-1.0897879187046344
27.225419884507975,2.798593043664273,11.253047023548845,-1.1817840806076072,1.7007159276255852,29.187556415622563,blockage,25.6287823293416
25.005710461083375,9.308729933242569,19.45605682326176,0.5979498424879222,1.897202932950083,26.759442268946476,blockage,17.28831815602678
6.982338458081919,2.5925941300744966,-0.2686798493009811,2.6835954122957273,0.6303829738621913,1.2384111139630736,normal,4.2972318699427845
7.38970958041487,8.270281165163166,1.61653681348073,1.7497580976635527,1.2818876861654136,2.5495875120615636,normal,-1.3501252263240395
6.3573098034426305,12.340869970043398,0.02572914225757217,0.08340680718126692,0.9259088248676156,0.7930331422071528,normal,-3.551228489362282
21.47990740863082,5.324762993162168,14.537234862305503,0.9065994456675398,2.068070573579087,13.993214388181084,blockage,17.034206161474152
25.595346980410582,28.221695264906575,5.129143628339818,6.333498576983165,-0.4955943659630641,24.289813066334755,flood,-2.0144686141793664
5.5601871012825725,6.516037914175086,1.2774854537605094,1.1841403593943274,1.2566473322463438,-0.2846121141374951,normal,-2.410804073694282
3.735753440370976,6.433100908397466,2.4670703819538593,0.13038046923208735,1.2383378839107544,4.369563668548151,normal,-2.0785741949761323
29.037727710897393,34.19895633137789,5.151032127482143,11.555730789111792,3.023464201124898,46.41869926978314,flood,-5.816658347345631
23.344274453075933,9.471697950245595,14.694788628370137,0.22595998069918233,0.9080855877542516,0.06511269810246734,blockage,14.25304042003995
34.14701974074928,8.55309011646947,8.349817102038235,-0.06438479350964177,1.7264043813492842,7.742096173174413,blockage,24.59329795727248
32.54924189081903,27.028151782373026,10.795303201039737,9.604761165450702,1.650601787436614,54.245781120588276,flood,5.592169477105531
2.669103074083884,5.714729969876727,1.2078400982845965,0.83229147516377,1.3099570274879344,5.153164457933364,normal,-2.007081764733423
3.347087465552062,9.073406073449148,-0.5400621875702294,0.8623411840590767,0.8503158153729162,1.649039003312054,normal,-5.695535350908816
25.4641976565653,26.70511602723783,9.727818300381683,8.263368546362875,1.825547348560357,32.65085139443887,flood,-0.05864555092821033
17.254950430563337,22.091531704254894,10.046822098647441,4.0747151269880275,0.12007812547317595,21.422358890499133,flood,-5.168578088476548
9.341743514952032,10.216172189724121,2.0501465312277514,1.4134107845616763,0.5360186767994414,1.1882542777444451,normal,-1.2044987721922187
13.089629916498208,6.731292838492457,0.6962829183055463,1.5008681162900672,0.06870767408331051,1.307037115110221,normal,7.625165568484152
33.33931038092073,33.1072239700357,5.502419835980251,10.708274579418562,0.8866078396846668,36.902235252427815,flood,0.7398952740617877
6.668771325996666,4.394129677919759,1.1439719350874504,0.6114499151834327,0.4391795520195473,2.38520557516511,normal,2.895092401342067
5.578906789497447,8.672748307696608,-0.37960759435522573,2.3687138373575696,-0.10783167522925607,3.620561394449424,normal,-3.4904918751839173
28.009465184217046,8.203000605192724,14.704753410726907,0.08839770311104336,1.2995571580414416,28.534627981019103,blockage,20.54381030136232
29.465528069392473,27.18290351927592,8.594861720366206,7.120402617969191,2.479938932182122,70.24393686648133,flood,3.1913298047102385
31.143762210693154,27.203279522012085,9.836166902233213,7.166919787803647,2.329571680432658,69.34122672052625,flood,3.2180253975264153
24.142793317688557,25.811343781549834,5.202189990223934,4.5340647037532325,1.6728721005728937,53.555700314650444,flood,-0.8956311717516976
1.526849608555003,6.685601348833944,2.0842581291811166,-0.8499008212597539,0.2916358298282446,1.2486347952190329,normal,-4.235688179146201
26.763701838407815,8.957418842922642,7.135934448099921,-1.1411330252446414,1.3604012762501667,10.687392015022787,blockage,18.17430115122387
29.558667250538623,32.05672796581752,9.956052801683581,10.9044006435761,2.613285920751542,63.034206335291294,flood,-2.864945508058219
8.030856514259611,1.264702961884368,0.8952004198000526,1.933845891243969,0.6353669632730471,1.1564472991880697,normal,6.731192663836662
13.324695846406478,2.6470784099625666,1.0472879959899206,1.2895978680087707,-0.16102669600585243,0.7372405822052897,normal,10.469578149208202
14.518351892964015,1.8055483905719472,1.8337807559224137,1.690232215543956,0.41506837174880756,2.2049768352782415,normal,11.69185973502528
24.936234532616687,29.81155959664812,8.84162546939581,9.488278312703505,3.388637547292561,39.23564279037335,flood,-3.77955638654317
6.085373656554828,5.477502644656164,1.1586226203835843,0.9537871364834584,1.765424911430757,1.8837129419092913,normal,0.14055738962942688
19.99805956108201,15.399221629006341,4.176924449647772,6.440673319031089,-0.050808159385571594,25.97590048029886,flood,4.359593365525074
7.72189762039366,8.480395071291413,0.7820597868330513,0.853477454630067,0.9148559725934393,2.889856501817052,normal,1.2296948499440492
30.297206676516115,28.219877287444696,10.430846800429068,9.999170707753752,3.7901502536222575,34.678155546124835,flood,0.8430646240366882
9.800595774851582,13.636357057957314,1.156220374179524,0.9810431762559811,-0.4975182597946753,2.9219281504427843,normal,-5.0001280375132895
12.333496590560479,7.375098135045589,2.2792719443204446,0.4200298126473454,1.5052389604431458,2.233298348552275,normal,5.26198467939528
32.57971580304617,7.134387776510213,17.55406848780605,-0.7964784231337166,2.5166043039281276,12.909700935058082,blockage,26.10981156310948
4.767864380447408,8.021898760813455,0.30443516101974444,1.9181478212862881,0.09322852124663543,3.869665779424857,normal,-4.089856968655531
21.792899394115192,20.286161180389392,10.10933306642718,3.611096782161657,-0.0015004266267334093,46.52823647994387,flood,1.1139804161873406
22.614685204144745,8.36681221363003,19.846119923493255,-0.7648308643534252,-0.4064553930361089,11.403353589660407,blockage,14.898591984311071
26.481466656214177,28.772544221463637,8.965087173377494,4.62411127231799,0.8037791165587269,28.476840218790763,flood,-1.8475111513327498
12.04663648441239,4.976330841334863,2.4586030679595074,1.716500061027832,-0.22022051162647063,0.3620558439126442,normal,6.469406999750266
26.715006155893548,25.622179048585746,11.248130832002701,9.521806702262237,0.22065323767637166,20.23685713874589,flood,-0.033129871422787005
11.125789743730797,11.502621327505809,2.023137884171761,2.1351514632242363,0.7333651871340718,1.948366947380706,normal,0.40441432117544984
21.57411423497527,8.442130493807195,10.885586619980941,-0.9942130413727857,1.06425631839572,5.229693851836778,blockage,13.59994332308772
3.8045155247683624,4.254172037310974,0.3567690259105912,0.7673366902173895,-0.11855970176961614,2.2263686875248685,normal,0.1669937597067187
4.171556145301034,8.509250095073046,1.750123394954331,0.7370061694292243,0.3786070897065907,4.358684972900671,normal,-5.14087786062997
24.94247485266252,3.0422874141283756,7.9716605904086935,-0.7640008836495185,1.5708994361196436,27.64716387447233,blockage,22.01752024976811
13.84303613375482,4.215455595697467,0.012931624615119625,1.5658160217932258,0.23128732436208357,2.8342954830177898,normal,9.925354230058758
19.158085969222153,27.568930537443638,9.98879544846481,5.663880006462633,0.6357373981619625,38.31330479428618,flood,-9.546182051430108
10.935665616849645,13.503631257872703,1.4090715427643463,-0.20019355474132705,0.48035038935053337,1.5957344926966726,normal,-2.974089726882655
26.60796081800321,18.015489413415736,6.290052381646345,5.3390486353586954,0.5714982024096398,56.484199516264724,flood,9.404683478589776
26.653840577636593,6.676355442741213,10.105115522674442,0.1877753286458928,1.5578329782615223,10.07963518372544,blockage,21.16902465621543
34.14488909028165,27.767554927176967,7.14916179338865,7.769396950908908,1.5739935036699955,45.145765306240925,flood,6.574801399242332
9.870438896322005,13.112585346872502,0.947593909709431,2.544296334652359,0.8196984249089913,3.439132231049253,normal,-3.2263230307253625
31.47380381940352,4.8960798832450765,14.589287203266236,-0.29733622663206305,3.235530008929597,24.48491077127254,blockage,27.46940943086605
31.390653517158906,26.602622741712665,9.002778419137174,7.43591312342873,0.8982570662381235,59.08251344989567,flood,5.395376559135008
12.123810693713589,1.9238633399774887,-0.25611761466558525,1.219481368380041,1.4443522934995472,-0.10271540653955791,normal,10.83181635473025
18.495874571530482,30.136175642977,10.811084546699915,6.031579052339205,0.7584907448233991,40.76596857582358,flood,-10.870034921727664
14.456948602570934,10.445343318017704,1.024649974212985,1.0510942189113774,0.16192599040142475,4.219896980156343,normal,4.444383862691953
24.726754021062046,29.94122534853534,12.81936118378754,9.84325681685956,0.8638953514060412,55.2564322621285,flood,-3.1864077030817652
33.373914851117576,6.803394363324304,15.003213703756662,-0.19274433132885924,0.8809389606107668,16.864930640240953,blockage,27.428317807065934
31.822660999326747,2.529416481334565,20.180099911444827,0.4343791117024493,0.7157499222159911,18.5182828807142,blockage,28.36925750041013
9.4189513714731,11.787972161812807,2.4746582625894273,0.8748451801154564,0.478114370249658,5.076569079085061,normal,-1.4671401740895544
30.874360207096636,9.648426388999296,12.333994977401394,-0.42543667184020223,0.26202574595835926,21.003843614898447,blockage,20.430770182470155
11.571511230782779,11.611271927732167,0.1956847481018158,1.8628133340539226,0.15888071295723155,1.1251266406004996,normal,-1.6063787983838773
2.4952894082471517,8.731119865788617,1.7990909698981143,1.482804105878047,1.79867882055187,2.8916777403575016,normal,-6.741945684441962
27.105868362442152,27.33979338660209,14.875753887154563,4.2080367378867605,3.3065491955799873,48.166637634635386,flood,-0.29830780557089526
33.31423422723036,28.162340208225913,13.819422852117404,11.533056526404035,1.0537185439799388,64.65464728072104,flood,4.595127146854608
8.36992808176578,4.476736105225817,1.3075995342214983,1.9460019660874055,0.9733434746204082,1.9204750662731451,normal,2.582671868253907
14.202424051882574,14.619224185643978,0.07019343034847313,0.26181587987769867,0.9523049576571161,1.7907487671348832,normal,0.2491660701590502
11.962483536255133,13.458933815761702,0.5289819276605014,0.2527186089420116,-0.2408860136866953,2.6186903413937728,normal,-3.502004786059514
1.900603439495424,12.914077533539635,0.5785906064282663,2.242249804663003,-0.4606756661894143,0.7604065283619358,normal,-9.82764507706321
3.2835266258810667,1.6283480116267326,0.7587992339922491,0.7134202655352864,0.37939253306401144,0.8321438048965892,normal,1.6715001862667807
29.132929189103894,30.15358806645395,9.911187621772537,5.100039749829328,0.7868637432417522,48.34773476366585,flood,-0.278471399704628
5.016321131302537,8.707657603678218,0.851486267884856,1.6938840807633968,1.0738922717059276,2.196158186791123,normal,-3.3678525217220048
4.306066462958068,6.47456402095562,1.098404206682853,1.8170106273741076,1.7920800160237924,2.248335150777991,normal,-2.714727435527015
6.76349130526045,4.1023462640252,1.8896121487078332,1.063608556314618,0.6269749607351854,3.753262818133732,normal,2.750010877748477
3.295968819099995,3.223744458495493,1.2726778483477172,1.09065796337177,1.0396638554714377,3.3174939949891415,normal,0.20851793503886112
25.50980464126192,28.61223792699215,3.2322746453930105,4.437038656782766,0.5006146062489603,55.10456461741566,flood,-2.2191258881976137
7.5839479752296635,14.47670697267492,0.8477969851695712,1.6990613658538831,0.4381325270716137,2.9405418231654004,normal,-7.770778274479616
3.5939894780043673,12.740687048001654,0.8675465920383154,0.018975309865276624,0.3674933510417525,2.171367432147045,normal,-8.205430462159159
26.185305244140395,32.42177341212238,10.562306666207308,6.7087395668886955,0.46838519672801826,51.22724454109271,flood,-6.8924977035200286
2.588067724456823,12.225418455173031,0.3095604735972297,1.9618177682398492,0.7699596451463203,4.255945348116091,normal,-11.08535099463052
25.48966144607166,26.724762079979662,10.23712477124847,5.19994522470921,2.4060210829525768,77.70827035646595,flood,-0.10214096806715886
28.998790707535527,34.053524481538474,11.232523568951798,7.7565174040631675,2.3694361898128617,71.44919277891984,flood,-5.128380396441026
30.166852995726902,4.5196415628775215,15.328007775098168,1.8587362372712963,-0.03497913338025076,27.004844313294825,blockage,25.195115588176623
12.840585205613033,10.541049996831411,1.2566203984410118,0.640968257690947,1.208787423117251,1.9319170834198942,normal,1.1318304335294247
13.583153039387641,10.106966264927928,0.27664261645315635,0.9440821563988324,0.6768507654600496,4.852831033017777,normal,4.425941559578417
30.646614329188335,28.54717528708382,7.256657792200684,10.312542019884292,0.9970392876011144,35.52620395815502,flood,0.5474341236780034
33.5512002877447,25.426061904100408,8.05630038302303,7.230493993123725,2.703971959285928,77.56802086142332,flood,7.3538009098058055
10.472583185106917,5.77642807460986,1.0147772870292777,1.0151943472669713,1.1736259587409346,-0.11893656075388104,normal,3.6097975249241108
7.899138041253183,12.20834939868742,-0.4929714642795442,1.5781300849615836,0.3515561606933224,3.9306625328252225,normal,-3.2208959262885553
29.04784129741553,30.10743632809813,14.284383998241768,9.065022725229033,2.270395120376053,57.45003708125736,flood,-0.5190574818313333
9.838549436423534,8.40015628723225,0.6251932813275428,0.4256842334672016,-0.3866657711738879,2.582997892079852,normal,2.2861543858191586
11.035758098200313,5.6823484274410205,1.1167206396818532,0.1090210320532411,-0.29390778337486545,4.419285117170785,normal,5.0678447820818295
30.807042315191236,26.566027613661262,11.613377896574349,11.084634046923892,3.445010304651401,66.44537386939886,flood,3.9094899488513284
30.642410130164578,5.708439986109424,14.591408072326466,1.528138291204787,0.5791993670572173,20.56066577712232,blockage,26.420787889444455
11.08788641688649,9.862343184486065,0.5932251788964733,0.3976172476098291,0.5256027379599417,0.8508420669717742,normal,2.5709232309319554
20.308042165092072,18.994201083472962,6.607702177503739,5.4038943712371,0.29736050065803427,56.301709445428756,flood,2.244617382688307
19.778672581325957,17.586183061819025,8.878368163705286,6.242670341846113,0.8933344234381089,23.087319361921065,flood,1.917237766373066
22.660912484466053,28.528017813839682,5.201945049345025,4.954106048953183,0.5244723677551348,30.554713608576435,flood,-6.2124640568994725
11.99507373328092,11.00668035722533,1.3322863001449645,1.1941636476318729,0.3228886282650587,3.344203498112009,normal,0.21847951643811225
13.053792706587268,14.720558483160188,-0.5048529601922913,-0.01977201111334405,2.895990268559531,0.9992452730035034,normal,-1.4670743162104158
19.176997090182198,23.555808517068606,6.014564382482233,7.731875294745581,0.8475912116142907,53.21961334278669,flood,-5.888118247936401
29.689364926972235,30.889487102257377,6.3920141315030845,10.674886967774786,2.810764117386729,45.48239348506785,flood,-1.0347572402019591
2.8533969807108424,12.977137304768391,0.122965258857375,1.6157531677586183,-0.6955354436965591,3.42806422781923,normal,-9.655135170862474
28.21926887049802,34.631732147407845,9.18893490981967,11.100258022138009,1.7263362435214973,53.30785928055215,flood,-6.6920099862877045
4.6996200719512515,2.645489437936784,-0.019280189200282793,1.7363643309958223,-0.3968797603393316,3.726927933069761,normal,1.3547760309664438
31.890900427099112,32.79922998337539,9.665987264148045,11.392309103373911,2.1504001806139614,48.42531990690781,flood,-1.5758044235771438
17.684263953874453,17.754733723999955,5.012198097540633,7.925214673596534,-0.42434831584723454,37.95513746124563,flood,-0.5666007596664638
12.560182673198963,9.204513213869086,2.721605494570112,0.5914774938398029,-0.03862146706879055,0.9929541260258468,normal,3.283566151068843
7.59643220341289,6.015804764680838,1.3043570059902319,1.5548831884172167,1.5081557802740444,3.896519378372015,normal,-0.1092407598846839
13.519950900281897,14.57502429117357,0.40908148188876586,1.4743775044582503,0.25488319235039547,3.92314311813528,normal,-1.2823523004263957
25.656871523267217,16.595247137874257,8.386981695281646,6.831983315723479,0.4232901781290065,33.75082312006033,flood,9.394046927580368
1.536562921394097,10.396957819752775,1.989993141232942,0.01058675257183922,0.7160307914255069,5.21945447941024,normal,-8.184087348479068
30.820013738986116,32.46677066206087,5.436488602207735,5.317242013671356,1.7497405168271085,44.65115324953797,flood,-2.6038595621113423
25.185747761703418,29.74338352980609,12.220040297630158,9.123765144447665,3.606421885524428,44.69817742811032,flood,-4.475890013860247
31.210195319799713,25.828698622153055,10.834443817039977,7.141495404015822,2.9343235018419422,51.80378732405956,flood,4.448432240109302
8.730771753538868,1.1357449217669666,1.2183635662425023,0.20093037170235917,-0.19503191093284356,-0.1960030148078415,normal,8.122597079597671
3.770315579153952,1.6841790440648994,0.8807593226436183,1.3369251065534797,0.7291265877131399,2.1468590850657305,normal,0.9317994100693403
21.394785977178998,3.8841420993534364,18.48477824391728,-1.8448877832889803,0.8554029075983337,22.490634551609674,blockage,17.199868949172238
26.88009794198213,2.628014987258737,8.413192552976597,0.2504339464907453,2.3738199824463546,13.8099693250636,blockage,23.12158751335593
29.86432978418417,25.26100383590671,4.582876817757966,6.77579547480919,0.5224980530923229,36.584861440223094,flood,5.38728178597534
12.551033445748077,14.982874178423813,0.5771630111424846,2.6633180625113204,0.8839520950411167,-0.14463739211494014,normal,-1.9269553912736124
31.92706241246039,28.639764163022228,14.456251083127823,10.457709406484573,1.0089349008202027,59.697245867492875,flood,3.32152056871148
8.913174965088354,14.349150819710836,1.060980314427166,1.7780166603078462,1.2515952117493612,1.8920362672970787,normal,-5.755940299290789
4.135539813616766,11.084540726271701,0.2660500630900355,1.7248855229210682,-0.72681427093629,1.5663943065628825,normal,-5.538874039844888
10.674691137178524,14.117840914529951,1.5498910406926116,2.1744416193490776,0.13537448809610367,3.0133566532725773,normal,-4.182771774816847
25.085634902202777,22.152969083473234,8.484483619452124,4.624177657530756,-0.4233656347460457,51.36618154328536,flood,5.204371196166992
27.139568832003985,24.642059530336077,11.28466744101842,8.168791144167676,2.437181050664846,66.75354725192618,flood,2.634909673663074
16.71264641497033,20.4741264629167,7.6432695213306685,9.811957236068967,0.052296628032783135,37.93040448219059,flood,-3.62592851763506
1.4215068859057067,2.9264529496052623,2.161276307155386,-0.05153879809511436,1.405596912653362,3.09026275867362,normal,-0.6144194529468886
2.4448966240671,8.117437673977033,0.9736024793384013,0.5458089442722196,0.3588076428364022,3.268268545838202,normal,-6.006419382626543
1.8217246060489443,1.951427236800031,0.01493273732888703,1.5673708586717714,-0.2997853136502352,4.470735119048091,normal,-0.38659951482884414
1.9077902416744261,8.345473350321011,1.7160923884255346,-0.15926312479696395,-0.24540874998699988,0.6437863711956345,normal,-7.0745950443909855
5.893863756010705,5.1523664904283395,1.3692198855714224,0.4443128726637062,-0.6436852291945386,4.47296000249176,normal,1.534936450765001
11.418363181710268,12.445620292282682,0.7239695533678338,0.5053968508590442,-0.13284673836326047,3.468076929092225,normal,0.5478955593429587
21.145082760515802,8.161851016842526,17.169819651519685,-0.17583688209400516,3.5388200914681427,24.139941690672035,blockage,12.612059025308977
25.518866804563988,25.506426278446042,9.291181432054682,4.37657733284835,0.75940159247179,52.65896983585151,flood,-0.04918516099656456
23.47621240452187,3.401431217799737,10.684011837928393,0.03482456146013113,0.32602857466175494,23.74351115951355,blockage,21.907493114349915
30.661568974806407,5.502144734717976,14.560980547528855,-0.12079608208777429,2.5177306055140805,2.9817608141145278,blockage,24.336394581998327
24.430908926020244,9.120670043273696,10.842855810463712,0.5983849920644608,-0.4402884449902153,19.55303923027624,blockage,16.434026916522345
6.687772201867704,8.638125948733542,-0.10278254392034314,1.741509350281617,0.9076147044184733,3.8400937986246646,normal,-2.845493013382585
4.438863455128046,6.758965513654682,1.906001522394024,0.8475507549009709,-0.1611984142647017,3.978888200359062,normal,-2.838702523589652
12.000803001229645,7.283152793056432,2.055385101149307,-0.4777176023571661,-0.007753052814852257,1.1805965872616857,normal,5.484761044418202
22.079510258704058,27.648884347515175,8.21858783310804,8.16777519956158,1.06258712381748,30.959640722101856,flood,-5.259741322907876
3.695200159379744,0.8694819281785687,-0.3551735055278682,0.5698169981805897,1.0922890510252994,4.039230025588056,normal,2.3856226605065824
10.295457656420897,9.947106143966554,0.7614873029811503,0.8415841563663338,1.309929292597155,0.7043835493317472,normal,-0.12581312196651107
13.266489338290988,7.775088202480249,1.2166692240573693,0.31489878397653515,-0.6913071642779017,3.771030417767835,normal,5.355751974166211
26.07045118513993,2.5326589095067336,13.56515154140296,1.04702008069862,3.3164614640422987,14.645371996159787,blockage,23.916189440756487
11.166599364766396,7.851888405326036,0.314133545373227,0.34196329323206665,-0.7621958318192181,2.660534453788185,normal,5.162772181055398
19.46289318659012,3.3500438902726675,11.401377673207435,-0.09757544173141919,1.766920472154723,21.59369168926329,blockage,16.75499621711006
2.336618881409178,13.894807053518766,2.5988780672751117,0.34456288723608225,1.9976256578267648,0.09509204041062624,normal,-10.620008063249594
4.190570540695932,11.3367813994097,0.9266512673067536,0.11789337883499224,-0.1442985272400598,3.936974975690818,normal,-7.140957439708903
21.639923182915407,5.197387593857411,7.617562103204265,-0.26147674216257527,2.562298025508688,20.394711940884793,blockage,16.880107988767644
2.0779310336143983,13.337199844825568,1.7312380913969807,-0.2569429882921672,-0.2954582160201423,1.210019287876717,normal,-10.331726453948441
8.01864895702214,7.319833930330458,1.9273049971483616,-0.28109284416343117,0.4447984570605387,1.6042037451481268,normal,2.1673129546888767
28.77707906985913,27.35655655898526,14.206015904527622,10.940997909522999,0.2049996387219165,30.252322320491633,flood,2.2087481699832785
26.32978318302585,26.194045481932093,9.666091013645692,6.388417370379058,2.6567859294877882,60.67007469390752,flood,-0.29272055469226343
8.887053717202926,1.7591767196899868,2.0029607077458698,0.7183456039050173,0.377212224118126,4.555150461729763,normal,6.036696658261541
1.9738953980254477,13.895934233562167,1.1696737777393666,1.1557334114311484,0.40313089953208514,4.497398232954429,normal,-11.235535370380164
8.443293574519489,10.068015725474904,1.9514407318610563,1.7579608701662284,2.8082358176939453,-0.049806918640252135,normal,-2.5781984257428396
28.60449644823808,30.923619070357066,8.472784018169715,11.361871474088815,2.842516592905003,65.09622838095551,flood,-1.7322908624499798
9.389094722928524,9.327925728654133,2.1057417610391758,0.499449246902886,-0.4121146016864078,0.49279086196272237,normal,-0.015067712475600348
6.099204452504797,8.33073533382954,0.06143804361888128,1.0527036139431574,0.2705569596662242,3.9078890700254996,normal,-1.6194643184108564
24.883444271264448,16.80399008563082,9.971489100447492,9.888570905052616,0.8270173073998139,27.980258478873335,flood,8.551786793993893
30.14104137881432,23.431774917904924,9.83834934447025,3.1409350998581123,-0.3232430882652171,23.57927800055114,flood,5.995699471914462
8.875030082927234,6.828070648008702,1.3652781610158908,0.3633736782438989,-0.48476587877250005,2.428689519208332,normal,3.6429509508433355
3.236367133047043,3.3825673764601936,0.18041282276120107,0.40442549909186143,-0.5765211128339803,0.9382379450947324,normal,1.8590678790372301
6.7458896561317125,6.7647464366960675,0.23399415048900957,0.03553742203950527,-0.6719295507086642,2.3503385154332856,normal,0.002689470010842826
7.971749423917686,8.182191903945533,1.990874867951118,0.8349219190812398,0.17275412242097155,3.282984430960714,normal,-0.5565185677089225
1.4190354894123602,10.1006761444912,0.8160120535607487,0.37409008822982615,-0.25018329218569363,4.2098576911166194,normal,-7.089691937130075
30.407278135047083,28.8103260291385,8.119068392812375,7.292283973479883,0.8717861382150336,32.06608399933784,flood,3.428255773179741
1.9838148013879986,7.153767113086051,0.7141301064048992,1.3462901265762124,0.29559924498482637,0.4293278155612397,normal,-5.206468865277301
20.36880829173844,18.59339132885638,5.655312697765704,3.582001574796531,1.5369875591325621,46.05998567380774,flood,1.7290040559512068
31.035554744362752,2.6086383827993607,14.492807870973168,0.869717388166976,1.6730542703062108,23.81893306535985,blockage,28.738756307873263
10.149847109403185,12.594021779395003,1.399090530299366,-0.08512488051995748,0.09936346785503354,1.8391553218638284,normal,-3.045065151928523
17.009180938245102,17.999879373542086,6.369935339926682,9.745111010759256,-0.3749061463652912,30.502909942580455,flood,-0.9574237695949503
2.327072840998416,7.576798653460771,0.09468113787274257,-0.4753507130979049,0.7134148992187488,-0.9662871508286016,normal,-6.338101815249492
32.263350507479515,0.9924760164109199,20.033913645812195,0.9976073913076958,-0.3039136651826552,30.07126217943657,blockage,30.88481327324091
16.015051609098826,28.969870243199313,6.518500391802163,5.734205174965828,0.03774465631050048,22.64445930488369,flood,-14.036113219172496
26.586641038203467,32.98154266058147,13.817938067270523,11.722416357848497,3.1105603695102806,55.002105881159444,flood,-5.736390177092151
22.317366581296188,27.004269621591565,6.241628492533358,4.124667427117033,0.3899373595638352,30.213212806421335,flood,-5.417953200419907
29.71467888396196,27.64125319784773,8.852765948661434,11.525921633983833,2.1719502323164335,50.64549308744935,flood,0.8112347726321596
12.066552579861622,4.88311785645788,1.943620332235381,2.157005859092429,1.439027809232081,0.40199528787693417,normal,7.936790232923894
6.990821811339586,9.995139337847233,2.115309839720694,0.8167042698009744,0.01067720946887799,1.2879963597512507,normal,-2.0024029464875426
26.573437252925824,29.808828528259692,9.414122230444516,5.336387858914507,-0.25251724562121475,59.82299952408323,flood,-3.0358032528705094
20.209841869189216,17.952712154970264,6.894759153023111,4.450698323925573,1.4049430312746272,36.31701621487024,flood,1.246682347396129
7.987472032707381,11.886394203809608,0.10912955460965665,1.1188767497069498,0.4416086187720327,2.9977840359140875,normal,-3.9340472197833387
23.16324337093745,2.8245013251360844,9.050010724441567,-0.946996308003268,1.9492656790552463,27.486842568407937,blockage,19.23678752987494
23.214170533777875,5.988111665222785,11.644557838964934,-1.0452804616403668,-0.5508972840468757,11.935359369283209,blockage,17.881321387752603
2.6219256329197567,0.3298406857230811,2.375281318719159,0.6130297952050892,-0.12230129132760356,4.60534918172921,normal,0.6708710574818664
3.2480087959712636,10.93812969636396,0.001627458898935119,2.0677274136134582,0.5659137476540532,1.9692265995550338,normal,-7.747947635889613
32.27688862050372,4.676232419707259,13.152360847055624,-0.11372807638881277,1.2820363711332483,18.95125849575924,blockage,27.61899923772772
7.472853481617857,4.14790798942976,1.4821207328479966,1.075576592802655,1.437799121851523,1.596901317134087,normal,1.0649374818601243
19.82562938644208,7.949325128835731,9.327556654335474,-0.8900994222164701,0.0060978249502482585,26.959094788860924,blockage,12.096740034639174
25.41054756266858,4.117403686393791,7.063331385228396,0.5414939453656161,0.33776454845090664,10.221431492451421,blockage,20.48369089270647
9.764937180858263,2.866106882127683,1.7588995194605783,-0.09061228116375453,-0.7008398780024758,3.960114880208467,normal,7.0323442232956435
13.40825796226732,14.411623816857787,-0.41496462826125935,1.5224101106835297,2.193113189139364,5.292049407436273,normal,-0.46959297213923906
33.634223090605715,8.12897445150891,19.396563532997504,-0.5027253546936071,1.7359693829560636,5.743923815800795,blockage,27.66598558264445
3.517016777626983,5.042534885960071,0.9416772178459739,0.2720142216569963,0.7237310926922415,1.0735925683485052,normal,-1.5126416654205974
7.462072227001082,11.681507439741228,0.685069892859967,0.8637455483551462,1.1834785103700407,5.311742967872607,normal,-2.5298262117525407
17.0315575777498,23.868717875251534,8.100611011311177,10.151436762781314,0.8082607836915386,37.37898458917002,flood,-6.614798290526862
32.43977063864104,2.5256010441099273,16.78087701586243,0.16798927353902215,3.201896157877472,27.385865359685422,blockage,29.34571887062088
26.805120053570633,28.833649042312004,7.056549051827123,4.705355843470926,-0.6618058244296856,50.680448106000874,flood,-2.4459027417508463
7.219629258712263,4.613827432783304,0.9494220302497752,0.2923694526704947,0.5908942616277352,3.644360949625453,normal,2.904080106715081
32.813165762509584,8.74716917158533,13.55216986881963,1.3585129211899722,2.5834011838504742,15.079442310286321,blockage,23.05147252504971
26.663310513833927,8.568799862958464,11.515398941715286,0.04076432982005451,-0.5645651955759566,21.677378541962053,blockage,19.03693246317235
25.054146410718968,34.804181306536044,5.430319789852254,11.384494937785027,2.1605743601496386,34.914766321985326,flood,-10.681613471070749
28.005840691954567,3.585422312052766,16.530213372580345,-0.6789385143240586,-0.047359420947313165,28.591122148836877,blockage,24.885812469931924
3.6771165594447934,12.796799390379668,-0.11171889319092909,0.0002599234606163181,0.3976107086989752,0.1956061472249851,normal,-8.048652304782205
28.218118627499848,26.459999211199943,10.482741798582211,10.172643789388927,0.6681011877740103,49.17856779872127,flood,-0.7876851583828857
32.62600091086562,31.170141458395356,5.453021792802633,7.401010084022832,0.7438509486980578,48.45699824692373,flood,-0.5054462248014906
27.191813073696295,16.29456956210631,12.261332039331744,5.821955061403814,1.8931474869782106,38.25998882207765,flood,9.523323710728391
2.7338958179458643,9.870109666579296,2.863744579598265,0.15544950673716096,1.0802775492248713,3.712189639727904,normal,-6.68229551558181
18.09227285762444,25.991244865071316,7.821039858852273,8.938800941830513,0.09814659073153624,49.07945108613405,flood,-7.400649804568156
9.88429185946923,11.821580961779366,0.057489237619275324,0.4525018182486682,-0.1741700931074147,2.208392726034018,normal,-2.6528857950348885
36.17298684725888,3.944436397368261,6.47872906165807,-1.6890294031968693,0.4992785771581167,21.354140948370414,blockage,30.01758512466464
1.223339774239535,3.4229741437362433,1.5208706769603837,0.6622962702316487,0.5441231334637218,3.899305204247948,normal,-2.945950251871755
26.00422105591653,28.597695784551398,5.430950227425921,8.121696276693656,0.2256865105521676,55.41532069850218,flood,-3.223235075084119
4.380178219042399,13.612799191458437,-0.2810647152423775,0.43904955223113534,0.16906619917286062,1.5191802827868168,normal,-11.060953410553998
11.056479089758133,6.556402925443731,0.35076407527666975,0.7819542581505576,1.4428757434953012,3.959792578993979,normal,3.2549932456264656
32.78319781881029,31.26370547925754,9.293310267570483,6.56350034821085,2.9165594947876126,54.73016363621885,flood,1.7900205662415494
18.606821361670907,23.95027172427497,11.344118452078973,4.195565549564879,1.4617798720151094,25.908685991552275,flood,-4.512933279777707
21.41866129969007,30.203788570375625,9.574946112455285,4.477256629366014,0.07169286704248821,37.289186755681854,flood,-6.378979587930301
33.03737127470204,6.000688823452485,18.301782661115645,0.2320989660475021,2.6996277273090197,28.881792646307115,blockage,26.350615448944005
17.18950124868947,28.05739134956464,6.244929666444438,7.917016403502307,0.9882217772757442,47.40348588047629,flood,-11.359804470079224
16.757634130698975,19.23557922992758,9.569881345552151,8.597443641792605,1.5834779737869114,40.66175975782941,flood,-3.919238123194122
3.116697004988439,10.14330226417701,1.401344316056832,-0.010384507229754494,1.166425088891454,3.1439117769870273,normal,-8.197337326465428
25.56313221662735,33.220168781360236,11.903558584634826,10.618166634588947,3.241218453971428,65.77867407656376,flood,-6.15987081939542
26.27143622128535,3.003470643995442,15.879866449051626,1.1429166530816657,0.6361224433600766,21.9655423148651,blockage,24.28227446806697
20.59050898252905,20.202198328642083,5.509378497794089,4.260084106903128,-0.4381210949712094,54.629275363158726,flood,1.3620881933276068
31.813112315182266,9.200891883428788,12.549456842463018,1.6276248399589293,2.2293669377177534,11.089890329756303,blockage,23.01306630571042
11.856766899576172,3.556330415248228,0.25047543059067434,0.6978764034241196,1.0945928455381422,3.9226484885469524,normal,8.362935547142538
27.637686140524604,20.054345292382106,10.658626802873455,3.770019362346442,0.29144421313362723,32.376039005865884,flood,8.251903304715544
13.851026152370624,9.480894431686504,1.369146689529138,0.7526673556360541,0.358049993056769,0.7870514832884585,normal,3.5779443189273032
3.445069767273794,7.9455595711427085,1.4712792599482567,0.7137040388362368,-0.2230543154059443,3.9478618578170868,normal,-4.330939050995033
2.27482047470173,1.7321170543628086,0.2041690063141144,1.1467163221246945,1.7145315839900257,3.4481884317114275,normal,1.363718479266801
6.491549509581945,14.157130534247358,2.232531846367675,1.613700902712945,0.8529115569633436,0.22940515557716218,normal,-7.092743260672538
5.22945069225593,6.646510380960758,1.236466797287553,0.308536389589917,0.32586147030002643,2.693029501753806,normal,-2.3024389069339124
28.783503787345094,0.19380550670801755,18.64856298538339,0.3705852253628644,0.37790715467061275,8.025142444499902,blockage,27.10040602344114
28.58287271333341,32.77733025646372,7.984205643318686,10.473273344875413,1.242419302634622,69.22501319663937,flood,-3.3921120395295947
26.966477485374632,2.5741994463372424,10.257398386976089,-0.7283734956060375,-0.5586038420831618,4.093311910255057,blockage,24.880906340381575
23.718283772777202,5.853980338690401,14.013976538988755,-0.3620260078444008,2.9580945230569187,19.623652490119056,blockage,18.685938268192583
31.448335190570635,33.090946696061884,8.98302527026997,9.16876955835999,1.1528716410895479,68.31923022290374,flood,-0.5880175916645792
17.065418130907766,17.499772711579368,6.138046922372301,9.258910560390332,-0.5414573899030529,27.732965172041336,flood,-0.49472228445785793
8.227013694861164,4.943824575765186,-0.3070102114344898,1.0315855291647207,2.4188034463048176,-0.17225183288565282,normal,3.632592010580308
25.59899368026666,30.90778116639403,14.480959409713622,5.5047041489596005,0.13472067224083528,46.37845248536895,flood,-5.4596277428661955
9.50850974241561,14.434148668816164,2.115582528828934,0.4449464107934156,0.5073711505456018,1.4513431073963952,normal,-4.6596574246825995
7.321130035712315,4.130333855635917,1.5535273450194171,-0.5375691337820504,-0.4188636837058433,3.0614815251320233,normal,3.3808603137974633
0.7899825234673655,12.251349309548095,1.3277321102769637,1.93442166426709,-0.779335535037816,2.539799626281683,normal,-9.74516113622968
13.649343526548865,7.583975917370528,1.8563952542692261,2.031100664181028,0.14801596260079977,4.174330303384353,normal,6.080201560367823
29.75918422159212,29.172479394246647,5.755522427008229,4.283924303878214,0.5513760437932449,51.48039450330698,flood,1.2417334190149472
6.117571834309452,9.127045968065287,1.6279143562928486,0.5257973343408564,0.08743517613062851,0.5690721634531131,normal,-2.5367242538110104
32.705941308310514,1.4199513899598406,7.489700931087317,-0.29890629084533066,1.928873230924259,22.93905119431385,blockage,31.596194778366996
5.773569939711313,10.20233918475366,1.5710328998406156,1.0858066732911948,0.16843202610006405,2.0760954550389927,normal,-3.7496585315965296
34.628213300009506,29.160882341539587,11.61912092100996,10.027111491022614,2.9782704556501325,47.433564353233564,flood,4.608769732064
10.365053548399516,14.686589158710674,2.1191194260453825,1.6102061972944637,-0.39716822728449663,4.015513386247636,normal,-4.433343566805891
13.965363598141797,2.8643638756252683,0.8625666031735783,1.9572600554333126,0.4219693120074588,-0.6097219233568532,normal,9.853979409208112
3.385933326953169,11.81937311490292,1.8996299715637077,0.6100388671364471,1.2285719263313337,3.8474348025376357,normal,-9.639586311014535
2.717654464718117,10.873705522997493,0.22861378507232963,-0.4317122651976284,0.9005172167805722,3.374072899255095,normal,-8.319440446136667
33.915232410030775,3.7546526860110827,17.36443524570113,-0.2719195015127267,1.0625976708188765,4.27569389275754,blockage,31.799455085070907
30.702102166758696,34.141134217022284,12.104067467671436,10.088304433932718,0.2980341904006417,44.12655545434904,flood,-3.232007309571153
12.986088409856121,8.496294735164595,0.00960162344519433,0.9067394812256849,0.21704481264903053,2.81112119386746,normal,4.246884768437493
27.069830580442478,29.165528651682514,5.9256002700962105,8.49636180304828,0.4344841330568074,25.09403097620051,flood,-2.2315691126965924
33.14980355752798,2.5960971356288547,12.206515609579352,-0.47190683145525797,-0.27392456388683,23.56774108773424,blockage,30.19118055107023
2.778493054551629,2.750963269675646,1.302777334751989,-0.3999817869705765,0.22398462757124765,-0.4022561868542004,normal,1.02583374114937
26.713575121097257,7.155715704092902,15.272961559766959,1.1681878225118316,-0.25431847419676845,12.293752760265958,blockage,18.761725997579873
7.23325157455999,8.379343309460044,-0.33931320244330304,1.0121110502030384,-1.4924622738032132,4.8650740826650445,normal,-0.9601591812946313
34.92393063479183,2.091594358366338,14.177528021937407,-0.6137880714361745,2.5009162965983758,12.578587587305336,blockage,32.763711945968645
4.185710438300218,12.404779122419598,0.3422972222145303,0.744756338983193,-0.5500067679832302,1.4035394012843991,normal,-9.302492421868576
23.1381174729524,17.17194735125118,7.761465639424084,5.414472829572637,1.7822736091786147,56.43529939954756,flood,6.544901960082798
17.531119432941658,23.562671934163323,6.444543807807938,4.644882676125796,0.3608252988611049,56.234723315059775,flood,-7.163688566070115
4.4757472455744365,5.044690175143369,1.1012807005496208,0.3559500508776422,0.49272353580489237,4.848546563012166,normal,-0.12214547121513475
2.908292642645643,6.592655915562734,1.8214475017667058,1.2209457062098839,0.06431471482096558,0.5773407899675733,normal,-2.647560865354425
27.094335395330475,31.45848865502896,4.9794776749001,11.913131361789565,0.1491160493896675,60.61031983726612,flood,-3.7688168307023893
27.202141769749552,31.218236292911282,4.95343070921214,11.666138187667771,1.8671229355041352,40.60402487730254,flood,-4.636894920469942
1.1212562926571965,13.85918737904124,1.5178437512657132,0.9833672356336463,-0.06669658075840917,3.457289451289827,normal,-11.977822356191695
33.554076601757885,31.413488624389668,6.7035019191911225,4.257386912901142,2.0042053133906292,55.00318387107948,flood,2.1020624759802926
9.428378825944055,14.95341071175227,0.3908204766293762,1.2020496169665282,-0.8078371512245194,1.6510325894694544,normal,-5.828215412780482
17.284113785188193,22.74749265589926,5.484418208123658,3.976433776539534,-0.07600789402877324,25.274885511960775,flood,-5.027603064851438
11.208780318508461,1.8519221728268924,0.5643910350116194,0.805252136530557,0.6082858134602919,4.884303248066892,normal,9.61111655234984
3.262376017707611,11.02472278687576,2.768529894703102,1.2321831502174279,-0.305382332398794,2.3699169323876337,normal,-7.403944543416713
3.4683322761999897,1.7896950027285636,0.15762429216223864,-0.9182738335230869,0.5365743438845574,4.856610918305071,normal,1.8236739072813595
23.881798387606285,18.598465880277544,10.903418216509627,3.9682683039161963,1.9562474783782968,35.91955363681059,flood,5.9594032312165055
12.027855062290339,1.335001688745094,0.639080127877354,0.25338311463080754,1.111935396456556,3.848816865565614,normal,10.600531474267989
34.18964507280296,26.514897845093518,11.832466509648835,4.579625862492443,3.4866001780642786,32.60695013713573,flood,7.446354025960138
11.096719678260104,9.146140691255612,1.7623700200023253,-0.11334486891902518,1.1464695685250894,0.4004129414319663,normal,1.9289216517467398
18.67983422773606,27.398214048978602,4.868075607725159,3.0640869304796787,-0.7106796820301154,47.098438756372964,flood,-10.845314631026591
29.505707777998456,27.11724083276287,5.461491817986104,5.603361759123918,2.955163136177998,33.79334478100423,flood,2.9676386297163977
20.984457614029996,6.461582135652071,6.733812263662293,-0.3370828776725735,1.6340036268924631,17.596798469437296,blockage,14.055681672752076
13.288803012535125,8.062857721535957,0.10488625634815008,-0.9225093150934108,0.0027728722954422423,3.6253901145327223,normal,4.1577935302559315
8.761285602521822,5.879138529847695,0.5690445855541533,0.8115572331586962,-0.003923066918053378,1.8999160055370095,normal,3.1998374723761187
26.959618238415725,35.25382709396586,5.624984250675788,8.270921867577378,0.8569812194740861,66.33973774531793,flood,-6.7287784508989885
30.220966041192252,6.024433245083789,20.42539292128728,0.2875991857261251,2.445162093783108,22.37681058487171,blockage,25.258019699040617
20.204186416264594,27.45364079665514,8.695636652350723,3.3548780193009713,0.2729702196003214,40.32312730353024,flood,-8.093088938663813
11.228743540830427,14.155874053102522,1.5885394509048667,-0.36239373924601814,0.5681299146391448,1.9577795773744802,normal,-0.7470182586667964
19.300589453476384,16.227695009183275,12.305069031228138,6.6418899463163825,0.6198157110840884,21.529609664040766,flood,1.6687148041548714
34.59420637493321,32.22517865611744,11.144959546921024,8.848019463631273,3.3001895541583126,41.690892064122295,flood,2.289563410914096
13.144602353142435,8.312777801697964,0.9406714143518315,0.845074802322569,1.7923293314002449,4.620073241598497,normal,5.7349967557877966
27.526683897621123,20.671257529500636,6.021572216509236,6.363249249894754,-0.024837626652440215,27.97535900606674,flood,5.547592623802324
32.072812430011126,34.534186280205766,14.400135543917782,11.169930502501469,1.2411140532804745,58.222340554059876,flood,-3.193346593834382
13.712947053009405,4.805243690471869,1.2192899346131918,1.0648035872300075,0.8301168455115174,0.09801374993432464,normal,7.719989214436637
31.6456785670476,31.903105073732497,5.837749116210017,5.6882681731791855,1.1605984710434634,63.16449525878641,flood,-0.6819052912519168
9.184866500592477,2.705168284148449,0.8498392830272791,0.6414920073065483,0.036630916084946376,2.565226781319161,normal,5.8298715247871815
21.768602339096233,2.5046127372962457,17.19372233039517,-0.566355191691738,3.441220778628307,3.6647600862908947,blockage,17.290417234597196
29.41417281583396,31.100374076413303,14.182923813721048,9.997606145980503,1.7409183465529918,64.04345077458687,flood,-1.5700330012163795
22.637855010508222,3.1669033980748336,9.055783385999247,1.4405384277770148,1.964529448685122,15.919531460559906,blockage,19.667107930836536
3.3476226426996525,14.3259605007169,1.4440681216063354,2.602546825623428,1.8084947011026586,3.7976015297613457,normal,-10.16270374251301
14.494150558908492,12.861585223882571,1.2271342873556428,1.2592909504182987,0.8844492569926741,2.9826963138310014,normal,2.1267332365620284
29.862030801868343,19.07701963577541,8.75139808207442,6.666901384183034,1.1993348762004556,38.659961389765165,flood,10.943659191872658
31.90603756377434,4.629072773757736,7.193661844875436,-0.6734488190741731,3.2433639430215138,12.500198169425538,blockage,27.021502585827253
2.6367692469854815,2.0862567886906453,0.895542234902879,0.6349711631412029,0.32584183825949636,4.523126151063118,normal,0.3974472872785945
10.02549612449605,2.496029606780438,1.0087517375905746,0.5217462328474035,2.211653011658652,1.0697873259619652,normal,6.395981386979965
26.570091159249177,28.049332926563185,10.86490976632009,12.07572865386712,2.162135387216283,49.04601281795332,flood,-1.4833328870472156
23.02237380021929,4.1579209899111245,14.146266577305797,-0.7086487809890831,-0.38683870377792456,23.6451851886847,blockage,17.816236158985845
9.918349978899736,7.705800501565859,0.6681490880304448,0.8765163294754102,-0.3276877146016861,3.191331856640694,normal,1.4330168800337524
4.747885372733464,10.61628943148028,2.0452368890793964,0.13867350196709105,0.5146629989717407,4.914266732793536,normal,-6.033742864182593
16.180710811026273,23.913302321831445,8.99356459515916,4.929512662985644,0.3440093039950307,37.066772822013895,flood,-6.8757720033256495
9.682479633677001,3.0969217967311344,1.5052020799399122,-0.19104213181535507,2.5484520282117615,4.297491222011349,normal,6.520315426656637
11.399596493958818,14.375284488005798,0.5854619235109632,-0.7027028642859068,-0.9159776484297925,4.589901894265556,normal,-1.9167737360792692
1.2416295513535345,5.670599267379345,1.2157927590025304,2.534883642406199,0.4494001774414343,2.540030670660634,normal,-5.090120220679111
9.632325594107524,6.472290718548142,1.8589953069165168,0.1471645971620108,0.6163351008907328,2.172352878343274,normal,3.1331608219562215
34.54945579450338,9.872898937692623,18.50085819245294,0.3621580024074599,-0.4440255591365106,19.723924703432974,blockage,25.604482869761984
28.92516089987178,21.34924292975765,11.272352888835552,7.852841763103141,0.6699786409257347,39.93449929842332,flood,9.778261507118552
4.305133386735007,9.363449122204832,1.1807293655150835,0.7014801567684064,-0.40981102891239624,2.5249081703968232,normal,-4.886611206393801
1.343012533610023,4.350185828498575,2.1708432707845917,2.5649655274759846,0.7999305296551461,4.616349024573087,normal,-2.5804533596180415
13.032254551427698,1.2495967663351906,1.112427684312797,-1.0365365374434155,0.15380941982374655,4.372521935778637,normal,11.572988182395289
6.682157390794908,13.585847125333927,1.1487474967511042,1.0438165093563037,-0.7904905779211765,0.057427557330652676,normal,-6.796237494782396
11.702961684750539,3.117277891476333,1.5920779169037402,1.424079085907771,0.3435190091543021,3.0928133741803565,normal,7.525732834931921
25.070130821002948,10.348795562653567,11.412643760754626,-0.38045846141127604,-0.26701998640773283,6.745528033921318,blockage,17.021171034760616
28.705870297980397,27.01623660625042,11.360263656440686,6.826336921117733,2.1927077263853163,67.96462048301665,flood,-0.24154655631277333
28.13222872503479,22.308767345609386,7.965429507891965,7.455874257258816,1.2113886293505955,56.96289448365898,flood,6.596207327939279
25.499668149257072,25.39431192550359,7.508678584113151,8.079302022333835,2.7295640331022106,79.7816637048402,flood,-0.016904304509298862
26.809884737475404,18.995258677459713,11.1277238047028,3.8554729493838424,1.242165674415547,44.385938459791426,flood,8.33427380139458
4.591139592892701,12.426675954410419,0.9240409036908728,0.8832221811855496,2.749593586860199,1.9277897146795953,normal,-8.524908395751128
20.58871712226784,7.337261126275238,15.995171241504714,-0.5767644455157231,1.1500080207935777,2.639895466636431,blockage,13.708478252675853
0.9651400648932259,6.922146018756768,2.20939875076533,0.9143785924593697,0.2870865710565065,2.3233875087058764,normal,-5.064035092181787
2.0379394306442933,14.269981919572231,1.0116915958766053,2.330661852011089,-0.4220404048658125,2.9441318154570846,normal,-12.815094013267146
1.6358459111295747,0.7082206594001863,0.8066203988999774,1.2874729209663165,0.6549928837906802,3.206940965048097,normal,1.5129102834652792
9.78939090096708,7.528472238599657,-0.38439950806932793,0.822053789531009,-0.39818053106757806,4.93174369742565,normal,0.9149422036979946
27.795637394141046,19.22552385013135,5.624722476670329,4.9032789885809205,0.19779350814444352,42.29027453541199,flood,9.399213542606999
3.2648734682231253,3.3477150662382895,0.721412710820065,-0.37966983951714606,0.12884373918640812,3.832007991844113,normal,-2.041003893759572
21.99338743211508,21.135775993734107,11.045659191129603,6.938649528685456,0.20176452618509544,51.956518222336335,flood,2.163140341235465
27.567335154949404,27.633577779083147,12.391685161084675,8.36977604972418,1.7767925994976388,36.17750387525523,flood,1.0632667014974313
8.538870341414116,13.937800084710805,0.8053190120974858,-0.37117258273125464,-0.27369833254590903,4.065830992018961,normal,-4.232631473517911
15.300022114647653,10.471223968706518,0.3077479812931262,1.0545472277048233,-0.7175059840963112,5.491485756121486,normal,3.73626814595936
27.553804790807664,1.4781203254140298,10.883257563155137,-1.7373995554830621,2.424731167442426,16.387458979500572,blockage,26.64812558652482
2.0256810628457766,7.238229510906741,1.7779248759249984,1.3301229355555995,0.056965252450826495,0.38800341332151334,normal,-4.822175247662709
27.475790543494803,9.060434175171252,6.883359695057251,-0.9581250821071442,1.188297304750229,1.06298104360916,blockage,18.479573268120216
20.384777184567877,26.443612478240777,10.94999460250409,9.346539039608146,0.1429006441731725,39.53108475941757,flood,-5.768384485161254
34.324098132326185,2.1751839890072717,11.071079597005836,-0.7649582223131189,1.2257338728434837,15.608584426314874,blockage,32.04210421316633
24.796302222543172,3.87829664019617,15.575186935446412,-0.3305750163930282,2.360398904870436,13.655494433317276,blockage,21.02746112718828
28.92226581573732,30.498285373295108,7.363986757937088,4.30240996560871,3.3138508832179046,66.17100834331227,flood,-2.469931376963056
10.565651763081172,6.199303232350473,1.7492557256002779,0.5432634129509302,1.8629471092848524,2.348780472020981,normal,3.788385469580254
1.8434414656945255,6.197941360738963,-0.3126857253224218,0.3592918436610011,-0.04613446133475985,0.8907288762776168,normal,-3.7662190965837468
33.71797104576297,32.143996570978615,10.202747027624229,4.617045203278058,0.9124359758305612,78.86944154849454,flood,0.15047088611822557
26.823086433714725,8.200879861725376,17.114359881193018,0.6472207630809294,3.203748015399726,2.0621597145989483,blockage,18.323854608059474
26.438043161497202,7.6089481147865285,6.820398592260669,0.6413742091148906,3.335532537946621,11.961413744925236,blockage,18.654514189009777
21.892568338143068,16.03035657131727,7.4395205134731235,10.342969330258317,-0.7450726861207974,43.6301565511499,flood,6.129081961639089
8.849818275083509,1.9883309781420637,0.9785456019061429,0.5931745994498179,0.7361558011614044,0.11092952529469269,normal,6.585739989789406
26.18783924579868,7.636528568264008,19.987546501506745,-0.14750414898853298,3.189506898358145,7.673799743673885,blockage,18.237131394907486
26.407901378917128,17.816748683400466,11.348387895930566,9.900646582235948,0.4119623643582739,57.92586909767679,flood,9.086927232436539
30.643696879343903,34.4781513216896,9.836086220063438,9.405882870451194,2.8446249665455805,66.74200241217972,flood,-4.036673307080572
23.622972662756535,17.97744896249918,7.426855575402905,2.909276577642856,1.2890707617953792,41.561506742984655,flood,5.265961560271778
15.069376292176626,7.012789944219811,1.1545642860572045,0.4574292969708762,0.08618611281535005,1.650656310970327,normal,7.688682807834715
14.702440642133627,3.9020574569961175,0.6870112510352919,2.139091502497989,-0.23241373445699845,5.12465893828234,normal,11.61839020935339
26.387009237615686,2.157990668649434,11.81375387241539,-1.494344173180559,-0.07387688106771614,11.77575693479727,blockage,24.886599732348305
23.87997987947233,21.998765549760673,6.896758002210812,9.23819901551343,0.6501669411666404,25.33031009328766,flood,2.3833248143784527
28.591446749606387,29.624045676845025,8.211275244935976,10.832958116281766,3.3674052119442384,43.17018655557484,flood,-0.8404804131274016
17.3515121476534,28.018976412136766,8.879618148929591,4.28954054084803,0.5822562971190361,39.51718876177277,flood,-11.464649836286139
21.620990488290758,5.314324654993615,16.705115031395902,1.278635944539853,-0.15992051840562863,15.111605296369984,blockage,17.790298910647905
7.674182641813936,11.232047026639883,0.6437546496014488,1.5277885540810097,-0.16129697797730358,3.2514627416593505,normal,-3.417181151919453
32.367556165244395,3.618278873630171,6.999864231388957,0.9510987258657049,2.5038089299641855,6.27518782801536,blockage,29.859964416941164
35.32626971566426,2.982421103761072,14.599869619936891,0.5107829081409637,2.9061848688552376,18.002624971128014,blockage,31.869339753139986
35.23048869384575,7.757858062140295,15.387559583766995,0.6345887831664677,0.8075812857469449,4.59820316736823,blockage,26.520954514483954
3.0717762785768135,11.10418846590973,2.0755451834507035,0.22042508492035184,1.2231144755824641,1.2065836689960614,normal,-9.438360952900101
24.755708575893696,9.381421465004847,12.628426456799584,0.1937150163038957,0.6899463334421105,3.180087218041773,blockage,16.088688090241018
14.194704038609602,5.715448071623353,1.5146574933438293,0.41782260927797654,0.3352150884046119,4.387955368417576,normal,8.278919509784378
7.366131359242252,13.583892731264001,0.19072294574670506,0.4630057420220393,-0.5863176233398159,4.31670999496701,normal,-7.6427159713234225
28.921912668187982,32.87580748110435,8.31041495397911,6.3487071607726815,3.817841049360703,73.94302734700904,flood,-2.692581023744856
2.097728101055941,7.154198694150628,1.0639830798186267,0.8978876826884417,-0.2865490230866923,4.6930280497337575,normal,-3.2201018506898276
6.931534275600469,12.103437728638466,0.9882246670149444,0.21776567424104265,0.7955083513760053,0.673857846920695,normal,-4.996324043842654
2.240742725346002,2.6779633369254414,1.3037218271067017,0.1934461324575112,0.15078198660623598,1.0066740825728373,normal,-1.333951092140392
2.0868889930426064,6.879099575228256,0.3432316686003518,1.3740518099403911,-0.9451822488888697,3.6070363368396894,normal,-5.674609709403414
2.3715759881623715,12.769308301464482,1.5459012147406352,2.4861584982910774,0.05635593929562525,2.243482696959224,normal,-10.357641392749331
27.596779518753696,30.77003042382203,12.294300800632275,9.025699747621115,1.5434443414082057,33.510278013957524,flood,-3.747561246746276
8.6433561042674,4.674788457873006,1.9876333669432393,0.5882446310601199,0.35970131438181513,4.088849005712369,normal,3.7796872493672242
6.231288044645826,5.694672267628445,0.9204961164816617,1.0475553613194366,1.3384926774859498,2.2523768527811283,normal,0.3748892533885962
6.853610018274293,3.594915651369316,1.1172432350958037,1.6846875623680853,1.2554962550481896,0.6386836817658633,normal,3.252104446963833
6.319006907252987,6.959684637710368,0.7475132338188097,0.04854453098212852,0.6674574343548793,1.1545998659982306,normal,1.1463355832857869
29.089074069744687,21.514700271249076,9.415632791811088,4.378438702136318,1.3424280396397887,38.92096477128385,flood,8.040050515109792
9.515072752459504,5.4709673626113995,0.4278276645119965,0.43943991328534165,0.3087821488754532,1.434185246860108,normal,4.202240907286669
12.81107075516393,2.5130344157970104,0.6801418679237714,1.1786392734158437,1.143930882651798,0.10564829393484476,normal,9.996459618994775
21.758484473287673,16.506414815757502,5.650546104539659,10.3646905061611,0.45904601575721526,25.23069521516905,flood,5.424009922269793
26.566617288376857,1.6308109840447536,15.89491561520985,0.14809745987734957,2.268780034125614,22.836253555728806,blockage,25.389021267937622
26.474996317632275,33.53724533649648,14.147229687653677,9.508734325753686,1.674556633473991,38.98777420213982,flood,-7.080063049029075
29.9815526750607,31.709053999182448,14.579026395998305,6.8382656795212995,1.6626769960654948,56.65156103069785,flood,-1.9252106538531932
9.29864364950215,4.331283974213071,1.472663816060804,1.0399849947940356,-0.33504430918488254,5.613331750963199,normal,4.160146689583556
6.435403835499971,1.2985646283810042,1.1048445357525463,1.8686549749934849,0.14321727529402073,2.4080251842657985,normal,4.68174364562768
3.194218162570591,5.302914225651573,1.4357389103107672,0.29075731706497765,0.18680537750131074,1.9231228726498248,normal,-2.6225802093254162
9.300640994501563,3.3392333618060084,1.1064478268253115,-0.05102037976947227,-0.8890774920209005,0.563747820240575,normal,5.717695345837987
4.992308255350027,9.787004220505022,0.3548694311059858,1.1172075021910508,-0.010849166875500447,4.46239815993268,normal,-5.338239128828471
21.62139274539468,23.112403942876576,4.056420268522382,5.82575723776244,-0.02646888040932478,58.58906998397511,flood,-0.09767155086090545
12.605554297776875,11.553883121999604,1.5999277769257523,2.453565980668625,2.192753188485388,3.4245997796711816,normal,-0.4284633632407493
10.801259633968618,2.452367264245245,-0.05581109778322116,0.919237602690284,-0.20660671858413424,5.542796197469524,normal,9.138707935147545
11.17805775912058,12.02950672061004,1.2022557573526234,1.8564879857214853,0.5060842277289899,4.197428229424792,normal,-0.28173163297124265
11.282627752404515,13.491110818441436,1.7233315294202165,2.0884172340236704,-1.3373533201851784,1.346174601085575,normal,-2.499889039730915
19.638204076545104,7.416441863184033,9.500580459410294,0.5296188851541455,0.33008122116061117,16.773422683734253,blockage,12.327683048394197
32.34816889218381,1.871309461415589,11.926581279934688,0.17110843064007136,0.8581661641603253,0.5953835175156935,blockage,30.339473453695042
9.1441429124491,6.49446659856209,-0.3612990557836937,0.8781277843231613,-0.2940525740018413,-0.3298366183256306,normal,3.3148066512123795
23.26471826632415,15.993955290632641,5.920547813164867,9.096703169028753,0.5244106092410618,22.442274397239945,flood,7.540449624319545
4.092388487610467,3.5714446151826174,0.06363986744054284,-0.1294300223598751,0.6468190983694204,1.5888133541746368,normal,0.4995288362466369
10.366452076663917,12.331449909890239,2.273980227142408,0.5474720788899745,0.13735343136670386,0.21873965101133358,normal,-1.221094200723299
6.822030894853406,14.21137246549327,1.1897498102677295,0.6179024095768597,1.4559149851163387,4.277320811459728,normal,-9.370762996403302
10.021608569334784,6.499297847153937,1.1606853949454594,0.6920462029773693,-0.1370926668741959,4.207231260800208,normal,2.683396047384463
13.6424018145764,13.165345323175945,0.8499732595976661,-0.048560960764577166,0.8769010201689169,2.2751535876233318,normal,1.421815061601208
22.846454752698136,3.5629201100002588,14.178488281303641,0.48551227313309875,1.4377743653600445,7.571635457061955,blockage,19.549797438749483
13.08800093326883,14.269700073301117,1.7494189635038748,1.7704516636778291,0.9203361285838448,3.0604667681017412,normal,-0.7488174652353964
30.33573463143677,8.730957794952475,11.818802177950479,-0.5647186800324825,-0.3424100947784858,24.125358144309764,blockage,22.6433880476358
12.951948306845095,4.41733814786057,2.0241515231327134,1.0469203592089034,1.957289012131435,2.5260169054702324,normal,8.506237583130542
28.362203500949075,27.386923614434814,10.880226793447303,9.428992350503687,2.3693137576064354,51.7461499367871,flood,1.2930205260340677
29.616811573618914,29.750609387137892,11.607449928046316,6.6637524389148215,1.537135265615634,44.18947113165282,flood,0.061211163214621944
26.373680110828783,9.292571568098449,17.78556088021205,-0.3694808420291011,-0.10760998689720475,17.410636490363064,blockage,16.549648053501485
8.538827215137708,5.310405175285375,0.8147654444093929,0.5521322770396766,0.0865574509629895,3.394798283163878,normal,3.450066802205579
33.58393956918725,6.450505435427867,10.196787351250855,1.475505963899717,2.1597890806710716,12.017061744799856,blockage,28.707810520508307
6.442378474799879,10.129202685554915,2.1761068749259174,1.7610013703982434,-0.6541388420702129,2.4378695615073402,normal,-3.0584798087042753
26.632153107045355,7.875568017804733,14.437558436673076,-1.4326527097959316,0.06558581747636734,13.94320976164419,blockage,19.462609593953808
28.64553548494827,31.108897244525277,6.780215498202141,9.98776392546567,3.9098995801955896,65.98322640648443,flood,-1.3022146109296395
12.36878284560181,4.80032941948694,2.2672414865052226,1.4777343382652561,0.5552906526281223,1.2882303426777328,normal,7.542195235769176
11.16073876353443,7.965130918773917,1.190307267088267,0.26629409464941356,0.4542483857601806,4.366399500054842,normal,2.529974071902079
12.966095999433492,4.698298405133761,1.1952362115183321,1.8337642287155433,-0.043232368257005716,3.0070605554113286,normal,7.738325363794391
25.75439603595591,16.225600421283676,6.383806245704718,9.360588468446306,0.057318784077181065,25.49503133719982,flood,9.124176311601977
2.415582850572083,9.6723276217604,2.225637220856175,1.376032042591381,1.9339902797336348,3.5709507177638145,normal,-7.0632637335540815
7.336946009117949,10.593892092027842,1.0527618295852055,-0.11877229662767183,-0.32722725128190727,1.7385713813786334,normal,-2.147210818308224
30.86358562493287,29.137937981960448,9.847352641045042,5.911335784910828,2.690185245310362,70.55197231294832,flood,2.298219662546722
6.348171795961072,12.48036468848844,1.2415552237272802,0.6898344586921636,2.1936759426899775,2.421668579913849,normal,-6.011192733343904
10.453613267025187,8.99109916151926,0.9837898086029705,1.3423994247682547,0.2890761877139382,1.5067952260790238,normal,1.0758897088811976
14.45934548079243,11.67801668363868,-0.780451624199631,1.5479437097376316,-0.09023303157406973,1.4688982054364796,normal,2.526875754023077
26.693582283584885,23.455624588818107,5.667682404465333,9.535315861660443,0.5948544441186899,54.281149991325705,flood,5.10480311106917
21.403669388264916,24.685221483883574,8.691040014224843,4.305164647191023,0.7980101792085404,48.57948560475847,flood,-3.203206504579737
22.219310283616778,21.844813351792748,11.061222520234846,8.943278603280316,0.023813625461906022,47.59403954935368,flood,-0.18883540277216065
32.263070994656005,33.25388359563021,4.635324615974184,8.317162639153596,2.1092728506674385,40.69136964212872,flood,-0.6108972386812044
34.08968137633874,3.391706598889009,9.81950610681847,0.9328856704001665,-0.7848892164063095,25.79339467222889,blockage,29.771759961007994
22.715567975192236,20.45119229239581,6.675615672180522,6.680208372977035,0.14782847173687477,23.126081224082153,flood,3.1488591166465567
6.431399882574192,14.34131860645186,1.1626032223148912,1.3877716769011215,-0.5757550068684579,1.1909650243873209,normal,-8.187572319509478
12.159137269797803,10.174586896236878,0.9360341364580749,0.7028201767743943,0.33762606761592295,2.695697255255523,normal,2.208222957505735
20.348567039651524,1.4776092224853583,12.316888840241573,-1.4729482864496455,-0.0833120313849373,7.039388608886474,blockage,17.823209682529978
1.2302251650406988,11.1824766853044,1.0663308482736567,1.1378745890100905,-0.5387966975251058,0.5603080826190414,normal,-9.17819250869554
12.039232743839522,13.29172717909016,0.3204915080274744,2.0904147512300493,-0.10050806791516732,-0.3047464572912896,normal,-1.1075892279177217
12.954072966292507,3.9257838556930182,0.38056453959369074,1.8460771167490162,-0.12830866753140566,1.9658598933441835,normal,9.265860405739884
29.688304424629973,2.6523691031756447,19.124320228736817,-1.2378980865719686,0.18150696441572478,18.36258967482744,blockage,26.536755585806084
1.492760316963802,12.648598125938488,0.8396493190827986,0.17478645807880228,0.24077723384454305,3.40345328131181,normal,-11.046186960608594
28.119088693296952,30.09129162642841,10.965477188548029,4.849939931571418,0.7060079334181828,60.03881296117151,flood,-1.3700942477687637
23.661090882070603,23.172195901529463,4.153010791987374,9.621437636060795,-0.7545171221906893,47.30639587234552,flood,-0.11957999608876821
33.94357591972792,6.590603814059305,13.144327596372705,-0.26099755891637105,2.2472441705769897,23.231787455136228,blockage,26.96101316104794
12.823761074283443,7.953720560581875,1.7673354584221097,-0.7686517775154043,0.2945971322238288,3.2355146450732626,normal,5.1110978306886885
19.928993135671885,20.977645306577113,9.633514186571286,4.488610179792387,-0.6375298174959046,30.034341779470743,flood,-1.5570718743048182
28.019520200001402,9.56786017933197,14.719133743890952,-0.3235142006184361,2.628243843816606,6.70761836460456,blockage,19.633609188080154
1.9886896332606965,6.303115359463979,-0.32437545935639134,-0.21311156288742894,0.7699554127178511,3.97150239970636,normal,-4.870228185922498
17.80193171442934,29.499094395282725,8.054635395008088,5.40006379593741,0.14428479947823125,28.74554940355716,flood,-10.635486363836163
11.030576765313935,9.128228842241056,0.4837778184358309,1.421522257159494,-0.17142078105476416,-1.3885877609862436,normal,1.7889303430661783
28.540826063685422,29.381880521496328,9.769557281870744,9.290857201306691,1.4586217767082934,68.15416376656006,flood,-0.02890411458967064
11.253108786794563,12.951102842327266,0.33394345249006485,0.7370387006389255,0.49855331647933354,1.2016865049584333,normal,-2.3958115938543845
12.373432251812211,7.171221565732703,1.1767199273320426,0.8979995365663777,-0.0029228002035877527,2.814371856650925,normal,6.390034447526401
4.76312225185541,10.355198650739148,0.852613376875946,0.6032971473598444,2.2073773552397995,4.9102881192094,normal,-5.947575079325304
24.615606124724167,7.95199417038813,9.082792182326953,0.4471670636658065,0.30461048442933586,14.913603611847806,blockage,15.972639372008732
1.553771630189171,13.211744878250478,1.38646283606588,1.4506204668745615,-0.3189822092915598,1.7710415656591132,normal,-11.189390968787853
22.316600441174867,6.964306372506403,18.29722449824779,-0.08448038881346132,3.9139023700070363,9.135881588299803,blockage,15.320688796316965
2.2142042946242273,3.738969099181252,0.4834782333960832,1.0872197709704337,-0.7226434894213868,0.6682681499213946,normal,-1.0380989115676933
26.531656690575865,16.624058088131374,10.443753662805122,7.319688186378195,-0.4708488130421389,26.264435401996256,flood,9.835237755125657
33.06675770662017,4.721852616826901,6.732056590346194,0.4748188589829572,2.5095550772348014,8.01017843057,blockage,30.74352627607921
35.007239419980635,25.364025138070218,6.545741581922328,7.375117974710035,1.6089018261760593,38.84176082152875,flood,7.997682788163691
13.56566769010697,3.4436319637492208,0.2596435489090667,1.0600093898428078,-0.37580981513426287,5.091194805806127,normal,9.891062938910025
7.531347957224879,14.623745777548748,1.8962762805640074,-0.3242437608975612,0.17342330159142627,4.518777915720214,normal,-7.49599571648172
34.24349796378559,5.4109699143147845,15.641456463510643,0.26841048386917254,1.414676878873149,13.571890512835648,blockage,29.250013855274776
26.52402085723925,2.8950874071603203,16.720806594975333,0.908500723863208,3.2495422565457974,9.376456565740636,blockage,22.676762965327264
5.804968629678998,4.108502567990805,-0.01839497859177075,0.2837717841202647,0.45104082955285263,5.112999879515517,normal,2.090714321395668
34.0975564568996,34.37302882071933,11.983521895117207,4.960366123660012,2.6938854771555203,56.088628868794075,flood,0.10201192790485059
5.115807314832748,2.3057133747790144,0.3428619578282256,0.10795175037602067,1.8083356745184265,3.780117053986692,normal,3.141325826076446
5.273988665779253,7.524361081676882,1.8712351208978353,0.3212403613047036,-0.30088918327245884,1.4495854180654668,normal,-1.3444253222998799
7.4531621882984025,14.779562144838664,0.9515541115492412,0.23048864784102852,0.39598776108322703,1.6157920172637654,normal,-7.952654892226812
7.289179644626994,9.137630711699822,1.644592909111036,1.3356216449862972,-0.9602234964592533,4.597869339714086,normal,-0.7051559487218957
8.460797937716077,12.88508287761136,0.8871977648740702,0.8828855433417505,0.8028257897857617,1.7348960089967758,normal,-4.817447925438661
9.725078447278879,1.2405083261381216,0.6565301086392636,0.05509104179893795,0.9378131120900677,3.8172106724033403,normal,9.158492617567905
29.31437034241401,9.285638349306184,16.561490819865433,-0.07720523801955292,2.43851425935129,3.2344717023348784,blockage,18.396241723068844
3.370420133156859,6.495198606281454,0.8460178286785115,1.9426146575863537,-0.15025200111734316,0.4262688983028149,normal,-3.4066265069410866
25.940537539290144,8.779582013549627,19.253250819965167,0.41851401292261403,1.449366468335036,22.913682983228142,blockage,16.652377178855243
32.13811827405808,34.44357157814855,9.473497605561313,8.362287514363686,1.2900345626867051,62.42517559793131,flood,-3.252578823213956
30.281838842520546,7.025584530983801,5.496544986967317,-0.7116341915055089,2.0845346609856197,6.683297085454199,blockage,23.757982124488027
8.154569545796905,7.6684818283985035,1.0536047785044436,1.359266963911305,-0.2976382116468527,5.097906323903371,normal,0.6150470975887603
13.03979668467208,1.565233758029725,2.142832783503489,0.674108018882309,-0.4117209887034684,2.5282967544971653,normal,11.758385616293092
1.621615994413184,6.030797097039758,0.9933742549252098,1.1349711214995555,1.8772437430569693,-0.011434245530338671,normal,-4.582660525540088
25.974305778333644,21.132460524105593,6.0870967751266285,6.113802414083015,0.8957963936080506,26.4145918028537,flood,5.308723009849048
14.525698753216394,4.452435390378473,1.9576518093570947,-0.08562077404899038,-0.17355595616864386,0.49029494096924275,normal,9.965708455852388
33.156306599330065,2.5104100397391496,8.014209075210216,-0.23640655169312447,1.1772668225045066,23.604455715446576,blockage,30.073540623123645
9.338362846975357,4.900816290764095,0.47524797064784674,1.9035535064152234,-0.1546723810286559,4.102692174907826,normal,4.772658517891982
19.430165379606905,8.626111211048563,19.31467266135383,-0.6682895079882533,0.6322724725687177,0.12050332491772321,blockage,12.24939185038896
14.079810733695727,5.292266631526193,0.8615218572522527,0.4406905940841963,0.45969144488831987,2.8022833014600077,normal,7.2850689467155005
14.850192585841947,7.298915169960328,1.9301860899809995,0.9681685661722229,2.4068617438114828,0.05085164711588064,normal,7.370858967089725
13.143222125683046,2.154614618524983,0.6589966367679692,1.567814320672085,1.6938794375720412,0.7601457063002827,normal,11.976297702958579
3.2957390626411374,11.51678686516519,1.098971638672147,2.435901313478001,0.33181584942083486,2.1054956960806543,normal,-7.193468273654383
21.499349122693385,29.557101274242914,4.579937766364024,6.574749586176472,1.1961202247769165,44.02312390683637,flood,-8.74089618046531
29.316968592932813,29.488749504787574,15.411790076260804,9.795435170380177,4.008752290276149,47.35154279224361,flood,1.1207324317097713
31.03825547780815,31.06134467246929,13.680046545165041,7.279878360525109,3.2106701441570724,51.65066626789623,flood,0.30629549500525244
3.445268239476306,2.186696724390651,1.4932887595585111,1.6601977408848807,-0.5440387242049498,2.258772952168224,normal,0.1699635863476746
5.571736444780035,10.27006768091901,1.1725694700354847,0.1281742798518219,1.1722514518881302,0.323072201796365,normal,-6.034340712467618
13.483484955627384,6.87294996470653,1.2080837852973867,0.1332931456832952,0.8719106019006357,1.2885519677145942,normal,7.0874564953844335
7.450197413244787,2.8015929615963695,1.5801212156663238,0.4296177935850685,-0.3528564885104645,0.8295250605597698,normal,6.375105785783587
2.093744014196618,8.065437889413353,1.715015663463679,0.25799968975802634,-0.7184431667142451,0.7129062013598559,normal,-6.191950106218815
2.9023602662014714,2.8448216652426583,1.6825602039056262,0.4365775901859423,-0.06828682906605632,1.4661343983758612,normal,-0.6578547780874704
14.348738329933155,6.099708473346615,0.14157208648809863,0.3979830765852305,0.8396160113313661,4.690074099889947,normal,9.046415505435911
27.162414933587335,5.400291269173769,13.307919252434116,0.30111398995566924,1.7234039209991419,2.5396008771128904,blockage,22.71930710001382
11.831504665403255,12.900055251966682,1.523288251750727,1.4187892752624394,0.3031928510169936,0.7763079924892653,normal,-0.9825978894203253
25.800424630069877,1.018366184614999,18.644118517736924,-1.465972292535942,3.285487895672758,29.189538894448372,blockage,22.573080897554448
10.998163792231033,11.099301018433447,0.3615463699423097,0.5164240228685892,0.775764513950878,2.805279071695967,normal,0.10097930609425293
5.316394231399249,8.399701681627723,1.5195784218380033,1.75037355463823,-0.48148272041996165,3.0822095332116044,normal,-2.5774267534312214
25.771340517070545,26.178078968443224,7.879869853184455,9.177440406664555,1.292379848091279,51.22097844762324,flood,-0.5610287548573835
31.635640888339115,3.978664907318093,7.502583518554149,0.0955407764546683,1.6105181660543328,13.369675424614886,blockage,28.801984709680244
4.042808751636722,12.804360496883668,2.7069282916182758,1.4052965641421342,0.6745319614860655,0.791508481528868,normal,-7.736814884704639
28.381414675156467,5.0312725458370355,19.44782364919815,-0.6906580244797556,1.8364862321361168,21.39085541197233,blockage,23.786361395583636
31.96240241054982,7.810986873721409,14.423950076471217,-0.9172831545172782,1.8595835063058164,17.25813764209182,blockage,24.48663846933256
3.9301371349844563,11.372737891584947,1.3659911252003687,1.1009182128149226,-0.39386536728633986,-0.8647100261448634,normal,-6.5713045772492205
14.549167262516578,1.5821965799371769,1.0423351051085645,0.6201417720065969,-1.1005708520834663,4.713401000233836,normal,13.33055204528799
34.400250657378585,28.42252473182093,14.391788834464506,8.269720071753827,1.1407806649672216,63.90773940482458,flood,5.835680328365747
21.75818810511332,27.466054483536546,6.79108811812011,9.962158733126063,1.3644819428106199,21.644641229248858,flood,-6.473542421900969
10.050520390846502,12.747384793487889,-0.2993667081926016,1.5533102737108022,0.1282104547710491,1.7161788996326164,normal,-3.4133088116046806
8.960114383262908,13.128584757221235,1.002420690870375,-0.7554185519228906,-0.12555873333661113,2.673455903687882,normal,-5.129489425993533
33.886891324783534,8.0790733824985,10.625068397467412,-0.6735838863686212,2.6327936881170193,6.025505707116385,blockage,26.380032322749646
7.252770536443871,2.8125833447582242,0.5599171490331738,0.6564469793611977,-0.18717555195015642,1.5574489193727714,normal,4.962503657002052
4.3608703397738715,5.1411064516025125,1.4429743745694283,1.4913809185969955,-0.5001435160385407,3.114368716442626,normal,-0.9786116401645404
7.595402897086081,8.343079637095109,2.67167495765747,0.5726386778172621,0.37288987898612524,1.2294690849053316,normal,-2.2681255619657312
30.285466971447416,3.2649708516523415,18.124946563178916,0.25137334302858916,1.1728659597660123,22.14429505756342,blockage,26.707794871221495
29.75462965199428,9.35593237849489,8.764040206029893,0.5396076401303097,-0.45729307991048906,16.89391462501607,blockage,19.48682509827053
23.41132761715886,18.689976725077774,10.11308255931335,9.444987712904327,0.9277682440953502,35.044606624667836,flood,4.362913266172279
30.06975568520537,2.4407943434078185,19.235633799277892,-0.38060977757783343,2.555695395232722,21.44411886600466,blockage,27.51886617940441
26.652267774263674,34.75357699743876,6.505877069760008,6.59361418913381,3.072797108477994,68.49913210401371,flood,-7.823451327285869
17.977635049900364,21.61903703400382,5.740713563099122,7.0512446711657,1.261733614325557,23.117390183902327,flood,-4.002327381982044
9.226243118495486,7.9069998295681865,1.1198369188944035,1.3898866084634514,1.5199037197864054,2.692605016345207,normal,0.8719577123306509
32.06423029642586,28.809537321622454,6.916954368006045,7.791119228691162,2.7825274557516524,61.85009925685488,flood,2.444588202271664
2.2237508841652476,3.0264010848440246,2.3101953404569318,0.8627366120744181,0.9472965554339989,0.9178968657549458,normal,-0.9993914394964081
12.418877046078682,13.703629945419957,0.5188921237991564,0.03664654043357543,-0.5396211061216606,2.665161737397656,normal,-2.1151709532159946
25.749662499197857,34.395562665697135,9.966280975321789,6.058131582615519,2.992926748461903,37.351782132321496,flood,-8.02027522887688
34.31166616252474,8.590406399813205,8.080108674605007,-0.5702232157597544,1.4139967522915193,-0.15453480066761538,blockage,26.332365425184662
29.81820187046249,26.398504310196,7.970731934092019,8.406433358476948,1.2428424186268197,49.57792848004343,flood,5.3473812600155
29.691442851918445,32.41214837776931,11.719044082715035,11.080460735448078,2.802303396109782,58.32209674175412,flood,-2.3710673590124873
25.21256317578609,19.221544293107744,6.082598740478602,3.8832176479047544,1.0927000360801138,45.31217113963082,flood,6.65376677671001
29.77860552890589,31.756734284862137,11.304383693087187,6.011868211624017,4.367306089591438,70.04979713377584,flood,-3.3211124628224686
26.091103751809722,27.076753120196997,10.225181770017914,11.721450447312312,1.6252093041015379,73.31430261150697,flood,-1.071252714163962
33.14733164307751,31.311679751765947,9.52439641517673,6.117307732808715,0.9356931371040499,79.48726870419512,flood,1.3205616663612245
26.42544489678688,25.03246875153121,12.65683128897548,10.194698277274565,2.487561502937356,56.65758279431078,flood,0.2062255862710165
23.013647572197723,5.027089600154075,12.705527108344128,0.9460780630165925,0.670641969917912,18.481717300137266,blockage,18.353446120371704
8.510794294925166,4.5155788037660125,2.4130769675246504,1.5441544537931384,0.20963985981251418,3.5933591463039347,normal,5.824208398637389
31.74591327460954,4.537092712278376,17.841067297907443,0.018406680832574962,2.7148700957511456,8.681963275227321,blockage,26.093990025432024
20.780535331937468,23.901928625914756,8.527145154119138,4.719233097649603,1.1711734406127838,33.49257629540476,flood,-2.582583441914202
8.271379785120725,4.181479002637131,1.953575765568847,1.1440036668930536,0.19688141251649818,2.843216674881939,normal,4.510968740895887
29.75475663535689,4.340007165670536,14.617214716802867,0.27826007626513716,2.392610091966435,13.831164721181374,blockage,25.685915764720416
18.847943904213377,17.132770310757166,10.776465071532488,9.400130421270928,-0.19965668526504268,39.016694384825875,flood,1.9158168294294242
10.852788479062967,13.633346762158558,0.69113228842576,0.27139947508494544,-0.20027510613549843,3.9250371116401808,normal,-3.0904545937983476
33.88113097815738,28.29268536784565,12.32405120992346,5.198802631702197,1.2043653814670396,48.348090918915624,flood,5.223490893808706
24.534356033452074,7.908737576616392,11.515873637579539,1.3746903774819703,0.4656931942980701,25.527544964670202,blockage,16.78575739590582
2.4443964675094687,9.07154069702039,1.8355239853001764,0.18728866633200436,2.575837893582053,3.546848538714933,normal,-6.486002135833106
23.413066552100723,7.4652269778616045,12.102600440110354,0.5536804583037489,1.8658313050296071,12.428186408577726,blockage,16.23230058547715
25.386812300512233,5.754803567651132,10.583673437752042,0.9848731844314118,1.5236933935569397,28.638555077470414,blockage,19.92606356518308
25.485390112070146,30.242517049027178,6.268925846690285,7.856053832683148,2.2202723708781518,47.146985065238006,flood,-5.352802044295171
25.43688661385887,34.43553924555757,11.320267058096393,8.472634100352389,1.223037300252751,40.33440373674344,flood,-8.524800721128043
13.763320249419065,8.914594036682706,1.924209734968999,2.1889742038432707,-0.5702455271796868,0.915732855484497,normal,5.065257260664856
8.751286142951088,13.769299631399054,1.5003259512762215,1.2524065679579257,0.5573718487080352,3.1916936282570916,normal,-5.013674367791684
34.84839492317104,27.784841742678537,7.301569615813874,10.865258434063133,2.196918963078646,34.32827748725436,flood,6.788367919664198
7.337101857814725,9.340953902403443,-0.4070945264631083,1.581767363237516,0.1326818703968142,3.5669501004927437,normal,-2.554677226909106
15.269384709227745,3.8740492261973962,0.8935598168797074,0.20427177701306054,1.1370758223149209,3.0332795156547903,normal,11.527851215477058
30.457699275801573,26.952942183160324,12.561977489021277,9.963624177441913,3.285071522583191,54.94128658409586,flood,3.8567496987119676
24.00829300212837,3.8472142024165334,10.865540446250115,1.0910835139800847,-0.5387249751817275,0.13316491317060636,blockage,21.201283091092595
28.63249388727448,4.249383499208565,10.356681942300202,1.024837770240687,1.4575186366603865,4.291061664671102,blockage,23.07271042822272
18.659369586576485,24.47599888870669,4.040212391231973,6.995112051878537,0.13219891789746044,49.87801704494591,flood,-6.1385216238734
26.456686276950965,30.787576885700023,7.882446852925744,10.513769432892254,2.7472201732156867,38.83406562075081,flood,-4.593843861676387
1.9509854568006229,7.771295585160101,0.8679409794911842,1.837928481791911,-0.3816264938346792,4.247979972087335,normal,-5.978211951263859
9.958870618037515,5.281014363911865,0.8256282304666772,1.6048884588521843,-0.37925852429128415,3.0958645768410076,normal,3.8279565486491993
32.53372588534935,30.33828346977683,7.988906774943284,6.069278611012688,0.8897584400060644,66.92336733734881,flood,1.790836063633865
22.112080387937613,3.4946941718511955,10.9153846630925,-1.4042877102567828,2.685182038823444,2.7697667690665835,blockage,18.39496175776633
7.1961013138538,1.3232550660145723,1.2698238902363954,-0.7389981222708171,0.2370602065676384,4.119885284444877,normal,7.172342961971051
12.345367405996589,4.027100675049514,2.0474909438667592,-0.25453671533709077,1.467737970712582,0.17206326852240755,normal,7.466255972888399
4.063228964287827,10.49608761381885,0.25759953782423356,1.3132305517567824,-0.4620656129372762,-0.7008094342743091,normal,-5.503694980454931
34.90664108830923,5.88055312191731,15.520743253809117,0.31130580646566375,-0.19788727489590238,2.799922467792053,blockage,27.703347977185775
14.055593159273457,10.200572794863085,1.9064646522205788,1.1459959266458388,-0.022342254715151996,3.9798614055983736,normal,4.091081167059753
1.3178967033341862,13.983069402311123,0.33216708664704087,2.1032364362151976,0.7607968030890131,2.4565339850326957,normal,-12.526551892276816
9.780181536278398,5.2972319314222505,1.4660472554390174,2.206074785123479,-0.34077570072676305,1.5315842059265505,normal,4.634052561064769
2.5600495198297892,9.495589811863933,1.178993417690861,2.155970346004798,2.391614052708335,4.530304475032013,normal,-6.913863809855456
24.293179729213072,21.735307606271743,6.4218220552241965,3.5439157873730265,-0.38847661752535856,55.41282630943156,flood,3.285253515220337
31.251521858864766,3.8107351224783317,18.14743390742319,0.4331608732036692,0.04463245345606326,16.006006899963943,blockage,27.633148724977772
18.68825463856144,21.882653301063165,7.960238533360877,6.426805634009464,0.06395868126224241,53.90883966568471,flood,-2.8285045302476477
10.585907026305135,2.064447727679358,1.2935859608945424,0.50375103096462,1.4873310490360836,4.16885249333614,normal,8.94477715860013
3.53979902946927,2.446572136247607,-0.0783547924905158,0.977219616175452,0.5700977206950357,1.3994564122191742,normal,1.5642555266614775
2.9265472243354607,11.26902964264857,0.11808981803726323,0.760881393976815,-0.8694412671069981,1.7821893676473641,normal,-7.34846829233393
34.36594480348451,28.38700419687442,9.140813081462033,5.764460210854666,3.180451831492557,45.911918843210366,flood,6.0673517866765
29.36584944008541,5.529838945737924,13.58321605325125,1.7755114355996775,-0.4081762679579602,26.895157867449786,blockage,24.205704048661463
29.840691799716318,27.286354365252155,11.74855170069599,10.349954767174424,0.5875510659199985,62.925968262246414,flood,2.0134886784379082
8.952073510377343,4.284145413969253,1.262869291329336,-0.057436759667807424,-0.07835792103609408,0.233855670364626,normal,4.818132494200946
3.1917835864601143,11.214736682285846,-0.14145508029963738,-0.21607901892981096,1.2764637403170385,5.005398861354545,normal,-7.502891831597491
3.623994497643026,2.199506639475923,2.578500973008555,0.6748008265958493,-0.02217415739696541,1.8743163942841845,normal,1.5589212179702754
13.751099837025258,9.9707536613529,0.5669215193002612,1.8466849204289544,1.2338709919796333,0.4220575329986563,normal,5.122406618409715
34.170695460081696,25.89680102738426,6.812952201516304,8.841938159611239,2.5153250434461603,47.94276334603709,flood,8.621779837503226
29.465128657167174,31.149382478685578,13.84731618618473,8.871618490047206,1.7901630535005424,42.117586738967034,flood,-0.8825144245785587
9.836033557866996,10.25334131707272,1.9486373455974835,-0.7573322827354523,-0.1147087310399176,0.9499405856125392,normal,-1.773204677685481
23.751908930986843,22.1964730675157,5.096723189327645,8.504024931557712,1.1231464599072527,56.87458377081606,flood,1.663274791335651
25.640366608238637,21.940469154101997,8.451136012202294,4.62717361173813,-0.3749440273015053,44.53628265696891,flood,3.7902890323084173
31.16921977286499,34.434440672512444,11.709309498981485,5.600215937458091,1.3421822137503487,34.93331527682907,flood,-4.048287550121984
26.75239423576574,5.608898973133969,9.374968810500016,0.5547301523633246,0.6139217008114984,0.28831688433323155,blockage,18.43213741875818
33.21502893071901,2.890833763212886,13.628509302283856,-1.050358172436265,-0.10397702413525446,27.614082731265952,blockage,30.407421244445874
15.124255268102868,7.939050119822417,1.6828731409594486,-0.8513060035104119,0.06516976076308724,3.488035613401005,normal,6.214761263941743
20.52788432782543,18.338804984319196,7.8703492091687615,7.399039642890545,0.7341030783006643,28.503770733680955,flood,1.7237336247560464
13.97340679209037,14.546542304738118,0.2527166012781978,0.9431563160827298,0.3450117387042854,0.6995777018006009,normal,-0.8913273142694349
33.04318081461821,1.170625798355145,18.678935576461775,0.0581647480167905,0.4480235911471934,19.663541084006624,blockage,30.70403853758727
11.26857991140454,5.100384811452694,0.34853893520334744,-0.7396642501914927,0.331162361182071,-1.1247055910179438,normal,6.867480369500158
4.966912838296837,13.25278685911601,-0.45939073844192824,0.716961968092117,0.6568299071565431,3.0181561723621098,normal,-8.201227576493805
9.725128303224787,10.882997827386435,2.0579385128649643,0.3904893754873483,0.012689185887197947,3.0426877564988177,normal,-1.780270171813349
13.142606329764515,12.928814024437576,0.9410843562207623,1.443149706860471,1.6335755774445826,-0.29422784235314814,normal,1.0280626223080525
25.23224036974299,6.508098645518687,10.334460641830752,-0.7778877760607135,2.1778170538175257,17.39323038980384,blockage,18.51967969186898
26.980784174297032,17.88738299689654,7.87143920891201,9.79123801143274,0.3541188393362202,32.09552013315876,flood,7.779699280903159
3.2892841259377614,8.62383969952569,0.7084265596254573,1.8332166971937938,1.3845572483238795,2.42339795087002,normal,-5.69969999589322
7.651473938180295,5.635663706015532,1.8118929941803918,1.2048627460058792,-0.5026290458974197,0.07556707790607853,normal,4.119632743601432
2.1954317495390065,8.454211591903965,1.874537525500547,0.8762607545674741,-0.06414162786831966,3.97249668742545,normal,-5.906118835709125
27.177978709231446,18.88871370490442,7.150050816088373,4.6123201913157725,1.4019377262535562,38.100122631926375,flood,9.173165439641915
30.119407239429066,1.6472931906231845,8.239340708552687,0.19391542743511503,0.406185319535712,30.15431439842491,blockage,28.922431721085523
24.12844366288368,5.917915024934006,14.928108890675386,-0.1427446073605253,0.27808559544673395,4.941758635808505,blockage,19.002622289863123
6.581035825075555,7.6219804948090335,2.6992960664093317,1.361153788896665,1.5292240263308212,2.65741536009529,normal,-1.4084809414685517
21.939052364929147,4.798928901422731,9.282975435294006,-0.28065677765181,1.3989611994034603,27.01422610640405,blockage,16.85845503810954
7.543640441812118,12.705534650629536,0.6494093460120581,0.9421651428759579,-0.331670747757472,3.942148734432421,normal,-3.8479503428813553
25.491791276547794,27.783817561259852,9.762786455641429,7.529042758570289,1.5008784414081573,65.36011166591344,flood,-3.423895615731977
22.94195560835405,10.237725481395232,19.2465116083224,-0.9287765416829421,1.3783512846173274,19.31475789485026,blockage,13.913012357776264
18.933720816514956,26.862687844625857,5.993300184967615,9.256074838622867,0.6848325983054817,40.194734430468,flood,-7.556928486582955
31.266168993732702,26.73354791683156,14.490100941586364,13.00994649042559,0.7401809312304121,72.62743310281967,flood,3.624946515236904
32.05355406583779,2.3728829767820923,18.25254750526598,-0.01381669447860584,-0.769794435838965,7.449212921031634,blockage,30.077011297272254
27.691026133910732,35.17731083398882,5.285916583338634,9.452983052807257,1.3974427758138774,59.579274096336995,flood,-6.732933695926349
4.723373022934899,3.726300109905691,1.669792269940269,1.1205059574901806,1.4166780125356,2.395358060129205,normal,2.5145504989584344
30.073476419473387,6.5704639378489835,6.431687776177649,0.004374178121455352,2.578384943721692,15.85343953685449,blockage,22.62961160144871
13.542369137302195,11.294659073529566,0.17674968222294818,1.3269359371710325,-0.5488329073349243,2.5515471764988122,normal,1.6884951569766458
1.6339876661075656,6.854719961700695,0.936589529741005,0.6237604274069898,1.7490354182528223,2.903500563089838,normal,-4.894611357937783
33.272129722163555,25.748017965257443,6.764762842176237,5.0969749348747255,1.8161435864933146,33.10105077880075,flood,6.937403720732182
13.130473908817503,7.731814066165745,1.8784922168627787,2.38586511236812,0.5188839563998898,1.7619615612456094,normal,4.500604054574144
9.943000107665432,1.7649993422114871,0.5710743236013671,1.3115801552592554,0.27468420335840554,3.0532225296813746,normal,7.125935165776465
5.815995245512784,6.455965394505322,1.869315775897854,1.4507109785743615,-0.2218554560125789,2.9232003634763983,normal,-0.27968799087077484
23.332874752252753,5.9036201543496505,17.190684532040294,0.31901882482663146,2.1996081537790353,29.049730477661683,blockage,18.122536545801164
9.026931364029961,4.127059247839968,1.0593567501394425,0.7287914754712801,-0.2487019448398509,4.947293841697279,normal,4.894026543995827
34.68196795400553,3.5133741439099055,14.309364739235182,-0.024084987196808738,-0.06558816858313384,8.775108145762822,blockage,30.118860198338908
20.521484339088847,6.8656676370331144,15.413207419401337,-0.15172058678074818,1.6170155015741847,15.63917024798415,blockage,14.303782622952442
12.392197266732836,9.24882114608361,0.3374143646925041,0.49386514627939526,2.899763880733636,1.031576214771675,normal,3.727982046429571
4.597469195702316,1.625326958693069,1.8415631163270034,-0.26883778098904243,-0.9167236705671651,4.984925276363847,normal,2.273148662256719
26.149268793395105,20.166903325465707,6.213832563852742,4.8348173379937265,0.6327254535263466,37.32770855595631,flood,6.550950711468368
17.551419753521483,23.411275555386393,7.744461591662551,3.0664529885251364,-0.35458656360837326,20.551093221917938,flood,-4.895209465584337
13.319234757889216,10.943641585944528,1.1307568405660464,-0.4639454103741545,2.5941364632477835,1.1757056336009866,normal,2.283201290014643
5.165803272169016,9.08554449414421,0.6613286602703742,2.027003966721498,-0.26499903348967246,4.096639566259446,normal,-3.6990052685036803
5.636505080089716,5.45514649893437,2.0346521813224157,1.3298759265075417,2.0628581584176966,1.4691394816721415,normal,0.8042760392832917
21.963686870721823,20.24410963831899,8.802659020541318,3.37311728558522,0.7243556913914853,54.424953554122645,flood,2.23120244998114
3.3157293035061586,4.043077135749408,1.545954018660281,1.1585321341270585,-0.08780755256549694,2.4170905873430666,normal,-1.4521659108613305
1.9946862018343752,7.709288264144049,1.3014749360476976,0.3069712573149086,0.7779767870280272,5.561230174037895,normal,-5.015943675376724
2.5136564784404967,2.6852137675349335,1.7738903761911589,1.5620540034052839,1.2586822889202507,0.26715633249071047,normal,-0.17143081438117058
9.903101698730486,14.078822011479948,2.0393543609305533,2.4369363494012553,0.11656953448775424,4.296956074451225,normal,-5.604820261930618
19.287664700006193,27.460450351213947,4.858487284413244,5.681634160636595,0.6506713061915759,37.15954235125897,flood,-9.329931490773335
13.225417039624686,10.36374514032854,1.4828080504802452,0.6763886588328774,0.9096627802022352,3.29616245829209,normal,3.681795127754876
3.9586666063453215,5.209942239687109,1.9678843326077036,1.3821433208202152,0.22547573344514285,1.1039770925802954,normal,-0.2585354956288203
26.36135826544048,4.679665497465532,9.164358855414028,-0.4629482691091295,0.15915241964882945,29.764516924058874,blockage,21.913003362543236
5.636133501673824,12.320297842896561,-0.34012430551069917,0.02474142559132242,1.279017964546054,1.1628783039033235,normal,-6.254936671480504
9.319166735715012,0.8788005487507574,3.0078780210242684,0.8575462386736806,2.3393990763962402,0.8959836331771713,normal,8.682801852246335
2.8524668741349353,3.744856961691565,0.9105207589959985,0.218716004950262,0.6714878190386282,2.922465714125309,normal,-1.3171897692194119
26.304994787322492,19.319521326977355,8.336176151461897,8.874866643112972,0.4681447358048699,59.88266601967347,flood,8.834592909041774
22.121135550789003,1.9259255726036104,18.005969396661186,-0.15353922999447592,1.123298232533901,0.5220916133892342,blockage,21.06421342866093
27.644896337628914,28.68086565740191,11.57001078588467,4.723361710983933,1.3563228486291175,38.77187297480932,flood,-0.9437085951347585
12.707371437664644,6.8889530856993035,0.6154570542565933,0.16851385211725664,0.05865466746050997,3.282775899752574,normal,7.0750058939373135
1.7056310997249966,8.273355692258757,-0.6507380115216932,1.6178383506771976,0.023584850188420003,5.344928306687636,normal,-5.987333802446912
3.666410492389692,1.858402667131339,0.7938139052342055,0.19111860326289976,1.6922032508185092,1.574122710054741,normal,0.44102668007125856
0.306848919361947,7.600600245786171,1.564474642248068,-0.7088240237309125,-0.269584300459975,2.734978878426194,normal,-6.979290169638292
26.14312164496475,25.577947272457244,13.599016856833742,9.724720460788635,0.873785196586109,65.52385036873571,flood,1.2585848475880128
33.79917083332883,26.568655379237835,8.328719200652886,11.49213223592574,3.210297159276493,65.81051918168107,flood,8.1607589628132
18.185639209296617,20.219856281896124,7.009690670707712,6.447360850238376,-0.8551442868815334,48.47108449952345,flood,-2.228415877980054
19.64642298309368,24.47707493844002,11.468057066896773,9.711511127319156,0.38471405226013566,22.956727925056697,flood,-5.586864841490189
34.23690242139876,2.9530447201390584,11.352039943173006,-0.4864132692561878,-0.3276125832615283,21.459790571431576,blockage,30.671314979916197
1.7201457663034165,9.4153857210007,0.8650716509183625,-0.11738351162612237,1.097607794200807,0.8813318627273943,normal,-7.040885324544235
11.113132381699454,3.6604417548352233,0.9704518710706669,0.07696985126243583,-0.3284596204806207,2.768385944677961,normal,8.292837691258537
14.044494416110464,3.903275033940021,1.0533189401126686,0.7919805487887986,0.3894455414170525,0.5702527419575577,normal,10.320894863351553
10.540921348946732,12.326734630890359,1.200661197943285,1.9518995846663232,0.8914489464433228,2.4838982448006024,normal,-3.6483854770438002
10.59935495419851,13.53662409715302,-0.5565672878711884,1.3093725448209341,-0.1404791540798917,5.0310792867397875,normal,-3.8596782967715937
20.860716933541852,8.956243227488686,17.815903254092152,0.49860748271241107,-0.13390948855110762,29.24678572111706,blockage,11.521654921955182
32.307336327332806,25.47303306756081,12.410777307080927,6.699265278730014,1.1078155180275788,70.28927930959591,flood,6.219233672230405
7.17118459852198,10.06855800755514,0.6444835028022868,0.9618992191560455,-0.32183089929800107,2.383062576709237,normal,-2.960280227566372
24.40276681046416,24.370704503664637,7.332154376899936,7.114208487861232,-0.5625822588591229,42.73654933135563,flood,0.775551134251327
25.5700886214848,8.21555762064453,13.727176547053613,0.038485506274890946,1.9424561918627836,0.4893492527209006,blockage,18.884700344622004
6.540192645442972,7.8211585785259725,0.8126684206318531,1.4031398653655702,1.4767233164208915,-0.06097172132680817,normal,-0.7149069707762493
29.583581295165978,33.59423431393076,8.306140955753207,8.002980992296962,2.924588104585899,49.35342572990302,flood,-3.899070510952375
28.944964151407387,7.115098009899404,11.454281880424064,-0.5858488223380087,3.5207959592139533,27.625942765534415,blockage,19.775084128254306
6.088494632972118,13.461444092033556,1.2297240690800448,0.6297530033497254,-0.6387391035724411,4.641642001247332,normal,-7.399565991660904
6.168412352075253,7.566577991935739,1.3422197705279362,2.159775172207368,0.044548068679269186,3.1745572387653054,normal,-2.975118817457559
31.182573906580444,9.299223135302439,11.300496406135446,-0.21166136509410513,3.0802721941954285,13.674344960857033,blockage,20.790501135369787
1.2114699449238477,4.245406166976793,1.3942822932182442,0.849718407844777,1.1875242507902632,0.329513413718164,normal,-4.382124489797762
29.865976088809695,8.566871752731572,13.41564805898489,1.2023332356431267,-1.0935094195461077,10.482963462740084,blockage,22.281280195152007
6.0430351383138605,5.84101930553641,0.7300324666449873,0.017235317603570666,-0.5079258736156341,0.6953612200640226,normal,0.9957346154124598
28.479122663387447,22.92397470930238,7.604056421201522,6.204570081334263,1.1851674406389037,21.077643558072882,flood,5.617820242827513
26.033119315079635,19.57404955431615,12.02025214527357,9.889836198368158,1.2523166942198038,54.7971175951729,flood,6.996265243562124
0.9703172392598176,12.745849684729945,-0.01625079436838983,1.0743264273641824,-1.243590459662401,2.03250444576554,normal,-9.473767261416796
10.1228978680036,11.734213306989744,0.29898083501931433,0.769507578698491,1.6573056847883514,3.683359871327423,normal,-1.141722834642255
29.062170878289255,32.32559953341677,6.0572524545536135,11.006968749940437,3.265343395346885,66.08739809985808,flood,-2.2599364671754314
27.04813500230991,23.317605337319616,6.981558625487485,6.695215961153203,-0.145576990751909,54.184248106480844,flood,3.8157491690934866
12.138489522095112,13.566681772263417,2.11513338324989,0.1912135350292586,0.2398831745262174,3.0298884225528195,normal,-0.6457916389377085
25.554864653158194,7.481849359422491,17.79169814947171,0.851351367074848,1.425511741346893,24.19376113226711,blockage,17.43811459262757
28.232901683324165,27.696816425393195,8.567855589345019,12.135219761621284,1.8042943336160944,63.30334146576855,flood,-0.5113492567522607
8.483503300165276,11.355258144555558,0.08912551722804454,1.1234396379583684,0.0579829965434675,2.1860522737564274,normal,-3.393695773131159
33.65586813109036,27.176953009971278,6.707217292285248,10.510583765904288,3.699143319963751,70.58648559131211,flood,6.205652330191599
4.066534788226107,4.672758453660424,-0.41683169000643744,1.1774849270664622,0.6608754602512191,3.5754075367408054,normal,0.3581747247750577
10.474371619751354,6.759521858313792,0.07407493512404809,2.6940224433821887,0.4768997699359393,2.8835450338476796,normal,5.366536180592613
10.201339537078288,6.864202660357297,1.9460573325057318,1.6450018204749135,-0.36260106146929166,4.421177512577381,normal,2.495629572373589
33.1385992240324,27.589690360992677,12.349692261318706,5.385156130163347,1.8525580009226696,71.07919721233964,flood,3.6510525289376803
7.7999968128398995,0.9754004767887481,-0.47592008800740626,1.3491935739112542,-0.5236063151645258,2.036704831755353,normal,5.6568928636370215
7.918807761821238,6.082959361833632,1.2993567487084192,0.10181944656524677,1.8218043972389903,2.437044828507161,normal,1.6139566053634118
27.392962345042164,29.864711996432266,8.571375308744916,9.305022730409458,0.25922691178593604,71.90351676935605,flood,-2.9281478401854417
11.521949257817978,1.3979821854858414,0.661076512567787,0.09644802304988787,0.7809878419349274,2.922145229180284,normal,10.460119280813277
8.048054363017238,8.938027973037844,1.818309667405471,1.7720610915203208,-0.5491750896171625,4.486332150685393,normal,-0.9536375444028091
11.894949529933065,12.229659706444803,1.427433292220837,1.7411575325209716,0.5603342020388609,0.39403405870022284,normal,0.07882540382497114
28.645004745194022,5.274348505828707,11.985193501940861,-1.2247843178119333,3.0796303162857743,26.73618100761797,blockage,24.66645826872
26.503055058244705,17.468582720298446,7.370118203584974,6.121729790929618,-0.3054769724482667,28.1475859520183,flood,9.581257971504765
14.798762139920306,14.597664348497757,1.3704810403808652,0.2654047165181681,0.043361452653959943,0.5540856410604709,normal,1.7190954512678367
13.541563790151127,4.059509658137079,1.0307002722162217,1.8492616613703994,1.3972731431069823,3.5290030408715443,normal,7.812865527986875
23.99365287169768,3.777583100210639,10.116433559589407,-0.41843505130008324,0.4294430610587484,1.3636863508240533,blockage,21.741432463083008
20.667788628591257,5.553706564449852,19.417040417278983,-1.3774882597319145,2.02394069519351,12.447276056925391,blockage,16.182216245047922
30.620364740641353,28.048319845918122,13.769044494444955,4.370311831153103,1.791152830020568,49.716203166961314,flood,0.6539014234100853
31.51400077846371,1.536886616970214,17.88083106921087,0.2975840954493665,1.80645847678929,16.156109088082978,blockage,29.29433237756415
9.74716778376755,3.578987133753667,1.6929018524351012,0.911253294398632,-0.329464463163161,4.770164583743034,normal,4.885179184294499
30.885430772303494,6.499688171188297,19.25604389342126,0.610608802351394,0.8366673473381769,17.319180893180246,blockage,24.5594533344058
6.592538288252504,13.3871414726132,1.0828441277106609,0.3933408103495724,0.10531637739557531,3.8848670481888194,normal,-8.028981965261192
11.135441121461986,2.156820605564091,-0.47769446873496335,1.3108064074857708,-0.8401330295574977,1.1590176124286993,normal,9.556359723529841
6.667406982603492,6.848581490780928,0.9370784133422572,-0.6428381762848131,-0.8082247852859278,3.935998133040661,normal,0.36175321096349844
22.15831784155966,8.662298279521977,17.682135490359265,0.9322636796998551,0.81339915538776,4.904043980898899,blockage,13.366205957008104
33.20793253919407,31.853799019833897,13.21295047629878,6.605807508111004,2.16157557607362,59.99342428818598,flood,1.3726623768823756
27.180651683732574,30.628094942532847,5.4189212857205575,7.907919663807646,1.5857378700202363,34.47699516710691,flood,-2.6305398362059313
25.901065201590843,31.344723282414826,5.442115428910295,11.42378617097599,2.2324853388923547,77.24928942606942,flood,-4.206070133683996
4.040663954788456,7.867975651448859,1.4018468192056526,0.9588642829374538,0.09089771989593856,2.196574343843653,normal,-5.091013700214671
20.47675325101173,9.760596511930496,20.68828845093758,0.35863916874132507,1.4787970322575832,12.662498614135487,blockage,12.007472744126625
2.3975584088926447,14.1837514107095,1.1705822159220811,-0.05655084638598695,-0.1501041793471888,-0.03491659017901505,normal,-11.45311607268831
28.00472951978328,21.812098504698522,8.250127904433064,3.7755308834326247,-0.508741862434312,44.50086548421419,flood,5.515979195216941
30.08664083887441,8.869861381903798,6.762648689811791,-0.9163530268050479,3.5467830499869577,20.996547458517515,blockage,20.765149397048532
34.82777208406552,8.313325885345,9.787691354951967,0.7857328074347412,3.885204914021867,12.39860745895323,blockage,25.916521824770502
11.876060877862987,8.903736119179579,1.4087592233477144,0.11572528584736008,-1.190046642645688,1.062606403331657,normal,2.282131253722684
28.790325159446656,28.23522745344583,9.494446154517254,6.94021202700686,1.607226225877255,73.71886705672114,flood,0.9612511331589049
26.17834105153602,2.326188945582773,18.38206024395484,-0.9943745475218315,0.2151997211845809,29.881859972830977,blockage,23.943827038837888
29.540947060645344,27.884734556867482,5.419563319660275,8.276452722370902,1.0416169577164724,58.08747314325038,flood,2.315457485066264
22.043740190866107,23.56184148434157,5.533795442728665,4.808256733026135,0.3527146513049416,43.80208650427321,flood,-1.321195599986184
33.59041838557385,3.0505980942689632,6.582699579322896,-0.16392162300091734,0.24759054173585937,20.12974799984485,blockage,32.32474257105413
1.1233706563688286,11.45467505320405,1.330373112706767,1.3310135029707202,-0.051796444189312486,5.310388043433699,normal,-10.586954075849505
29.966476855688892,4.509162649916753,14.565057454940957,-0.4111073405130228,0.8152870992870765,26.39572578839435,blockage,25.868788637381478
27.49027381368356,16.29999925785276,4.642600187512207,3.828078835323833,1.185719777071275,20.858936715198375,flood,10.92511535422771
24.99005990756473,7.971503917941922,7.554082111288585,-0.7656048537966738,1.442543134721193,27.8692272702344,blockage,17.06365761364357
3.7361878127089425,3.324989558878597,0.08153180802494892,1.7857474028639857,0.6225966442654461,4.805320933288066,normal,1.323755993599418
9.850090378760495,5.548620058722102,0.5255318181064168,0.5774863882980791,-0.7544627033014378,2.3181667742294914,normal,5.331547678589314
4.244602928677736,3.569897983851747,0.610559121818039,1.2522180586456646,1.242349313637065,1.6239743348120368,normal,0.9164624273407521
27.719149938276928,21.40870916633358,4.315567663996027,4.366839399570189,0.21892047486170185,21.597316861382676,flood,4.779435927501869
6.129510732457732,3.71773108765123,1.2183640318535405,1.5528534721313365,1.8121267732674624,4.582167669540336,normal,2.04069989494541
13.668595751977001,10.117827119540259,0.7991470872940696,1.0164615293404033,0.9151512179018836,2.8017634461338554,normal,3.8698033267845995
34.89845037971754,8.455030063407296,15.139951724350109,-0.3802108111954021,0.17208533716645863,13.598748406672946,blockage,25.15994283553704
17.670888321002955,23.75605160489646,6.260662056147313,4.797292909900347,0.5915971771223907,27.7444290525532,flood,-5.3607304676439975
11.723023865408756,3.154100131749844,1.3241316632085924,1.6981818926821188,0.5395391504628412,0.466525215920613,normal,8.934756298923428
29.953473698572136,3.0809225909005287,18.919750386330108,-1.0761090451349364,-0.29799563221505915,1.6450344052088135,blockage,27.661417651718065
8.66866584017076,9.149489317407795,2.129775965689462,0.7864369987263538,-0.09655054613356137,4.598641909463426,normal,-0.5714781124342883
7.2037929797078135,9.024918745317185,1.5779795846456826,0.09740702782596256,0.6554609333617796,1.028744214980267,normal,-2.5131965529002915
26.10199422401709,32.72106786411454,13.939664639929129,12.549478915642236,1.542065371286693,35.164520255053645,flood,-6.642696038517294
1.611731801862434,6.836234396652852,1.123575408629004,0.299981506967941,0.0593706503742308,0.6888098327239616,normal,-4.313571278814396
10.051519901074842,10.54750186761147,1.1591587818961135,3.249912202300118,0.7332214732473947,2.607617644865598,normal,-0.8086836895833746
25.663669977749283,33.18195906415855,12.306550340351132,11.208244644694505,2.107494905143996,55.09526347060698,flood,-7.810566471043714
12.570818204931966,10.518087146048183,1.5051564753066287,0.5509979317430631,0.4469260307648547,2.4507990517200304,normal,3.2399593760995593
31.978474604707944,34.86464255590613,15.109822950563045,7.425578926120192,1.5044745171239464,53.888222468834435,flood,-3.6269954499471417
6.650442654989811,3.424052305920957,0.35915528798407226,0.6887699976414686,0.6743958461920605,0.98276252641447,normal,3.0491526960110558
9.290587773248552,2.656215562425545,0.24568201057316175,1.4258659764200101,-1.0607711675573577,0.42935676199740436,normal,6.741224494629484
6.024362391025433,2.320685276251735,-0.0752378532415936,0.19817546197759356,0.061071691462475396,4.715119004084606,normal,3.3749313255681543
14.221022304523048,3.6421586205672454,0.7479925981445736,0.850869054327544,0.7452992457574972,2.087813923822961,normal,9.440009762350984
11.28143999507281,9.257342062121689,1.5577982286265875,1.267631213539402,-0.478844689659446,1.7966706002588881,normal,4.115291248963756
22.626487356007623,22.568726781023678,9.077893448840598,3.486454848822043,-0.2012426174295368,57.521924784362625,flood,1.1286683447392214
28.737296289736133,6.864270222778124,6.584148227927367,0.37053819426315304,1.3811851588594142,30.103518498656108,blockage,20.640920256872693
19.078023632901367,28.1861909681795,9.218057302989132,5.905086805077589,0.27895508106925065,36.77624192892843,flood,-9.079117680132471
8.20915334379401,5.327627394365492,1.3022411151500541,1.1852867579644173,-0.024001204095123296,4.990844979242461,normal,1.8178289203464373
19.812822178564563,16.517860193492787,4.524344699537891,4.395829083874478,1.0994456011961324,40.52754994432075,flood,1.043393240571349
8.769396986361802,10.668881175171293,1.2622786205950511,0.8418160752505475,0.9092528493185155,1.3624627595194232,normal,-0.4953565355322347
31.5179674684648,32.32519039943583,10.025623989373814,8.425521924280089,2.1009905127416326,38.63885539402122,flood,-1.4993451279445107
30.799375111180247,4.427246218016067,16.883525092925147,0.05004247603106454,0.6492484154163463,21.046913816008793,blockage,26.88173820679992
9.146231715428911,8.335032394443592,0.5865377225293804,0.02564017581445388,0.6190875797084194,1.3703965258083484,normal,1.3803962523005233
32.10241012938303,29.570744727999966,11.27968930098787,10.363385532147868,1.1680544579116185,57.97779119557301,flood,0.4490915656129927
27.371732533933066,5.3991663208108545,17.689340324403798,-0.023773241970345603,0.9564990917565865,19.98984769734176,blockage,22.417990806201132
0.9373166782324617,1.4696931037241647,-0.04314758581185017,1.6552184351012451,0.7770686217014766,4.201148702783067,normal,-0.1492371336042212
21.308238838054262,6.80376403912569,11.07585446401866,-0.6324313235010756,2.81568876217034,29.58835135641912,blockage,13.754291136551576
23.25466893392337,16.60117822974536,5.892977101053041,9.015813372258272,1.0351025290931797,37.81002609964702,flood,6.692651073241717
13.133662010205484,7.491114847883064,1.3806749654716568,0.10894573319727427,0.30289604852672236,3.2832310909774436,normal,5.3350873713670595
9.415898289803694,4.87296451742767,0.9975358466261242,-0.19320212517954483,0.6896430451338482,0.9493769554250092,normal,4.742843542656387
30.256841686425386,9.24659487592804,18.178766121244387,-1.203579271380191,3.732652981005,28.19156061717557,blockage,20.518056124885057
25.03612321997716,31.946194947858473,5.52487841205042,4.889330399616633,2.4357599187757395,34.6966880404863,flood,-6.105378039704668
11.448791364260375,4.837175095043672,0.38380132638560066,0.4685661128501554,0.39045862688203065,4.32045260416502,normal,7.176993008677241
8.690681768503644,7.472725103276332,0.36762660230534855,1.129156235759829,-0.1649215165122557,3.451471690725441,normal,1.2475279423749515
21.865323355459815,28.184568380094177,3.9543599495507786,3.2411401829360234,0.08248435972763671,29.03905300441906,flood,-8.920232799797388
32.99874297784525,32.914123692369074,12.123732586587597,8.16475188949717,2.738393733513323,57.848592765912684,flood,0.7919873050925137
28.580087781070294,9.940617518939014,18.602020809517562,-0.3973528064872214,0.04023784295832284,21.21531821347683,blockage,19.32746828862629
18.51013362615777,21.641721271843796,10.031587184855896,6.130408295525871,-1.1092582861617184,24.64539999870679,flood,-3.5517589470025337
8.77327073570835,7.59125912557238,0.7188141798666209,0.65271479616051,-0.330725727883451,0.3885066317283075,normal,1.4622779994690682
31.73724593183761,31.90808163841322,5.826039880048999,11.151108962046981,1.8140286048982697,55.703169902317654,flood,-0.5921903374762363
31.961854236934784,27.476521205287884,11.00988224440182,9.696613028627871,1.3487302015837739,34.92040943880205,flood,3.460670769509333
9.36631782068733,10.420796284405077,0.5035800632466331,1.738592530378133,-0.6655140840564506,0.35209017636350576,normal,0.2074465478359604
26.110106749508248,7.173680494386724,6.918835981663385,-1.0104758598180212,2.7105376092007987,23.101812447365337,blockage,18.403902822014874
13.947410253273823,6.125494234528526,1.9711324270673356,1.487551320559943,-0.1367711880437902,1.5525332874898965,normal,8.376800980829104
7.819904722819803,9.057333491224634,1.3992198572365568,0.960714313244588,1.2256457710163164,1.2089009450681225,normal,-3.196165871322429
6.230616253843863,1.1249135615390884,1.298438008628723,2.3182233907457546,1.6372430790421437,3.2439364619062525,normal,4.747839674111417
7.823048772726963,8.916744740030023,0.6869550884790351,0.637309873726103,-0.1720463640186598,1.7667220308184814,normal,-1.632577488885475
33.13128533596384,30.50413746808446,11.18078785091037,9.391860708787116,0.8298154553338489,66.39916664161122,flood,2.737073277919538
29.436099847787872,17.81257154255262,10.61008958515979,4.288748676557802,1.001119097592268,33.286964424482456,flood,11.233938394522657
14.467932377818432,8.63195461960515,0.6651196546855876,-0.051158364306869264,-0.07866631109716665,3.5615008712495766,normal,7.687691520927969
25.684113309091014,4.3504035035253406,10.268308735254774,1.0468807496722263,1.7840938086670641,2.8679351694660875,blockage,21.53191140637624
10.075014135220101,13.008113152458689,0.530543675853345,1.2190090143792944,0.7090927332262229,0.5967842289952883,normal,-3.1824156283147365
13.484999728577424,4.985301691522153,0.8928553218204857,1.5199477323362303,0.7640051260507973,4.351005576789335,normal,8.946947442001225
22.730661826455897,23.301817923497538,8.455929590788065,3.1555674904214452,1.0810257673902774,28.871254814134282,flood,-0.19569575831048414
17.130602514536367,28.43543696122008,6.373822579276663,9.330466961534478,0.3065131831907348,48.22544965813676,flood,-9.321959607745661
11.564350949341787,6.054774581889568,-0.33854525600602314,1.11942738903446,-0.3792641086044491,4.092672381382827,normal,5.304361368209224
13.142052719775743,13.00557666252735,1.468733779796297,0.4328748169007742,0.9809178529353576,1.7406046282716228,normal,1.4204745710925455
28.94018939595253,29.645880334389833,8.482861344006174,6.303737144671425,2.196528903716183,40.75247224686522,flood,-0.44213000157710364
8.661096416059916,12.002316765225586,0.8777231963530518,-0.05237360867615093,0.8754061677062548,0.35687675062533275,normal,-2.142588798773386
23.99366215318375,18.473517515563582,11.967717129738242,7.655099708848823,0.6281962045029179,20.12562699085724,flood,3.9908177999247956
29.58362114901967,27.95054825259466,9.539872091589908,8.287955526402536,1.5194846959520145,35.63457341103046,flood,1.815586293762418
6.103805733404871,12.359968439304073,0.8794591056178429,0.05714541879438123,0.17863388583052292,3.2828983345045533,normal,-5.590320663830118
21.352896270851147,1.7171118882858531,20.12786517154654,0.2513395235175763,3.3301576536416633,16.812955178143486,blockage,18.920134285384833
10.974298350295598,11.976839898910384,0.4416145625180894,-0.10756257165866173,1.115246154854846,0.8173538871137188,normal,-1.0066424253049098
29.626975208382596,27.384452133526402,12.287958456238286,10.218585367154446,0.6976085384580903,31.57530518763715,flood,2.609733823498973
2.6795707891167195,2.672815884897566,1.5299541476613778,0.8901374755629391,-0.8010652293025836,2.583338373721304,normal,-3.366794825896529
19.892904392086386,25.19556237656635,9.179287841808648,7.216034216765529,1.3845445695415313,31.386398608454922,flood,-5.889385530109035
31.8656587460059,27.38155981806737,9.474637505052742,5.286414765630725,1.735904479550626,73.94573023572713,flood,4.304004571189796
12.5430114896608,7.215032475274587,2.343540006140363,1.0160444725116737,1.5606865754718555,0.7690775188262273,normal,4.890123953396352
34.60790824203533,9.364124532869306,18.31653920674798,-0.5724978041294501,1.6935754612365173,15.713029485554879,blockage,24.288374562840385
1.6671094566437998,14.66022985691001,1.4652552027638208,1.6109148718713577,0.6737635956048251,0.3753630525230004,normal,-13.301423614179694
23.790033134971917,18.251456876782594,6.972258955212036,8.951596551463654,-0.8899516821702649,48.75321170144637,flood,5.00492194147791
11.674984439662126,14.398224859663882,0.7467053124494216,-0.037036583792747324,0.23103200565041476,2.1681624320152304,normal,-1.7846885956108336
1.4980213756462963,7.441371526713026,1.8601124933794115,1.4797459770933354,1.849586948596258,1.8034963372795494,normal,-4.2021286517082315
33.40825555295218,2.494566962019218,15.954952629222094,0.8984937630497957,2.9296118760756666,27.88157434324098,blockage,29.306045329477747
13.918275970666746,12.921431560102675,0.6147438648418397,0.2735696747600569,0.10006654701346403,1.7417499854368992,normal,0.513407419950004
32.60506984129821,8.923395194579708,19.53958428568769,0.39291157314285674,0.4212250083379849,23.76300587018292,blockage,23.768182563174562
33.52283130636821,29.973393883508027,7.90002458457439,9.414305463280899,0.8727216035651342,72.6815719299338,flood,6.022994530312387
20.9847744378293,2.615949934749408,14.30343276358629,0.8304856101922564,3.0449930052621785,15.538426171737395,blockage,17.203645183197022
25.778085113858623,20.077320920656216,3.7530255443751614,3.5904711201651605,0.9192379700642868,47.61476869815206,flood,4.360797719592132
22.28043572342848,1.2149714112975425,12.054053095280894,0.10842823560497972,-0.3804428162068075,12.813468330677487,blockage,20.231392024769033
4.674804798104018,7.018599873504331,1.5824254724181492,1.490165027631716,0.2852937968595428,-0.4507248109242086,normal,-1.7684717150723381
11.9354630021227,9.415835537706355,0.847319960961424,0.37838854171085856,0.4617068946402476,2.5746518965468206,normal,0.6973176909967435
24.325356512669114,25.106961704951193,10.701607257315125,5.65670100569808,0.6333422608513908,51.43618928498025,flood,-1.2634150395093937
13.675616732778257,1.7460855197556755,1.0347766345708587,1.5660271541672806,2.0640957582964736,2.384636224497447,normal,11.050854978897545
1.8856491181429476,11.888330063326066,0.013390881539005084,1.4276556991634943,0.028168917959646045,1.7162632466116523,normal,-10.101018936983225
32.981927334301155,2.6716961737998925,19.78593476889407,-0.4473919835250193,0.5470529718323704,14.514851419499953,blockage,30.104904118862272
29.085032341988754,8.609300767439635,8.171342381765495,-0.4995389434931836,1.2476654370751994,3.222455012808343,blockage,21.12724808140477
20.955069911266655,1.7943425402474122,10.960674092229684,-0.9640688715742192,2.5266381707633965,16.484092477568733,blockage,18.176351282565125
26.876234149589216,20.0381720290181,11.148041754370883,8.544856421897064,0.4720560849266609,37.64955135151304,flood,7.075594260621643
25.741418980946047,7.602677144801114,14.192283477857377,0.23931214188334138,3.379935910308508,2.151251710539206,blockage,17.651821809347393
14.789656808766871,5.6159470172354204,-0.23878347425812585,-0.4801048388252661,0.3673000934840041,2.0388993345481725,normal,7.6295556485811336
22.81264767293507,7.921027692520811,20.163990848132535,-0.670514450618275,0.8430030094649016,25.274156174622846,blockage,15.676226603422021
3.775794536253512,0.9266474438277734,0.004354998502746843,1.167715222944512,1.1643956474682342,0.8411071108725646,normal,2.0213022413586534
29.560156090796326,34.72098154277505,12.910295980718939,9.86622911006369,1.331943481905292,61.14743568774928,flood,-4.365205605008566
2.3997046850650463,6.98632420743847,0.3200314687731986,0.11016044040147621,0.09143850820716784,1.8496133907338774,normal,-5.255545682831349
25.08312100978497,20.830511271553558,5.9830241782224505,9.361409603679517,1.1088277809111977,40.71085838361389,flood,5.510695497136752
9.000934639723813,6.492623792362101,0.3828099711018019,1.6367008216094616,0.6614273066170134,3.699532528077132,normal,2.409299925211796
7.5717382534563935,4.259347308327662,0.8239161695300377,-0.33835924597658756,0.6244070644663101,4.66017293116447,normal,3.649481748826888
12.253927551665958,2.9281291988472224,2.9778307585608697,1.5392570687467977,0.9138440969640009,3.7455487060293087,normal,8.683452959691854
27.042469802032485,8.881779205362927,8.575614550017567,0.1874837227095893,-0.8553589084891366,4.7871039829575395,blockage,19.424671614584962
34.561910744792605,32.73767038713741,9.35137222335644,8.878912143582912,2.5755815399087973,54.820617133894,flood,1.302507123919147
23.91836551406941,9.428980504089402,11.755671720573284,-0.7204876568732186,0.9758657973989419,9.31493544712433,blockage,13.742118093855833
12.56974941777395,4.946229581002971,1.9830306376579598,0.5264125785583533,0.16723635129133524,3.639957779980677,normal,9.092183796943592
3.848802031254086,1.969395881616453,1.9448974015902574,1.4446604130063307,0.3589648140417681,1.0825281799236455,normal,1.7550033107499972
1.6656192011863673,11.386254842801687,1.5208122498006553,1.847902717910117,0.8802229783542296,4.890352837055794,normal,-9.936325362044704
26.50454244322251,23.974939861914322,4.064345708747191,9.97005653968679,0.9774820654867815,46.349685889094914,flood,2.34810033991887
29.304568685087858,2.663708277550575,15.859282952734773,-0.317187857989972,1.8512426441594934,17.364459148676676,blockage,27.34563962762398
22.935343156270683,5.194352690908505,18.938103138454387,-0.24146340643003167,1.9104267612362666,3.321141757508676,blockage,18.383843868687926
33.25124781349921,9.29863707213353,8.040366130073062,1.0503607184930985,2.2214549797497,27.829128498163673,blockage,24.19724568176687
5.486207500067883,5.497335606283423,1.452551116764431,1.1292266232081607,0.2245670297864135,2.547340884881704,normal,-0.21006473217455235
6.652407972981132,9.781865086888521,0.13186482785782488,0.7542349357872751,-0.10961722720177713,2.731426546687667,normal,-3.7736715587082843
3.093066289385618,10.829945522530485,1.8773226454862564,-0.23737345951807876,-0.24202952895290533,3.8892385963024494,normal,-7.955544290539392
34.576057812247555,34.77230846064591,14.760419636642897,7.820284054763885,2.261487061475789,37.08494206214505,flood,-0.9861863271809976
35.54097277817403,1.8527669156623472,19.722536973982965,-0.8241487542423251,2.0828520319908788,26.965533192631792,blockage,33.415659362326615
18.570134386489595,19.014955371755217,8.574477427423034,6.265708954935452,-0.6679424519298485,48.11978158953937,flood,-0.8909966423046847
2.015623954721788,4.11596632992756,-0.47262704638811004,0.8453929235495562,1.182661888416109,2.186932000196847,normal,-1.2035482473322834
4.351180596199028,4.050219203590823,1.5172168305419134,1.6089926658332445,1.8766261931126618,3.856761562442513,normal,-0.474719289891817
30.012278274900098,3.877215391593736,16.920875344320923,0.4128801887032721,1.757468900755887,14.85988903629843,blockage,25.644695230056428
12.045237448219265,6.66712546264514,2.187300482024005,0.029862364369739325,1.2349694499079364,5.214787750340998,normal,5.572349655845296
32.64254108810288,34.199502291987564,8.928379038994729,8.41073851718925,1.823050651882361,34.29660813027496,flood,-2.898568440241374
16.71251509584763,16.68238936940421,6.040049037659451,6.271715773286577,0.556787813101405,22.095621097912392,flood,-0.21697048760416193
22.05799169651679,4.946441920951005,8.624475097383044,-0.6841440454794204,-0.0035677179152532705,7.855414509369819,blockage,16.925270100164635
12.620834646789787,10.100419888452171,-0.11100363025697962,0.8621806012283545,0.26680233523063257,0.9469346422811287,normal,3.965949953189334
8.977175030892107,14.28082554330337,0.1836478096135672,1.3998486042052833,-0.2872829756032518,2.376106250098418,normal,-5.766400126812006
11.279452512779399,3.3678031435685027,0.6350281555652488,0.8102670265087413,-0.5459781148407168,0.9838019265999254,normal,7.9676599380921855
21.14584643068176,6.844911564702333,11.875222699464068,-0.4744287274243904,2.1333216666084245,4.710205326652395,blockage,13.916878410238784
29.831516939135668,19.88405443545722,10.700180171570691,4.667124378070291,0.49927150075583027,42.83360799873548,flood,9.30278113805063
20.221685745831774,23.922327030107816,10.003363515577322,4.017737884872778,-0.40410914594538233,41.289719523060654,flood,-2.2935644311598953
12.846410443998305,3.213813314453585,1.31049172154603,1.1933730780357277,0.3318474708249264,3.8549234513910484,normal,9.603738825319013
11.990423884206233,2.6110740835430195,0.04811780636326396,1.5292804084279166,0.22768063653528203,0.9722267819111811,normal,9.509832486360985
9.628768712343732,11.401962715942204,-0.5666053383042882,0.6215326840458184,0.03992210677839382,2.843650047984286,normal,-2.171066132421157
32.31042231158261,32.472172021427575,6.338157179215919,6.211365782869711,2.0252075424270006,77.4000179840133,flood,-1.4329191110430113
18.426602714043597,26.128872931841897,11.9934256603289,7.738914632891944,0.27674025893314724,33.433791043242906,flood,-8.106012704942293
3.5848270159110034,6.6328344160941555,1.7109565143192642,1.2544595948690678,0.23124097413731678,0.3698222213420359,normal,-2.8770420013290865
0.7522038447263225,12.153296658164832,1.5108370798321196,0.049629827918004965,2.422904076224334,3.344037222000378,normal,-9.815361830477228
23.287326617789702,24.266701480188456,7.903922355363706,6.9487668586160565,-0.07578643409213566,30.848215571305726,flood,-0.1047995051629681
26.494182415451043,20.81974605586556,7.084581439484353,7.182182548313103,0.22050672609996969,43.299073287141276,flood,5.47572698255552
6.183510753568393,4.533081103383934,1.6644298956070571,1.2681529655136328,-0.04061391657632877,3.1454509234447445,normal,1.9180675375124423
8.489777751315653,5.0984576279999,1.2154044621610463,0.4261822896885964,0.2805320981159097,4.696207134549859,normal,4.220986062593508
12.010044437073551,12.291876138127776,0.8259377013437581,1.2677134917402266,1.2411881802944382,0.6098779687352429,normal,-1.3615014310902802
13.791100930683234,15.47555583414958,1.690611996572196,1.3228813985289523,0.15526105438769988,1.2519651856835596,normal,-0.9633416304986968
4.635346833552625,6.326202826695168,0.7084388652931142,0.8016242891215063,-0.252659478379943,0.7776977177274269,normal,-2.4399321935814964
11.298897934769235,1.0815614754980192,1.690378890189433,-0.26311053636271275,-0.7137011900802356,3.795596960167897,normal,9.440977300024905
24.353784454870947,24.61208083771518,7.1088680893218905,8.37780851980037,0.22400133193252292,50.12825751472929,flood,0.31838843134202166
25.207226794715332,25.20025397962908,5.363734617853152,6.576419232984923,2.0562555903966273,72.64269812634305,flood,0.4587420766766278
11.857964420707878,2.0061250825272943,2.405283206236256,1.5744897265802391,1.3117655742439234,1.9248762021022845,normal,10.085682492190514
25.299172291653527,28.881072449313976,5.2835834544920495,4.366839809974196,-0.3945337335945822,21.968368848967245,flood,-5.290198270378889
14.050568169615127,3.1297186632785547,-0.2905454749159657,1.024818899783758,1.6491682790863953,3.1991472391427873,normal,10.07041214770021
14.485818151401395,11.857952336467157,-0.20537904286509445,2.3914108381098704,-0.4314155836425289,3.172748675284604,normal,2.6992518669294134
5.164437814609772,1.7866875247048826,1.3667723380321968,0.5065983367761009,-0.7755463936531838,-0.07986577637183045,normal,3.693377981785332
11.107641918851728,7.149486777346823,0.7396395486891216,1.0299950703751832,-0.22067000552775837,4.652241032048775,normal,3.627234145961839
32.03672722138513,4.519233208058654,18.962651970487997,0.2892899315323448,1.1562553152925201,18.638377292407363,blockage,28.24612507376593
19.58916518450221,8.923337643680862,8.66801516798498,0.405623402154097,0.5339430761059765,17.397186477899083,blockage,11.688951838460621
9.987350010437032,7.582179088272648,-0.473855335848387,0.3214238474087197,-0.560550146515977,2.688615793984101,normal,3.0974168120615024
20.26718735963162,20.81027006603423,7.976190925232673,9.232220217524025,1.7846437072924264,21.656808734300856,flood,-0.719192892787675
28.897056792384472,29.81688013168109,13.576788945125259,8.912164740785151,2.556681031528494,67.39404309745095,flood,-2.0808149594666823
27.364710018553858,4.121854503749248,18.657692026989924,0.24385644524165898,-0.4685161029855919,3.6053224546679012,blockage,23.988174040792096
4.188262898819971,11.291049723440977,3.120970130795976,0.7588257427186813,1.2189567696601167,4.472386642890412,normal,-6.046209111316461
25.13484839632511,3.860856984623469,16.548721597740148,0.9806001384569673,0.22350413484557513,16.77260263747833,blockage,22.215625644012803
28.626188278017377,26.571311615781134,12.960823915700434,10.415446855525165,2.3139294880414267,69.68608863626095,flood,2.7109359541170983
2.6158247644552826,12.113625832982477,1.8898317475776187,1.0818953896588002,1.6438176787194325,2.8817904074989436,normal,-9.209559643807015
9.87241813275318,9.201335377063897,1.5554865996965554,1.236536154079496,-0.31067135268213214,4.432551809420796,normal,0.9066712144375788
16.452037362999636,3.450880276651518,0.6323100869845919,1.270749938974074,-0.20842978694504466,2.0263670828387927,normal,11.4900399652421
32.149159722162494,34.00642415504582,12.774593687705252,7.710782566968367,2.458268068495036,50.592532367779484,flood,-1.704777081973381
2.035908711042116,8.686103824016353,0.7714584242378869,0.2911561319542767,0.6346299598843451,-0.3611521411948462,normal,-4.700646780610799
24.34381944602641,27.959687798619772,12.052698263913296,5.569034825685262,-0.2642868411839607,24.383223491446376,flood,-3.7625205288832
18.76497902135859,16.604929763546423,6.060382131650829,6.475364598497501,0.4917662901196515,40.33720675743862,flood,1.5361131604221074
8.132308366754568,9.480012452504258,0.08005201560188585,2.0778577647681433,-0.369600129633837,1.8578706414779098,normal,-3.3573348642825978
3.5623805748197706,8.778720133885036,1.3158877248346883,1.8802037327631704,-0.9566443405931093,2.7766797903103773,normal,-6.336607750407355
13.063788145690443,7.146474227585491,1.3699396008827711,0.3126709971121232,0.01601496500825735,0.8853695794863954,normal,7.324934075494821
12.102276346611227,6.168458176175649,1.0750083056758828,1.4730946293904092,0.1176415370279614,5.285970255337198,normal,5.1309172034131105
8.981357651053031,4.530067600210918,0.09283380229721569,1.5734981080497221,2.633440656071264,2.6403641105719404,normal,4.513237669123215
11.40342667794018,13.78712203983935,0.6513857005194675,0.7804581648053187,-0.2721118145684769,5.4134323713265236,normal,-2.921778162297146
11.678886037163341,4.224258786232626,0.7558121453379137,1.4803750576180192,0.19971090464230393,2.592044033889038,normal,7.6762404995700955
12.462630451466003,1.112032295041149,1.1775191668321328,-0.8750683098001601,0.7665146169247623,2.1011871032909366,normal,10.495332751086597
3.653188652300769,11.42772295573638,0.8383093389105298,1.8903450080914466,-0.2534506708780595,4.578626725129556,normal,-8.229081359919139
2.9458193234102295,7.913776651704207,1.4571274356220143,1.346101771888815,0.04298046846181076,2.5596158802329967,normal,-5.80113333422263
3.5863819273488957,5.333876333387146,0.5321685326753841,0.7128372910498024,-0.9499929196575709,1.4782528689320182,normal,-2.663270729120117
16.149639594085013,28.562881022142786,10.779105408557506,6.213966025251332,-0.32006645799762223,52.12787397980999,flood,-11.004993869896357
13.152869228479295,6.238443011973317,0.6421849945944271,1.4742935627765938,-0.2551876627385148,0.577471237574429,normal,8.061277867815061
6.55231021273888,9.906966496909652,1.2217744997473943,1.280231511659943,0.34463082241285836,4.081459658331001,normal,-2.9827408550619374
28.00460245450398,27.691639847212286,6.158790435882312,2.1163926919373783,1.9825677010317526,34.277882988014774,flood,1.0347977279027951
13.327832746290591,9.778242791790033,1.8997182846476128,0.44733092334740177,-0.043244266637803994,2.3166833413851324,normal,5.568686691977337
27.42894848348512,1.6222285651369353,10.448206539022372,0.27021163044679886,3.6525796976079077,26.484963856411614,blockage,25.068401808556526
13.161457284491982,6.7736316805657,1.4278014335028082,1.1932979345392276,1.6260060786992263,1.0663425162657165,normal,4.84359227952483
28.61154012700886,28.235855151868023,14.209358456810039,7.019115399147812,1.9185540462960788,44.15919838544841,flood,0.3653255489845586
34.218515134305406,5.751965673781778,13.223101575189144,-0.7892227325409567,2.982902463555978,29.363606920874968,blockage,28.452511811874146
20.941588221822162,6.755549020433623,9.766456568791009,0.5501113209235868,0.4254990985303303,3.2627141487586817,blockage,15.22438323198755
28.65119411219557,17.934252990006645,11.017035531152155,8.68005291866076,1.1542535252471888,39.13458304723481,flood,10.70450530101787
31.561998445404363,24.471345775620083,7.07021109587238,6.471256134698784,1.1371267603561304,31.606069992726074,flood,6.337509344704466
5.513379330485409,14.330587119293082,1.3309662920247083,1.074235086871173,1.0350964355667867,-0.16945853214859075,normal,-10.29003664929767
8.586974546972485,3.1496230581829385,1.3144146342481529,1.9159179757982896,0.4444538409962778,3.7788276744042166,normal,4.047442296593851
23.2769154202432,4.099543808448067,18.612171754615037,-0.1664088340290173,1.4975682639322736,5.009682073483517,blockage,18.765846990906574
26.100377345359412,2.48387735331602,18.813993066871806,0.1851759478438968,1.7136496014117506,18.463937961766806,blockage,21.251780378411176
27.983910711500684,29.093840781013665,10.065836109850895,10.931253309570378,2.608660626054365,48.15104172998347,flood,-0.9190759495153275
21.0770057926771,7.160262012282373,11.530634969171965,0.6528725697904234,2.044686383110347,10.019414422748076,blockage,14.863092764486248
23.689863592479178,8.26686545587604,16.28887953675217,-0.5961522178481723,2.6151517276517326,15.566483156938123,blockage,14.895554432223992
11.257003576894155,13.651015485581564,1.9372463086952367,1.2092527289586388,0.5172844976607911,5.93405092201177,normal,-3.373230077677649
22.24469592577323,8.35499519121416,12.733264056300314,-0.7214743392654598,2.4958966940754297,8.518304057343476,blockage,13.532076553834846
25.154436167836263,28.24755039197418,8.038078206988253,7.602898049358714,1.0787120696768349,23.549721060464556,flood,-3.813077016023211
13.911406365936534,14.474340657081449,1.7032997403029322,-0.24892121893336572,-0.3350488496852457,5.273570607959822,normal,1.4438715557843447
12.452938011159459,11.912283516671692,2.0246438593929037,0.021421103307416478,0.43163379406259655,0.5824211544010256,normal,2.237703864285403
13.118171494964985,5.708566932697458,1.1650309576327358,2.449207829556858,-0.45992682856130596,-0.036813774453624104,normal,6.634768885742215
24.831813058753376,28.95596089465081,14.188352358504757,10.681869238380388,0.7725851425996054,39.17403821088015,flood,-4.736371328289159
2.260287204427727,12.8707498467827,1.0916307183974716,0.3872183629303928,-0.5398777757258735,0.8953013622609154,normal,-9.62680563024282
30.234714976337468,10.001462237906503,14.643569986302708,-1.1668926913324031,2.176208958781023,19.861039749315136,blockage,20.259935046830837
19.74659763415011,18.446774383073382,4.568480831885355,3.8307759458079844,-0.01582655464509431,49.92402511242058,flood,1.1468487641073413
28.23524329873399,31.56829878946178,12.335870963795921,9.095473163980088,0.7620542997890615,38.76289066340306,flood,-3.4326097986343878
33.48771659895469,34.96061134388845,12.405363669935463,8.838608826828958,1.2381592263896004,55.004887961459126,flood,-1.692623434820709
5.698221215162737,6.4956308128136655,0.027579180735943953,0.44906596492714146,0.27010576057269,2.706899895442662,normal,-0.7123382362741407
26.329118207525386,29.160797305094366,11.700138883878475,5.32259724309341,2.8629697492392134,38.2587911893598,flood,-4.053280148059081
2.385381888695407,13.69792332751384,0.28461051773226287,0.9561682142667501,-0.10898845279027654,3.537574550655122,normal,-11.642306155471594
5.1148257386088885,2.661073084625737,0.2227430558292639,2.2434756333438375,0.040796840035373795,1.723443336503532,normal,2.2429902036751206
21.627492743169373,21.648886878755945,4.362461957462071,7.177721473354707,0.8647009266573038,42.57711276717468,flood,-0.7397676666773272
25.520297110080474,31.42705983647316,6.968068104631483,6.747617034749728,3.6298146142505185,74.83086127083108,flood,-5.057620310559415
4.438436929991049,6.794527196929655,0.9300743138323485,1.645423557280313,0.28592697540794665,-0.14627601959700198,normal,-0.9850510519194474
30.23731208639561,1.511264072016882,5.7256582033257954,0.2474945639257881,1.105208178381035,26.173217526395003,blockage,28.927018261204648
8.98747222949849,12.751975921994044,0.25517743294711603,1.0908386002274058,1.1908946945841754,4.9974621297323365,normal,-3.9068880684803493
2.6485284678707792,3.3595962931255174,0.44654975851958534,1.0192602410953122,-0.12092535915371945,3.152585248664811,normal,-2.1285296308714736
25.64876516050459,4.504742805454969,13.167850012498894,0.5448378580884897,3.833635109165614,27.921804295625563,blockage,21.052040567274275
16.92032009275559,23.967363918250726,5.819303872683063,7.753697708364525,-0.005699224320003804,38.05473483797314,flood,-6.537214635438473
28.90033838957814,27.107822020496723,6.112207026931596,5.357596161022199,1.2626672593288073,23.699971941133782,flood,2.671252965414926
13.211912727165016,11.87804251168459,1.1013111504684459,1.3108467213644848,-0.4426918154286647,1.03580166686559,normal,1.8388669080806845
33.70539693240013,26.505926844135494,9.112079784180532,8.71244161534831,0.7527844860640842,62.68686577872924,flood,7.179389170681459
6.747550020606658,10.18188602060784,2.211419411371309,1.4996120024892288,0.3122325664169342,4.108738787102811,normal,-2.6880155995288666
17.78337514776802,18.392221194512707,10.832552190698664,10.483955680169707,0.3093906178165797,37.418867314211944,flood,-0.512986472413876
10.11766225372316,5.192484967512834,1.5036322536074995,0.5899744445204145,1.4636859146425294,1.980692753726469,normal,4.783494971920503
25.8709214450384,5.6897807529316005,20.10411006398447,0.7332597874659894,1.3352758543060124,16.46327713162883,blockage,20.11850879922045
4.707488159158058,7.063538170411482,-0.49735511135477195,3.2040201107197195,-0.24993483266976674,1.8492458180656401,normal,-1.127988387959704
32.56541235223648,5.830061292088476,11.666101403323951,0.34935074433915675,2.176053397968784,17.036535097018515,blockage,27.39308463450528
32.08261015482397,30.620593962088027,13.727890732500489,4.200781622152081,2.482621260183705,67.93974809957453,flood,1.7459201428894142
28.634314044041616,26.81292340033225,6.169695022319048,3.8216216247419563,0.5311597925543693,49.5184251302847,flood,1.865608626595585
8.818059245718441,7.973595835635446,0.4389561010454609,1.3851472684951969,0.76599881864613,0.5263303516726674,normal,0.9804139164706073
2.776584603368898,1.423124535444256,0.4859424983360062,0.31775036451126026,-0.4172420693844605,4.31440367836362,normal,0.5060098527073985
30.35120888486332,7.491139764549467,19.26492666265321,-0.4949271980914727,-0.38378018353177595,17.874516301351484,blockage,23.89222460622821
30.783681815042097,5.633988154481389,6.748031382062953,0.14029550511042682,0.22842840634440337,23.662618704973877,blockage,24.17298506936091
23.885188678491023,8.150698075916427,19.710194215686766,1.3273756548621067,-1.0217997585270466,16.914441839760922,blockage,14.98675165025729
29.75855648201401,32.0319280216916,6.072705673287831,11.054393982491174,1.3990559502414082,63.22005243626912,flood,-1.6252102323386528
34.411610703970794,9.197461363420006,20.17544136591875,0.110780988314789,-0.5535784584208113,9.381713289569817,blockage,25.219541674896256
11.949300473998804,9.380206421820334,-0.10089253519504027,0.6778652619653163,0.8609398729086011,4.893234454764105,normal,1.0742378201514795
24.868984717582578,24.310386929461608,8.470549673775695,3.6912475354778884,1.8468020733208381,50.36859423707096,flood,1.8501332173809408
27.782659500510086,2.600836007697546,16.11156326608013,0.4847747222685462,1.6467132629061234,22.828548097659194,blockage,25.100402478822648
12.391754129346943,6.404749988305216,1.1522743781298193,0.41582875233767125,-0.6297332025267289,4.00316421760364,normal,4.222681734020295
2.3667735181777254,8.1321170474105,-0.18537420668457774,0.7010962420727438,-0.4484067528617093,2.6656091726520303,normal,-3.635436540838988
12.550278888161298,13.305925615178694,0.8255680612990084,0.24798123877515887,-0.16993114429829556,0.9392463152389187,normal,-1.0687584817745375
2.3309308543304352,3.4938600802148696,1.0318663698975108,1.2091245560209525,0.8293428503651673,1.554940134774817,normal,-2.2453276180379738
1.4652099603503748,4.16483320120412,0.9466279351166327,0.09738981725962326,0.7094437129488674,1.5094793842189445,normal,-1.5047781234787139
10.218344750264665,12.296077285514688,0.882878668308325,0.5642288524768085,0.0010449656309068547,2.6949015155158573,normal,-0.8590218730015339
30.06837635613312,34.08296713629037,14.472500077217047,4.071050346202287,2.170871184250342,45.29886817903029,flood,-4.313197839299368
33.83854508503486,27.94034935850763,13.483532270985695,10.08607190103963,2.3901011067526756,33.734485166170366,flood,5.733156600773567
28.85953758728455,35.112593407931946,5.806937281693875,4.3068063321548475,3.187605309222255,38.67296568967312,flood,-7.415017498998687
13.660177533162763,9.230299182391885,0.5528317564764148,0.48866645523646585,0.4237037084156998,0.7931102390481626,normal,5.416077173741168
29.053209733536242,29.637055707786363,4.171526928071967,4.019037155807343,0.33908514369260767,25.152673401891413,flood,0.1480368637772329
8.164947210540092,14.56218190233359,0.7429988747730991,0.7639800687742839,0.5461859311023859,4.689007761128917,normal,-7.205975624630744
13.304249077222968,10.824950370882434,0.997506860517481,1.6017316614419572,-0.5474231745781194,0.9263222565180151,normal,2.647579841405688
7.2747531686074955,5.276933862929025,1.718190633350317,1.500450256673549,-0.5345264662875666,3.5023238073177243,normal,3.5331564572654104
12.384505146914256,4.507294758784394,0.30147374140947686,-0.07081458342851049,1.2780330613200084,2.856951446394799,normal,6.417059963316668
13.462003306988674,10.39710994339936,-1.0368081670243219,0.7770370608346111,0.4121656446734209,1.9035276621243964,normal,4.061474408393176
4.684714371562046,13.445185374255077,1.3356153623027722,-0.6934215506293291,0.4560402613881007,3.796996669193284,normal,-9.768797265005858
8.476051906449351,8.44188965425471,1.5711655550998274,0.752469681025213,0.8436746077199341,-0.16121574477771072,normal,0.5333205775222207
33.99783323908539,26.06433824150177,10.596452394616856,6.8824216025205835,0.012073166058985563,47.23370440684345,flood,8.57018395291562
19.956351586932964,6.934337547108613,15.985073880208784,1.3337832804219119,2.7636666802945635,14.614054920667485,blockage,13.260286051305034
4.551329302570551,12.136835359571482,0.7743317498340696,-0.08242168683169115,-0.05827844740316402,1.041868353916521,normal,-7.823799428788451
21.173447219284178,6.052740556306033,10.627338541197005,-0.7116662937146558,3.0059363052453585,14.618452996447179,blockage,15.094260834073621
9.491549149014707,5.179780337144369,2.1581575917527296,1.2119428585850243,-0.7207326005513729,4.118498366617286,normal,4.341462643399747
22.897306530796065,19.219508677895323,5.5581197196743375,8.549851830136786,0.9408251502081696,51.87575868606352,flood,3.4864287471341098
10.206735732355764,7.329575576628634,1.4232595625517463,1.5961020171797344,-0.06016449550400774,1.3283115181290062,normal,2.763369050541943
26.921037366208942,29.88839762811243,10.463108940031596,9.461033749680977,1.5485847183646022,48.49656552924147,flood,-2.215218376250258
0.9920889282232549,3.929241972202277,1.3939738022790076,1.8445551470546113,-0.31412957009719333,1.0758487978053743,normal,-2.827241420407132
12.068658531259343,6.743111058606324,1.8168027202869612,0.9935834508490557,2.0197768674248184,1.2633394177895858,normal,5.525492511431961
7.8403054296443475,11.31957737859253,1.5990884504949705,1.0255364889969047,0.39589814102317533,-0.056095564745482586,normal,-2.7422422948019505
33.325840998533366,30.698732735767038,8.882491451903299,11.054161467391557,2.949233985850457,66.4454755061654,flood,2.199816604093468
6.4920123740791285,12.492953329841889,1.9183189689005338,1.0328329608567515,0.04899335298771099,1.6404631923813353,normal,-5.62114020143673
18.551285060555013,27.766790991118558,5.34235277262137,8.575534002973576,1.008140594688475,41.3681066790565,flood,-9.954353976093678
14.149555976478494,14.641655820217187,1.199129905045483,0.8662803053356322,-0.679916294563692,4.789611909100799,normal,0.5485784358383612
26.45489275496455,21.140021888597197,8.850371664008758,7.929230359909257,0.34756096296153327,51.863147071413046,flood,4.280559232389708
21.696841200330446,30.014648524019254,5.583056688376969,9.391936263414607,-0.1908563140569873,50.62248083689667,flood,-7.454600175822493
4.5376392159204455,4.490158498044185,0.5697464796160874,2.3883094609522084,1.0062948005861208,-1.0118720200990456,normal,-0.8352214228103665
34.85906730380362,33.58022128383746,11.77972183780759,7.22515997091215,2.1981821904660253,53.868208358478945,flood,1.8897573403692463
22.87701384200819,23.10246233592993,11.554797691008083,7.324651938007245,1.7109686590963613,27.69311122699821,flood,-0.2421635343146364
29.11133066296278,27.4138182519982,13.459302035454925,9.432438700113806,1.0296475843197048,68.17146306760768,flood,1.2877954395465339
3.083452073952995,14.530168000552578,3.0863460008953547,1.4344691293054757,1.9206769630299982,3.6609849533888803,normal,-11.51387185830133
3.9609165095855046,11.282817337909853,1.8218054144661933,0.8738249396997225,1.2877803603937905,1.229795445523635,normal,-7.432149266496595
15.29755091184084,10.892944905196654,0.7242530680636149,1.2069994667442885,0.6275557985899454,4.357298415249795,normal,3.250963995692648
4.653130567233784,9.73239751831662,1.7633384993602292,0.7763583982244574,1.074805504905698,1.659907034184625,normal,-2.9944225754619924
30.81503524620342,28.85049781229287,13.997482041772676,5.01107053853867,3.411145192356205,46.662343519538034,flood,1.8301955781612982
26.868423386382116,2.367232706425666,7.152501399672695,-0.07140253649308137,1.5643152892985834,27.879039411577857,blockage,23.964827057025165
12.647789042489068,5.853560546904346,0.924666649202982,-0.209082536108111,0.15276658474963423,2.0798819102474706,normal,6.411822280403145
23.413671266310796,27.121616874321155,10.02219462066452,4.35159607812004,0.589958408831787,30.202496464871697,flood,-3.8107461575599535
27.90958762055124,34.83045740295005,10.962765227736117,6.415400106870547,2.6629846040285114,70.38281746829705,flood,-6.532521646974158
28.497381035138503,31.623098901327086,10.992048938332447,10.41025397315685,2.4600768818146808,47.93281233836429,flood,-4.110705420446012
10.021562604150242,12.200697641148023,0.29853257139061307,1.3076619930413842,-0.5501202758607934,0.49536507433020177,normal,-3.8520946244647707
28.448646376056367,16.652289146233247,4.789650056230822,7.214409453635008,1.2636239890056344,54.30021133786356,flood,11.867054040273214
24.202584799881283,3.2471451136346836,12.611957044572158,0.5841344534903481,2.9359978737518486,13.821469889177239,blockage,20.403201235035677
2.908709996912537,6.710074373179898,0.20475593138838932,1.523363064510296,0.17915404288877532,4.619344125314997,normal,-3.5095828348202196
8.355259951986957,6.845097340764305,2.2746048168188664,1.08178731916429,-0.22087800988508144,2.8867593289920492,normal,0.44160636109663554
27.87983204683535,33.176249163774955,12.050223153082491,7.8077765803482375,1.67401005917689,60.592438193313974,flood,-7.376483539740089
25.33149866216433,5.815362122373497,9.876056363683425,-0.8802099175280764,0.9866162608523815,12.036789217702637,blockage,18.23524475419982
7.281232976927344,1.3516643334737362,0.8764057825433457,0.8691743537710864,0.11826619819585871,1.9386947743999179,normal,3.7633302221565605
31.20280821799666,6.604452863390346,7.922767268191121,0.27949472108577833,1.9383812728674357,13.273991917499702,blockage,24.567512910196356
14.337003500869786,7.277298264557071,2.143311637961338,1.2901286332061224,-0.7328578606574202,0.39310260244749096,normal,6.557847697440912
11.305143268998412,4.166221260186064,0.9659511100170022,1.496406236573542,-0.25999609683001,2.52986355962426,normal,7.382735596492893
4.875202875343163,3.021745462412362,0.43800696496981384,0.7470466738686785,0.3192021812527225,-0.04752965283553516,normal,2.1458244790650896
4.2307319766192,9.904295636258755,0.7206627693025085,1.3883872347954265,0.6526113123715733,1.241187394006563,normal,-5.38042134514127
13.176946000982893,5.7996852474784895,0.5059176065272664,1.6495439703317927,0.1493155914246507,3.612459306715693,normal,9.506735293820162
4.242281141429464,4.420337011460733,0.35001699423813326,1.5408056895664048,1.0115768891799926,1.2464475209656145,normal,0.04692734609363319
33.41277368128287,29.541488886221853,11.250322165832127,11.375036478503024,3.286780192121543,40.867694182181054,flood,3.7183421606952876
9.38237711361606,3.5778268448162245,0.440293177129483,2.0544850605486404,0.3652294878264117,2.1826343320792536,normal,6.1445590429107755
2.022814392541071,1.6092703943864073,2.0311544163058546,1.1260875066385907,1.866150956606844,1.128732219835862,normal,0.6351945227714898
12.550581984466655,8.347278959769078,1.8617007504039695,-0.02524811586750858,-0.1419094169054871,1.1361898104747918,normal,4.586088255462473
12.281986415253263,8.422720867339514,-0.8672064508238775,-0.4433405153684141,-0.43545341942252647,4.652812263834841,normal,3.7848016308390835
21.205709848102124,1.6870476428916048,20.257679320377065,-1.28859639040404,1.0277559297761276,26.60892366110327,blockage,20.120547248393652
28.760450158969228,31.545857457756053,6.555219735864483,12.516628987939661,2.8626598856164027,74.61145441887837,flood,-1.6611504478069128
3.1687783828156033,2.6414921841359296,0.6272222412619372,0.15406835842708333,-0.4413279765851645,0.3209483544257727,normal,-0.1858680855376522
21.836871885201862,18.765356594121506,10.988760261755058,7.643208428751493,1.065331736235087,42.7522017925643,flood,2.6241768941569017
25.31343032652311,8.741080747891784,19.11019776298889,0.6637180582445269,1.700983203723544,21.880651906815128,blockage,16.855259997004868
1.566022733027323,8.162856842662645,0.5018726090464809,0.08443558407586704,-0.627231249116321,1.3778639823589485,normal,-6.751506378227671
28.945475850856962,20.61910295144721,9.500875833059743,9.665260251517658,0.5510765531361717,49.654557381611816,flood,7.888031997936691
8.546995331800094,11.103765932401506,-0.37306518635479113,-0.14769014308945844,1.5181184739377471,0.7879453802472339,normal,-1.456680518031826
7.062521669591992,10.62331317756172,1.3324514426479088,0.5883200459975684,-0.6573331911359169,2.0329008411684537,normal,-4.193663548245424
21.871477684605267,22.826717070928773,7.847655965804371,4.372976782478739,1.7021334441460532,58.680439351824155,flood,-1.3062220998428336
21.703957146796053,23.53639509633972,10.87227179057947,7.020092876684216,0.42273707616866874,47.25697042008482,flood,-1.402219380780418
2.403194031177844,2.2812730882848786,1.5221703131870123,-0.19550233585793642,0.3367995713849733,2.422914711006895,normal,-1.5938510838659588
8.553337687353556,7.303001942673991,0.14823491463338168,1.4394643276081494,0.3899422639165848,5.449882873664061,normal,1.2525715168278244
34.36983000642491,33.786011892755596,7.192402002410643,5.873139399195116,2.8731380935777775,68.98871059911701,flood,0.07591321386563951
33.296716100091594,8.525886841435536,15.758779282433316,1.3365543898533558,0.6709739393162157,19.616135955357052,blockage,24.754635776137423
29.249546639901833,18.251293614532294,11.394891683109014,9.262430775060128,1.544326088877913,40.4630698710365,flood,11.027563479721794
10.973984308857851,10.905921021832404,1.1986770180317574,1.4155072538426114,2.1250043793858833,3.6457993463778706,normal,-1.240940720431274
33.108508023711224,31.265490254387903,12.058326239480783,8.029138500588086,2.462620895148075,52.75998203032008,flood,1.3816224122020246
14.097892365337678,1.7402353075694794,0.10400727941203508,1.9751000009506197,-0.23763597325562277,2.512676504847744,normal,11.674697792572465
20.339457236469222,25.62820791867259,4.508727470269507,3.913319887417711,0.5490741887787371,52.72886801555603,flood,-6.387925735345272
26.259743838678975,23.76864293762829,6.035561269139591,9.438307894677973,0.8355216612771423,45.10308005170865,flood,0.4513170092054326
13.144378157465926,10.887563638753548,0.3167249577385238,1.634302265758332,-0.9138510433285757,2.6083774950342686,normal,2.417881226984698
9.402881452192718,11.530556883082367,1.5520533268232013,1.9684451153019122,1.320319827497198,2.693453998927817,normal,-2.2968953331918702
1.6117007578178117,11.610621244284609,1.8404460572311705,1.5046900098006089,1.4608702889510552,4.7649322869861805,normal,-10.73432683794637
32.63846959845307,27.671614923527667,11.372066860579132,8.35956680101351,0.9660661044828913,78.25135708647419,flood,6.818718593732183
12.840319264172944,15.036882754608763,1.0799096093448777,1.2068200216107325,-0.7408040219511999,1.6525634386764843,normal,-1.7490792038997278
14.882724495455777,9.943769620946416,1.8132839731286405,1.6399258829595507,2.1854109525889704,4.470877242317753,normal,3.980913433989821
10.665361736066552,11.370626525930101,0.6413193335347792,1.8706670512193049,1.6174591852766456,0.009152455518094627,normal,-0.25059068149174607
27.626305442604636,18.492842788972407,9.140604511844012,7.039691409864877,1.093539508267832,55.56308014493039,flood,9.867739761321886
14.843670631721597,4.629962263050395,-0.03089419284536321,2.1387163252612513,0.33340335746326016,2.796138789150024,normal,10.097040564103137
20.114783793483777,22.546949377184625,10.525302433892088,7.972292710684653,1.3598286690244115,50.96391405482751,flood,-3.643304967969101
33.19338838817263,34.376391079449235,10.619252834993253,6.064679719332092,0.5143468392613508,71.373275767582,flood,-1.2399717459953858
4.569456278635029,12.075910392777349,1.7063822683963044,1.3219471863619372,1.118622223742741,4.159147736222677,normal,-8.494444787441024
31.590425301884544,26.572597273297337,10.622723376574385,9.157914647221633,2.013701084521918,37.02655639075071,flood,5.8388802986079815
24.76447616105845,19.753498772842498,7.210862073972164,9.64441180679719,1.4174285722915305,50.64802814108398,flood,5.62380883105458
7.218588415232179,10.063918020407312,2.072464127026997,0.26994904013685705,1.2631629815655017,-0.013915576417524028,normal,-2.7798290921351185
22.910149106131566,3.3496442839967906,10.56537280780448,-0.9391076938640673,2.7655347902692697,17.186164379720047,blockage,20.29426657998623
33.06128040893265,32.845459979283376,7.303771722937124,8.422245014238309,0.6429027648111285,33.44353909167571,flood,0.5696806073014243
27.31690170096195,1.9378856157432476,17.4883587361705,0.1075732134643887,-0.02259549101625701,7.162930141519855,blockage,23.911641782615725
22.059372561487816,16.402001788469686,11.12664383324207,10.511524608096261,-0.008588624622735352,52.72555036683425,flood,6.446692337445924
2.467759360068884,14.057897937396625,-0.23184919248950714,1.7786901984613142,2.9387300837270036,4.809087511169909,normal,-12.691970137867596
23.76062718523027,28.322710899098738,8.66238051372593,5.11228296321062,0.417840296164807,32.1458984266493,flood,-4.2148165839845095
14.27617250686919,9.419557768142644,1.002465607276477,0.9720905536294688,1.0070480785653528,5.240914737087043,normal,4.264133237984722
27.37447038284013,32.58150704542786,9.408691627668846,9.218399707985483,0.6219062991643249,78.14477341601307,flood,-4.408624434140273
33.2249977309673,28.84623444764659,10.256078719802382,7.532878629178871,3.3213099020161154,77.75886901721566,flood,4.385907392965979
31.18268251994922,34.01848469319083,13.346977184550507,7.685802175185477,0.8234184440984786,42.051001896747835,flood,-3.4613809549081425
28.77521921421149,8.88206697574093,14.612924433486771,0.36997179200858854,2.2116736233415364,26.9855821209636,blockage,20.035009242451906
30.555130639890926,6.202475543080161,10.965812894866076,0.21750368308760631,2.447985590235898,22.549473328652134,blockage,23.231217857912814
25.39344312676605,29.10877618628617,8.38200101739325,6.473246452155911,-0.9004094226672427,57.637717925038125,flood,-3.8913303659432743
13.291347196500094,11.183494483550131,1.1267194508680753,-0.18096519704063702,0.17695759319940912,2.2057656233749796,normal,2.2551558861520333
4.509877089755218,10.662223102016577,2.4776770909025516,0.6772665904291839,-0.07989627618387918,4.041196112001875,normal,-4.816813886767678
31.565294245143424,28.823244131880866,6.6757187807209775,11.568663784463745,3.5104405992741095,72.52088313859213,flood,4.077359483201544
11.789010555552512,10.757989509688366,0.8869300510828999,1.6400660063669559,-0.21817387830806084,4.646701369342528,normal,1.1465293308164737
11.643677226873443,9.562549035536343,0.7685741805640495,1.1280743635820292,0.580254898071717,2.001987867805644,normal,1.9271677392095998
29.289609159660184,4.434577193279672,17.469931478202078,-0.9585901056519257,-0.009958915388386518,9.83726801296631,blockage,25.939567285603836
3.2708251296580357,12.680726083777756,-0.04119211760731967,1.0788394871704978,-0.15870598688693938,2.5695381166880935,normal,-9.789855369313132
11.030798466778798,10.344105902397633,-0.7818610326156213,-0.008122480168316848,0.4443892791419301,2.558311400251675,normal,0.5101577383657686
2.3434276040868176,2.3373521040809697,-0.012198450113651865,-0.13102620011728655,-0.0927787219984511,2.2921413810181637,normal,0.9172409467463749
24.77562276732154,22.819204787863434,8.212142243485923,8.058565807651169,-0.4266096545291221,21.572327555204247,flood,0.558393772523702
11.84669829960189,5.393362477010007,1.2827793700169847,0.6393146810995557,0.05435826083372974,2.174252628352876,normal,7.325187625269031
8.841891025176679,3.5795745623698294,0.22209444591839783,-0.31618907508414024,-0.1322089556435519,-0.1319243215001319,normal,4.201929014634409
13.16622104013351,2.414008216929095,1.6950818092039253,1.3221619545912833,1.607113867214067,0.16084159795233038,normal,10.800489858752497
26.83904836399403,16.23473552303839,8.516750636272155,4.4983376519561595,1.0980046366024434,25.776526697134305,flood,9.82621028336107
3.8853944967923626,13.773710173240922,0.6715460556851675,1.2257730693058566,-0.1711919897551798,4.017113526357487,normal,-10.674899937207085
26.02179969071891,22.479066272151737,5.994865296043592,3.558603708846749,-0.714022109698206,30.203802922599824,flood,2.503778582909664
24.22418705257444,26.29028416878534,3.9656532899145702,6.189624739742539,-0.5497649486319357,58.80437993301823,flood,-1.293836845401011
33.283564600071394,5.196726844696312,13.776663269923684,1.251365607517456,1.3237130265844628,14.18568372626722,blockage,27.796430805206114
31.317311704777513,2.142460932805472,19.703083935296725,1.3101240133636647,2.5582124177463195,19.877969034122856,blockage,29.042351561817803
27.956105064172984,7.2550197235138825,18.832841144280252,-0.7314889086727497,0.15232625050825127,24.4089385098219,blockage,19.95841580540212
6.295081996690176,1.6683036452163935,0.47256488311933054,-0.09045747652926026,-0.04988851673948295,1.8430988258904217,normal,3.6027327973062055
12.400815120888113,3.2799715591964644,0.8819837245342229,0.7767980084349895,0.2819496608412798,4.425813061612204,normal,8.598153944072509
13.340040942804867,10.495969027596715,1.3802153671458723,0.943267473250259,-0.17100242003539082,1.7772991566630973,normal,2.7606646160185626
26.223753132643985,25.945106011738492,5.848920973099386,9.460403506572545,1.7750780628439702,37.000874058626124,flood,0.39329825640945787
27.658242127042268,8.956643621812882,18.442556692303185,0.5176754108842584,1.139143406733305,7.3014955814198546,blockage,17.190806678897765
27.0376574746586,25.31058926377813,8.58232605834894,6.149293629003503,-0.16777192300662694,22.535529094605764,flood,1.0388046079103286
1.4459622583891905,6.70057547414281,1.1237125672348245,0.20258751335925487,0.5621903685897132,5.707944184226774,normal,-5.190845718285605
24.553778278997008,5.769600082506256,17.77930591804896,0.24607173546843142,3.432099137668012,28.622865048385034,blockage,18.471285691257556
0.8094392852790491,11.868519331408582,-0.3925013047797269,0.9974953592229447,-0.33276697240773834,2.161806909882204,normal,-10.630634143468926
5.905815987475955,7.482468976599726,1.8747225847950677,0.3081804429987845,0.3108998748995831,3.1415279666201235,normal,-1.8461587582206267
20.35253116714458,1.1177860185832011,16.00588386493085,0.5525022481284241,3.142701947407357,13.139785102253805,blockage,20.084451433303546
33.91500060347381,33.39149603910745,9.389053596016053,11.885926649663071,1.6853172609461085,65.36865533163967,flood,1.0094690811081781
29.742302223297347,28.970387119190438,6.506028645324704,8.394729205041394,0.6672531266545784,80.244370428887,flood,0.7062308911315731
6.018814185054115,5.005457407959657,0.991096587813401,0.8583395500621934,0.2316877755461415,0.9335635763844904,normal,2.107980778154625
29.872440054116034,26.932586062806216,7.865699121036272,10.950949030527752,1.4906877018500462,63.745726093671344,flood,1.3175660428777647
3.8975430100498554,7.411753664437092,0.7693443651518731,0.09682265863170159,0.90814108568485,2.0208766765242205,normal,-2.9710669960108085
2.3125634655314653,1.0390313301439935,0.4870250009666042,1.5313655928108012,0.3551715863808458,3.902586370921238,normal,1.4217268681834228
34.135619499126875,27.80227604353958,11.146724819092254,4.006249340996051,0.6550809198789951,55.95843183618496,flood,5.257298065285268
24.74789948828979,20.466774731983108,4.111574721893754,8.808801730581367,0.4943433380660085,59.14336126679393,flood,4.966247509815679
14.826888838254346,13.87302265209743,1.5385803848263495,1.3848654384580257,1.1036597878052001,1.1075710172962985,normal,2.536747606934923
12.252318575699626,7.4163300151277,0.9996478210889428,0.9203125977956835,2.7807695111572186,3.093170102932751,normal,5.598387445109109
29.70155479098619,3.3531210881807394,10.139281009586806,-0.41006453722669545,1.5484396901885005,2.305291867621898,blockage,27.226981685646518
5.7167357120656686,9.485011022760657,1.1529270900571038,0.39329759338161707,-0.8493453169265416,5.523940967404903,normal,-4.462910203820087
11.295655282152435,5.486780680143378,1.3657482144702842,1.2106693682047067,-0.5123334092959619,3.9992872647203117,normal,5.929166503249097
27.96033175360267,6.3319342446708555,14.633945341923623,1.0694819200547276,2.944138247564371,26.830882212734462,blockage,21.384143982254823
18.075557118987213,18.734723425319462,10.836710214148525,9.192360553074156,0.03707087853939606,49.419689059504186,flood,-0.795369062702578
12.52925749450809,5.519683588298663,0.3814415740596889,2.1253826085739833,0.9294099329486984,4.566404937024652,normal,5.9795934818591565
26.341075279423194,10.394323550080042,9.706692167425553,0.36500915072880513,-0.08189961718941106,1.1648031765053406,blockage,16.898098588138325
11.001103970466097,7.751073951907152,0.6119757798807361,1.6338740175221749,0.10182287349619136,4.299868711267083,normal,3.513399308354049
29.646590223077112,1.9239104019859985,12.095557943054276,-0.983723048518599,1.5172050982521272,13.557590522929754,blockage,27.34049968952487
27.061192234177152,35.43180083696538,10.807590633994698,5.290182641650776,1.9686679963622447,67.69308012979803,flood,-8.344078704426138
12.952294266022674,6.539512800542495,1.6857983949137019,1.5036680219405525,0.291059083671906,1.991685508751657,normal,5.87874185702454
12.357341651890742,13.025062077608723,1.6935946487814395,0.8143030117232148,1.384522894969424,3.1109117275560716,normal,-0.11455188515986725
2.7433994008280793,4.264744554557082,2.1237524959496317,2.444738427275116,-0.7012930115825857,2.6489057380213845,normal,1.0804338070337358
33.97346962566611,9.025998437454628,6.990515871042002,-1.2477130472737692,0.8762210827794229,12.06646465516624,blockage,24.999683866734326
34.31179655816954,1.185178804058763,18.32700513910628,-0.5671419813639631,1.1637438785624217,4.632442377728973,blockage,32.9642620529489
5.874762708524881,6.881275300331037,0.9739254515697819,0.9000843766531241,0.323290099071311,3.5207970200883736,normal,-1.8103868136060974
5.775865348953515,3.9982075553030416,1.5894219992347958,1.0511743406485703,1.7961951458604668,1.3685879130337055,normal,1.9647136085309573
24.93497360213793,29.632514512195016,11.482383006788783,6.2788211985092595,0.6070526654895483,51.755796274422366,flood,-5.5687955466093415
9.980949003728593,7.630398088504705,0.9012453965709685,1.8464177797850265,1.6030223359147082,1.9376379553607164,normal,3.6317518841317393
10.932945866590282,3.471461296101129,0.5679808823658001,0.9948305861787822,-0.2638121308972861,4.257878313656486,normal,6.403042753559959
34.042662220895814,5.727104064484963,16.491140184595665,-0.47959594866854105,3.119585937331958,9.666389155318823,blockage,29.22751254641102
34.611787652827275,2.2114907265086123,8.168524925911594,-0.30521700608293667,0.7423776388773596,26.104512949813465,blockage,33.241959060731695
22.73017490612418,3.753020867564501,16.858780511919946,-0.6712293376194868,2.1453301946734085,21.910321476854033,blockage,18.68349297236865
23.757859673987067,7.523058266262565,11.959542493414212,-1.5561826063039133,2.850650241154765,24.202529356781824,blockage,15.937106532208864
30.553493302244817,31.01058031058545,14.276136529094254,6.795886396493404,2.524027652499335,78.10136819776322,flood,-0.5200336220191663
10.673252569152973,8.220436501989486,0.44362530788645993,-0.3690667914590252,0.4386108297630898,2.7931837702401623,normal,2.7458093859240975
23.961745784893484,16.6032498432403,6.308623279912159,4.100579478781137,0.8638679401740739,57.09928729869255,flood,7.434814452876581
13.166781903404402,2.8891987746714234,2.5849140730138815,0.1688859391725389,0.9135144979028139,4.516739935705628,normal,9.534990727872108
14.009691834130422,14.244390211960555,1.143986232022824,0.6838769221834574,1.0178433494587646,0.23083093548548428,normal,-0.3723651060171388
4.063631628852324,1.4095375663037557,1.9768792350332138,1.9165606556138526,0.3317152370171619,2.3518158842425,normal,3.045953886568148
8.427734000078543,8.430366394646416,0.6743172079844887,0.42621431042776325,0.1873175829893443,-0.09854236482019763,normal,-0.026788527691513103
29.320934987602566,26.880829262151288,11.056501510240713,11.648217894409512,2.8547365827947413,37.27171146913027,flood,2.1971204944011364
9.994400164189113,12.55894965301773,1.358273882632314,0.5620679688693868,1.4425245340914832,0.3822838754655635,normal,-1.9495490612799764
11.257793967218399,10.818787778667408,0.305791913317265,0.4547968516648482,-1.0234197377071157,4.963279195968312,normal,1.954838270621423
6.872923862273232,12.797247106935492,0.8548335884292386,0.5018230378453774,1.311592335272375,1.2956123906557728,normal,-5.9856351911756525
28.87780488509794,32.58025906740157,11.341764179614028,11.55978010703728,0.9879463693958963,35.47852399743853,flood,-3.171472362332261
7.346622895584101,5.471402695459935,-0.678446683197526,0.9533533796423613,0.5671235298184814,4.145078102235621,normal,0.5294376081531362
33.67824255840752,4.1722608567750425,6.061563592043985,1.033814029692702,-1.3046333504456342,15.541122580419769,blockage,28.646419424388444
28.774909829820427,30.792906832986315,6.113959598346607,5.708385502801571,1.3823779172112811,37.00516717130156,flood,-1.8260546389759917
18.599325198290625,29.167737040107593,11.116076403094059,4.784953593373749,0.904540110750653,25.545471251161494,flood,-10.69173238239219
18.882839618929513,25.896555296680237,6.136949109141361,10.344104582808127,1.0702524361476167,22.15432372831822,flood,-7.227789332808994
31.471601547040116,32.97450033432364,11.765705048891181,9.980768485286656,2.3967778801929494,64.5071820111059,flood,-2.8547176371722345
6.737861982313,3.128546372772038,0.7561438315194275,1.3465384692533162,0.14467852256346447,2.627807604180419,normal,3.3897849157738977
29.05585855716289,28.11276864352637,8.67165152023045,7.364889746418496,0.7563676624467102,49.90288444923615,flood,1.8286485326307778
27.474863354857664,26.310407183624214,5.977286400736104,5.397855373854526,2.234234672038486,31.535605822227506,flood,1.0138192617326904
7.695489022273914,9.571726860497504,0.6357904062174229,-0.015011316423499954,0.46991479239352135,0.9851949824750603,normal,-2.970512473493259
6.3003465429814565,1.4075965076788064,1.0312383991200318,1.8158617262168602,0.2219817218082829,1.1288196716457437,normal,4.384862576546689
3.1654056582453203,13.80754344368643,2.3163912077242794,1.6691707265380884,1.544385090623238,4.963699764469279,normal,-10.803856752896627
12.77239502846974,4.044889769713603,1.7819323983068278,0.9799417881258127,1.64745521550108,2.5805872953379945,normal,8.48499981022625
26.42757080835413,25.041411318220742,8.548756928789395,6.396634918267958,-0.09708143256753554,75.96356363973747,flood,-0.2019213246986329
3.1964971157398234,12.447722332632317,-0.1003941590956468,0.7422484138869943,0.648106332866845,3.441342685769828,normal,-8.207717528571784
27.197756685370738,31.935721509768566,15.035941864807366,9.425515629355719,3.170638827065467,36.61701695579453,flood,-2.463611811112824
34.588172418312496,9.351118920308629,9.680777042322894,-0.37553285680726006,0.4200179427097338,14.22478626006015,blockage,25.415624583526654
32.438363363409785,29.18970586015973,14.392034188830134,8.47640439869117,1.2930606485197775,35.367737592795706,flood,3.5808139305013134
4.28057451186692,8.6161378211989,0.2906250620192844,0.8424937929701634,0.243876902330177,1.0261823103206602,normal,-5.920491323660407
12.512875544693458,6.475000992291485,2.0995473930696744,1.8167559153932178,0.8435227629347559,3.0815553082229967,normal,8.493951489721498
9.445839551442864,6.753937713615464,0.23545733682147163,0.9893458178535834,1.2433302316568127,0.6288404806266273,normal,2.1718818598963345
3.1704305607052126,10.180103143240926,-0.8747658759057426,2.087232232619105,-1.040244557558968,2.9486879929330208,normal,-9.030483474767532
2.9235643362060073,10.557155261525637,2.4114961335850467,1.0720041624755865,0.8069864480582747,1.6167981319787126,normal,-7.0822989358315365
32.00117635030011,32.07339085876019,12.83909225600006,7.711154428347285,2.8670875028247984,32.26106771854571,flood,2.055975428046631
9.72186163500862,2.352433795107292,0.5949769512094489,-0.17489873966705294,-1.0873131591153045,1.2504884663187306,normal,7.650297814161207
5.26699319558056,9.002859344555652,2.0891059027382193,0.5612681347228327,0.9320847404560257,2.416306700151893,normal,-3.757556618450109
31.13295067690083,33.37504744244478,5.332836374326798,9.039724011729453,2.192263499456864,71.06438216016389,flood,-2.611495810730952
32.15147688740365,35.081785777860986,13.630537018745681,10.155570598476086,2.453229395880324,71.73587029138311,flood,-2.807857392578835
11.646509200984061,7.5464319249185765,0.48874492212740184,0.8241445163094596,-0.022791660660080735,2.8579645462699856,normal,3.676935719958556
11.376428161030624,5.154359463646411,0.9419584997725232,1.284540787663981,0.3897154097934584,3.4937066375816217,normal,5.65590007938604
27.687097336101942,28.236770498092632,15.314452276639756,11.42717058066231,0.7866842843879619,63.67161936879603,flood,1.129644048168696
1.4231591789414224,4.373668550169593,0.840378365002437,2.0516302635320356,0.22908547466610082,2.7145820324720686,normal,-3.827935430876498
20.266038145906457,7.673128005905604,19.140699596283635,-0.45259836778766066,2.3604112389417966,24.995029637497993,blockage,12.570923190000043
7.228562708702979,12.52860740979236,0.7794210611885336,0.784059129250611,-0.23122750304371323,3.491310866631868,normal,-4.2928575063347285
24.239074312294356,10.33359847458177,8.170358345999043,-0.3627523390640597,0.7948865782543553,2.6987093941470457,blockage,15.874263903796939
11.081985188037258,8.462332198603368,-0.5102301774284889,1.3310227695497863,1.3685685865228363,4.919143017894078,normal,0.8702609653331677
4.067487204705061,10.889857942011387,-0.3443202009362748,0.8625799452699218,0.44099879273254194,0.1149311443759967,normal,-7.357867219785018
23.902983051151747,25.879148375043638,5.939587946564691,7.261195807185624,0.3269215884684835,28.749940965041205,flood,-1.3369034429070092
3.1390429149485373,10.46624144414357,0.9372446266177819,1.1941383284339417,1.051978819689826,2.3987292985713595,normal,-5.04898811129388
27.935590860593248,6.3202623201939945,18.94838845692846,-0.15541357274839612,3.5032724561953903,11.606405491298077,blockage,21.840338357042715
12.112516429553319,7.903136716815187,0.4076130718306324,1.6819837167104723,1.197690539311097,2.576391428218897,normal,3.4174238521690485
8.018304454074194,4.485143035105211,0.7547641535847618,1.3841234585918187,1.4880111346063496,0.10113672019165809,normal,4.3034741518938615
2.642479007307588,10.091792051480528,0.6664233660054049,1.370281243283984,-0.27005399916787814,3.7147368603712967,normal,-7.65054523521744
34.30118938922192,7.5586684852097,17.686521580312206,-0.5385756608929296,1.481521509626873,21.754132576297355,blockage,25.86123504364643
22.59218924601973,8.9874833232585,15.58297988686769,-0.08849601715153316,2.383684956415923,20.00825745852239,blockage,12.8457583493419
31.40747405142125,27.13910007391904,13.032874460221585,3.8628380030711114,2.272935119368954,65.6189899107269,flood,4.300387298083452
3.085605183082268,12.912838845571898,0.947573415400252,0.6154711384441105,-0.3730445778548012,4.557208827502909,normal,-8.307295964067935
10.877112147127725,3.353292994111894,0.0696345632292433,0.7136948852198954,-0.2664008186403318,4.717763986854758,normal,6.534443177504261
13.487943223937858,9.395805773935,0.8863982434004952,-0.5600673067712045,0.02123090749179435,3.6769582287166105,normal,5.150112870335887
13.795759327745337,9.875013024701687,1.7999980859749303,0.8885117153488084,-0.6001560003944045,4.894829066769719,normal,3.8490735170690904
16.426859994488414,18.12680601613153,11.533416331444592,8.345787303776607,0.9355579125577052,50.201310084551594,flood,-1.3646041037598409
27.989175728530633,34.36489614998442,13.860729764825498,6.782856867881349,0.4313673785352875,39.81356279147383,flood,-6.571516763546678
25.827241455380356,7.644071710562478,15.633327455485292,1.9167340167302884,0.07193168856428249,28.483104147776167,blockage,18.371148843760956
27.931597065358105,27.912894075929902,9.656883415201207,5.3095086495957995,0.045739481949418064,43.15392869087286,flood,-0.021763882728797646
5.874486292885851,8.84152123887451,1.000905056257077,0.5065914760153178,-0.371998267050411,1.6947568878422339,normal,-2.201947704686625
12.524358444935853,5.605952137874065,0.05714435991061051,1.3379772721353416,-0.5001616639767581,3.7606608750007253,normal,6.5958904138527155
8.035488212733224,8.66981920061748,0.2762646733692249,0.5718366567430436,0.44770378573537584,3.822841911846187,normal,-0.5654810505701688
9.29702021168635,12.155814399419878,0.7876517259864726,1.3783361817275643,-0.6264814516398867,3.416293228884647,normal,-0.8101676707534762
7.543954060629535,3.2250793868004797,1.1766944983199186,2.774152947370383,-0.30552311231468665,1.5986707516765377,normal,3.139859584159229
9.30643404577583,11.812926303583541,0.25718739225708603,-0.2202062771268976,2.377943087407738,-0.4612164691624536,normal,-2.685359547679041
10.372002479156112,4.478376894654088,1.4570132820914015,0.0898200507133588,-0.046404699501935306,3.6425244709756237,normal,6.772665350532744
10.604151887961473,2.0858535938050475,0.39339346329475566,0.36966789182942833,0.1435537247388073,3.9509536929483895,normal,7.369762344770629
31.04849592201869,6.026727471612899,9.405690374197157,-0.054761851105852424,3.390311706754533,10.46982858683684,blockage,24.35537472225691
21.313852882274862,29.317153978323567,7.2227912282841595,3.031467489644745,-0.3484112175770115,39.989869177884856,flood,-7.7672391600452775
14.835367297318898,5.264920316871423,1.7365275647000118,0.019688815742255117,0.812988803949619,5.323943911539751,normal,9.337516998416262
19.345860535830973,16.420760073579117,9.609672722888465,9.39351452663242,1.0860567334727773,50.66113529967816,flood,2.4274619301115434
27.884972026217387,29.789647807506366,12.341968413231344,8.949016535325157,1.6374606770563993,70.77224541984113,flood,-1.2267621506373731
10.487838402718241,1.641688438611237,2.2828715680788645,0.5440261008597991,1.1925824326379506,1.7942107701060428,normal,6.407198260053879
10.245415558288318,0.6540370359650228,0.9867014310745652,1.7260802853816726,-0.10396557045222554,1.9346794611752864,normal,8.689696973331067
10.592705347653856,3.124264014617441,0.6872062947870873,0.2110258645806724,0.03507257255142541,3.1935765878005755,normal,7.284475172488346
11.582824623929191,7.327421853261433,0.08360757171706323,0.6155279503173962,0.1137463838760504,4.182289047581599,normal,4.298940910904328
26.059741086035313,8.548202830567517,13.978774500038918,-1.5218186551322455,-0.4023742488689449,21.445848540695675,blockage,16.9724749323556
21.39645723751512,23.306646959714126,5.043110222461717,6.983166038109366,-0.14876095812621615,58.2752049961039,flood,-1.3031081124514197
12.882615485900239,4.3850137307865165,0.5573318750328661,1.4153139352965578,1.4593056308751846,1.4424214092071475,normal,8.549773269165126
30.501206918179765,4.969762702369996,8.891538031940371,0.6326598150384851,0.3253038382044361,18.522512717658753,blockage,25.307176838657433
22.59122171171077,1.9589109812500403,18.947168630500116,-0.2397603152159553,2.727553389813823,13.42521960457173,blockage,21.793921691853757
33.01534917538974,10.40222130656648,15.874231230565263,0.843309397720206,1.3375554667222709,7.441019070541323,blockage,23.164827432736885
9.185906867385816,7.1006714089676715,1.204321276819245,0.39068172140253327,0.7762293452647895,4.050956837241182,normal,2.4743048850646936
8.601193767773363,3.700646721623263,0.7168862628551992,0.4775462656802248,-0.3817178842133018,2.661762389619202,normal,5.479244468423662
33.464273446713506,27.05671919259164,7.746634647435142,11.149011359433151,0.592681642140596,77.8231313574798,flood,7.568123360107491
11.083670048692145,4.333859210614192,1.5664912018576929,0.9454358568586729,0.3460872636636681,2.4926889889151953,normal,6.142899233104162
34.600181933794126,1.6551159920926262,17.846374698374667,0.27275171629035183,1.0506361090615202,12.177572964720556,blockage,31.89034131862747
7.178761326280263,5.920892593927543,2.034069632296208,1.6525737280086668,0.4106154968785607,4.071271433904379,normal,0.4049996920582997
2.19325191524479,11.612229993635248,1.5570608282051563,0.06216041813800566,1.5840921507706966,1.1411363609518674,normal,-9.203110126893263
33.402357444084544,5.557341902212907,12.115292282190515,-0.40168989468899435,2.071403717277799,15.04957582342098,blockage,28.349171392114826
12.002774861313764,13.227142788846384,0.9973794003942628,-0.7033064242330778,-0.014002058639236046,5.3012397941298754,normal,-0.8753790655901522
33.469725282167104,31.250190732555986,5.653602780499221,11.988604946803266,3.0279589773990336,67.04093043853914,flood,1.6021223048360358
27.884271997473398,8.107573547009352,11.270142054189895,-1.2617831531981816,-0.105669078568522,0.07037032290091164,blockage,21.779041525116586
34.98239150111848,6.98020607245254,16.642206606796616,0.20219724262062802,0.6747696749691323,25.831341171619567,blockage,27.613913049577718
34.5633842745724,27.132168199123626,10.627072263493284,8.315325377360647,0.8242495080259865,78.7310359304397,flood,6.367956532168531
14.480000165725267,8.448864867395216,-0.30749301090957215,0.046681997583173485,0.11659114255858383,4.319716230429184,normal,7.603559102405663
11.634285422316315,9.757150702121965,0.8774224664149994,2.061112007496365,0.3401580515726665,1.1480665975188404,normal,1.5040537397728486
15.003098011714576,12.306914468716105,-0.4352042184591072,1.1518179021201658,-0.4964096481626133,4.420808082553217,normal,2.5824245655307854
5.786586629677491,12.837931004676392,0.4645881619084514,-0.2443902806256153,-0.13448326067232103,3.698098132540064,normal,-7.433770428039419
10.163356173257062,1.560747150440478,0.1377850584684026,0.25583305621773145,-0.2742845758717824,0.7919442489280494,normal,7.300084480380769
5.834968115748426,11.788439162556733,0.5257721568416605,1.9413203269942292,0.9056739943684416,1.305119741451294,normal,-6.131964441933729
14.046033636489097,6.206973700015112,0.9166621964611426,2.1852981361638237,-0.07411619713236281,0.9944680173047825,normal,7.806765464673221
33.65875304893591,4.727093280560367,12.339478568617535,1.277477867152201,1.8984315884770047,-0.06603964068260004,blockage,28.427814317610054
11.628936284060797,6.544876160721996,0.07429796722103743,0.378814081622232,0.3444713185497313,2.659107085028261,normal,4.957275002225176
14.23076311692641,1.9266099062321145,1.7416366359755258,1.327566170052257,-0.033519560939225736,5.04448517739641,normal,12.980203780033023
14.243348579160106,3.9280342388051803,1.4474384706417893,-1.0398758356567044,-0.6394844617520521,4.361407147623799,normal,10.422961700886054
26.220494421787755,29.149980483372843,12.022364594286431,6.206902600429115,1.40897939203871,52.95210927667707,flood,-2.2994783738630167
26.086041561766073,4.0429100271517875,12.390838993011592,-0.43345388959663866,0.7424211487750123,13.840816826243458,blockage,21.913409738526628
18.519589449055758,20.5007223934351,8.616499936019913,6.308266405364763,0.48266816497576115,30.754915727419682,flood,-1.8509502232087414
11.855614736794779,3.5892447389540503,0.08578066837602624,0.9477458639412535,-0.5436492915522452,4.136643460332122,normal,7.146387041409862
11.059110876632747,0.638902276948432,1.6521118875907115,0.7598045382574802,1.5611584868440431,4.184520643133297,normal,10.313910077479395
27.825616134505978,32.73031263901301,9.871629762681312,8.929634296024512,1.119317897994152,41.88409120996769,flood,-6.052542933603819
24.092045190140073,6.25766819108218,9.901766958175621,-1.2615562378472762,-0.04446386199833473,15.04835006320714,blockage,17.583064430269594
25.177908286814603,33.33679134391911,14.085126199549421,4.969287997969665,1.7881843854945763,60.86456695562507,flood,-7.827406349988489
1.1513020156523917,5.297046467390416,0.4059935374478655,0.9511765789201044,0.2942747327082559,4.965812554599809,normal,-4.0813869756066765
26.17767415647125,30.260102923086954,11.81444164600525,2.5916136222539587,-1.217091020109901,34.674135501565296,flood,-3.293484642801511
28.238056365186573,5.726684407194054,16.474804784916113,0.4154176063450244,1.3414718428081334,9.110637094479356,blockage,22.428890220515314
2.0644740503054084,3.582116124655524,0.7410094146032937,2.022490157303183,2.332717088553764,1.6602061334691183,normal,-2.7810430118383875
14.045867425926374,13.35911096346414,-0.16106661784519616,1.731108015084409,0.8460732993060851,2.465351075719875,normal,1.3007793951040145
9.247794302742564,3.280691519217304,1.6806269545828874,1.5440184547312958,-0.1517141366212943,3.9343504543205143,normal,5.542807951286264
28.44126171987499,29.553049234912365,9.477599636890444,5.906161890167315,2.2427482882279124,72.25345194069206,flood,-1.7270805436061483
16.056046502283696,17.485567904240654,11.073573419198883,7.036223637550197,1.94659090856072,20.175938183683023,flood,1.5336026717989981
13.257273437013339,6.798758367058084,0.821172817616638,-0.8515287608753899,0.04665226739488135,0.5004630829814168,normal,6.9945022804871755
30.8537737567148,33.994137543924744,10.572859768079207,10.971318021752172,2.290614775275463,71.41933101945008,flood,-3.2112329152897594
25.9438312382004,26.177956560504796,12.868481190050646,8.9561095990963,0.7400203626362132,42.143711334164095,flood,0.3517131966192805
31.873696413549567,24.795927838439415,10.607672999171772,10.988852542538357,2.9777694468952136,66.53356343395112,flood,8.502747077334966
2.5931622152731184,6.211784336210207,0.20519081166580694,0.7283324358133423,0.020961655975169524,2.0529671858044627,normal,-4.067206399396184
27.638650736987262,27.536137220428493,10.393449995713592,8.536980886304988,2.059496523103009,60.79553242118087,flood,0.6366695415628749
5.290027668121768,9.950335280738827,0.4541174303294099,0.5287108460823794,0.12192355424386726,4.564311728790077,normal,-5.394693022153451
10.07649409710579,2.561976293611437,1.27274637226998,1.652985044435974,-0.10066154810004833,3.5204271322298015,normal,8.945618470239319
29.72081642145887,1.7341664024192944,15.36504536089245,-0.7630461796284468,1.6353097865062618,13.900653943467523,blockage,28.41180089412211
22.61801666128979,2.5701246240924998,11.099257604902066,-0.2853777259434306,0.7272701223554846,8.326567607231967,blockage,19.70133421370246
3.552671598617557,14.533297224844523,0.46508520857496966,1.0873480605685788,1.5474404901245697,3.986250101981899,normal,-10.394708424130444
29.6534792088036,7.239536627844193,7.996686768397895,-0.07357916471876458,1.175216076587103,24.604008468829257,blockage,22.64701678478794
16.00424603800325,25.324419519395935,9.351524542631395,3.548965633625397,0.44238527151923585,60.21453753839275,flood,-8.008200198398406
25.620181064867158,31.900334271146466,12.491903240722507,9.980969656501262,2.5201259803013514,62.36910668182421,flood,-7.643027203734032
15.623672965962063,8.615806392050569,1.120492241395468,1.2159307942938125,-0.10091458771509074,2.0507813153219305,normal,5.41876706320439
11.657041462034126,5.109966342691321,0.7203098486667585,0.8178641581601174,0.4253619172337139,0.4489933981053168,normal,6.844902184015695
16.020390761998108,21.751098487631996,4.356624164728919,3.6426369620149064,-1.455418038460148,40.82790827872121,flood,-5.2397373533595735
11.396178778203259,8.811000426306553,0.22671965551937512,1.9984357003158855,0.6253070727812254,5.1381572924261585,normal,2.595169462007629
25.97971673184813,27.284357730319705,9.075003527558748,5.126770285819438,3.2907747659072824,80.2141488121082,flood,-2.760731671699892
8.315860131435294,3.6203246229168227,0.030814854204236353,1.6468662283176512,-0.5196717075563948,0.9598887795770825,normal,5.845783359416222
33.00359255953389,9.599358291942579,9.47264803569991,0.42086431740717256,3.3242248006539987,23.673269312683527,blockage,25.04660682121667
3.6354605344701167,13.092165655341008,0.5097749581525255,0.04622588212647438,0.10103393007787419,2.442590880442709,normal,-9.190405253160774
32.99691574581939,29.87625636288919,6.084825973357633,7.47743609873591,0.5844720555290078,52.122408627237235,flood,4.68168228302004
30.78149579584379,28.0897862208528,11.81789070240818,7.921767488542741,2.6172133686353187,57.46336663305637,flood,2.3270059196382866
28.701236086558367,29.545479319446734,11.42576716558407,5.543064610792796,2.66076136170288,38.306229566502616,flood,-1.5757772502752152
32.83757327045794,2.379358226413057,6.5226042060961325,-1.319209122824804,0.7959432840663955,14.060409154103013,blockage,29.49287771659269
34.328514201034814,5.982619185159386,8.179586260277038,0.617763959722535,1.1517867028135504,26.48363963049246,blockage,27.634638959863466
29.840340454665476,29.07196189536435,10.775705981367206,6.621252416143191,0.8031599465849429,43.833002009151635,flood,1.4101728290167665
12.434570284449133,1.725007108009838,0.06829213019567226,1.138474505832404,1.7522547847147998,2.45446884525939,normal,10.29303599780503
5.319059300399012,5.732713943733093,2.14300060127227,1.0754667836469591,-0.4426051674043584,2.7205146557147697,normal,0.7893318926671201
25.507574855554985,8.717729414315722,8.954214123387155,-1.2986824879621186,0.5610470654003856,5.0254852748099434,blockage,16.52498666195759
2.1852322153941555,10.153677476762182,1.175371639457421,0.1908384572866877,2.367454970150345,2.1139582070793907,normal,-7.746649991451594
31.533338201964103,27.825970986556808,5.690146849388919,7.661132773878494,1.6153442304228307,52.99632317810424,flood,3.5560972650066196
15.030906651802828,15.08768433976209,1.9587420939630356,1.1388212881423496,0.9850605962825462,0.8623134134697727,normal,-0.11983248411042859
24.805177847660495,10.06831594401199,10.313629281803086,-0.17812828713919243,-0.25304462032900277,-0.19255317605719036,blockage,16.47076187029358
19.179207303258874,19.062256125094382,9.926887774809167,3.339622371984334,0.024576584667138603,37.20800512513197,flood,0.3958682814140033
13.21827064124214,9.313253631805006,1.637038831396888,2.2566425123036664,1.525308044504445,4.255223641871055,normal,3.6494909252099337
10.73338642050165,13.01746994048345,1.0613346361840934,1.354527517387206,-0.17657415686962402,1.3363826453265493,normal,-0.968399566863736
20.130032221741754,18.659938738032572,9.541233847046582,4.985543509114084,-0.5129944535592067,31.21101472612989,flood,1.9654838123408331
14.445173298729099,5.798211990847795,2.5567894846881187,1.533347574488039,0.014434561858242767,3.8206859441720478,normal,7.847427756989696
27.26637019262096,0.8708213332502811,7.270006666443143,-0.8668312918404486,0.6610930094528242,25.593639238000687,blockage,25.734434972293393
27.098909547048567,29.0679793265906,11.557692774846128,6.253255894771329,0.6389943884774623,41.60450484621268,flood,-1.457365827921974
32.61399280429748,28.034863989428338,6.021625938281101,5.689061062290102,3.361725764542096,57.94495720313628,flood,5.407574822472514
21.820157033007245,3.007345202053047,10.662456000803783,-0.3193239530545738,2.4763145629578305,6.071051442537427,blockage,18.256994853207726
12.844826164700162,3.829108424869923,0.548888072482761,1.6571636449224938,0.04051345389754403,2.6927076773088374,normal,9.882843373371857
2.7111138476588166,9.72858786761647,2.616424887530266,-0.07840652398748604,-0.8900857486465599,3.6131806779700444,normal,-7.143764794848641
30.591743815094773,2.942416241659604,13.36253278215569,0.014507939946464349,0.6437110368574834,18.09484338516851,blockage,27.89575744498614
0.7841914027806103,5.157655740292406,0.7258162387609371,1.8341818956553841,0.6537492730267606,2.879371302903663,normal,-3.804609528609155
7.088742750820934,10.891523270356398,1.0673507316290678,0.6543251116824366,-0.12985275312252412,3.617605659379809,normal,-4.258651368014534
18.328739915085393,21.322080304476028,8.165115124366936,4.225776483428373,0.5871078871211202,59.21408705955031,flood,-1.8769503535770315
3.325303601416707,10.15451887142615,0.5519234141120843,0.2173694304598645,0.48418340567415585,2.381266615852961,normal,-6.529577483309309
3.205465913589897,5.962918279970471,0.6391118485103566,0.5361299475815378,1.9224423906845372,3.6929047759312974,normal,-3.5058062525998523
9.680171711278245,13.449800168015972,-0.17465329975967903,0.8533059465238447,0.9280605179556081,2.8727278513130656,normal,-3.3052462963822715
26.57320601324037,6.162999083835406,7.486171505271172,-2.332829814591631,-1.3060720706823987,12.771730690550417,blockage,17.84498502853055
27.328657543495883,3.1101025403287608,14.176148862026634,-0.49161040486520435,2.828213387636955,1.4986460012713498,blockage,24.89889530095087
26.78361706953326,21.499022433489376,10.399997681841665,7.177364951211823,-0.434452753064311,31.55850050097117,flood,4.448927866640038
1.252167043243484,5.246285834979942,0.4550425313932058,1.5966838041958313,0.6860842014197526,2.1848917319901857,normal,-3.614018040169421
4.207210320201096,2.617894230471127,1.8102928105406566,1.3699347357898877,0.29540872850447486,4.360740364272224,normal,3.3400279426947965
33.613808567575894,5.371902934369479,10.944525936756218,1.4809971811307843,0.450739129666944,8.976260866138073,blockage,27.835967622789607
32.40420125139042,24.85969126911734,9.095240336006535,8.93276035801065,3.6475049760876956,63.33092900850367,flood,6.914310552059843
22.343300712271624,4.579722638826398,6.916282994542335,-0.08780121622311521,-0.20153656334207753,9.75742137374704,blockage,17.687341853278284
18.034449247637752,18.2749052027152,8.540827037990569,4.546533749027729,-0.2621326310034875,42.780720832794444,flood,-0.2571752501236936
22.04489513979435,7.0688710802433254,6.505602003982919,0.061371934520303706,-0.22092193595845794,5.874847798284717,blockage,15.575959257121369
2.727058549956763,1.7661552950027752,1.4795370157515495,0.8893932110427725,0.914425555740502,4.1333040836013595,normal,0.7842789980041096
3.214806690528054,8.041930415018818,-0.32056445404350054,0.8490207761242459,0.579808737515085,2.2181109739859455,normal,-4.7363198379988845
12.559918368045475,2.2250022084645353,0.9645623369484253,0.6656230005077762,1.4146407163297494,2.1428723416188813,normal,11.197661908090804
33.79937623427892,31.133607370595062,8.109736084058321,9.463620343010309,1.321652729795137,78.22203815184623,flood,2.9476773407809094
29.277646127167987,19.78872207841276,7.2396962456560825,2.772676817775209,-0.6150611620417844,50.18786362077273,flood,9.706203979906164
25.141640292127477,30.065433866690068,7.936160894552061,4.1534277508429565,1.6057641833298377,60.72694507530761,flood,-5.5369292120002545
21.83771225946621,25.582416662071395,7.08069441717848,7.491586225003045,1.2749554033478103,39.55113479857473,flood,-4.076820268010117
12.776394540317192,10.528976297173326,0.6626552382920479,1.9805214385312762,2.1164572486937385,-0.11666486043100821,normal,2.2533854255110697
15.490052564235448,4.794176325113706,1.8901454077666169,1.6064401614553077,0.8924994509726926,4.239130538663938,normal,8.776787181758463
29.93931384504793,24.74975832269508,10.988979545213793,3.911162445529541,1.4706869072051265,37.616448773968095,flood,4.624221669919132
29.6570272289551,29.265505742739606,12.59253021682217,10.415356375236424,0.11187407022940143,45.286645650986245,flood,1.745408864343553
3.520568596686177,4.924266298600793,1.368872545088091,2.023837671836213,-0.24942884944050728,0.6943224055471456,normal,-0.08787943066065573
14.282702113777903,8.481954202136501,1.6072218697698724,0.235988601203881,0.3703110397821962,2.199001620133678,normal,6.4265486498312825
32.8983160448635,33.331415906925656,10.78641410154646,4.652067431916534,1.8937536126938868,67.21608739978781,flood,-0.6295044279382265
10.13842229111816,2.569195375892184,1.9254098208449506,0.7046884549592701,0.022633821672698503,2.1775993974725383,normal,7.196351084546466
10.995931643834748,14.416644095825005,1.1821348409076728,1.360561285433748,-0.264719993206524,4.410562832097693,normal,-3.4311057055655443
13.692885403416007,12.883496779698778,0.6746100449008581,1.957079445441777,0.13570594014235715,1.8501113107265108,normal,0.8971152610708095
32.16511965071542,4.17402980521394,10.45045627009997,-0.08167346812262084,2.8122661021788167,26.516605645103127,blockage,27.84900638817164
0.9099891096436279,6.409519383909046,2.178902545413084,0.01579803752215686,1.528617919323132,5.334015637047521,normal,-4.673582873019071
10.31547216172746,10.216087894143527,0.5331038454052713,0.1191770408417972,0.5297004490894311,0.6167573565663549,normal,0.0196982831352413
5.011367794905103,1.6374230077451235,0.034240490726121474,2.093834738148791,0.3693476395889898,0.3042431875107382,normal,4.273062880747535
27.036940771727892,25.854095147606838,9.733341442177823,10.737145449383936,2.127902745964706,47.02547456209435,flood,2.1556919693849053
10.587749474095538,4.679591275241374,1.2747835323845964,1.0962245941889055,-0.6730792623755427,0.4727116040258632,normal,6.297810719810251
32.238374350005074,31.383619095617057,8.608512517057568,8.371386476866002,1.3950201545367429,56.20626404174299,flood,0.27452493849709675
32.0341971169232,28.123569218471506,5.798584818827379,11.943598791411283,3.5744371041878225,68.80249397271766,flood,3.1342340467664003
26.430231178780158,2.2811254598767285,14.444339917336148,0.5085318831219523,2.6626000582641667,20.460895282143607,blockage,25.368642111099916
7.608558213802052,5.3253835225231585,-0.3756326280493375,-0.14004191178820666,1.289588624563698,1.7876263361590539,normal,1.2789396360636418
26.16511221044312,31.947245152763923,6.725135842454397,6.555954826891715,2.867599563985906,71.27974625871023,flood,-5.980279564700567
19.92625961616522,5.4429175796642015,18.052281982916806,-0.17229525532484202,0.7848522654293868,30.56237802023649,blockage,14.647662410314497
16.648105438838,22.2877258278473,8.1533996291308,7.002992299138175,0.09612093806143501,55.4908096881757,flood,-4.261092599812526
5.977777759092749,5.74447046024246,0.6306194954221827,-0.275520189261533,0.22947812823215386,3.8996123007493124,normal,0.6267497064618902
24.790077127417067,29.420026495435014,11.392484403923708,3.8959954653990274,-0.22739791621747996,52.35871363841396,flood,-4.015859139862306
33.9875890912287,5.804042352760161,14.279176137191971,-0.6541763768742386,3.3332754487498724,27.025919788202472,blockage,26.63364648059205
11.757007915915647,12.023433192773131,1.2120347971488994,1.3246600301212745,-0.22153830147627898,4.72364657124025,normal,0.05059785538022239
14.450100485196444,1.3093498085141513,1.1233737072616092,1.5059111276522765,-0.4340671623890192,5.291253413093306,normal,12.665778959876107
17.842702970190448,22.013351310144134,8.697498498477623,8.457333546099042,0.08946009639351427,48.37493462889994,flood,-4.636668467078238
8.800773031360636,3.432413461457988,0.5695297792399897,0.9427874808329588,-0.21734109269309002,-0.11202431542096014,normal,5.366858963490692
4.601227807819376,1.9183360962151128,1.0300599324691346,-0.6101517770709184,0.2093429757496423,0.004826448781943687,normal,2.6184392508680667
9.43450829803722,14.325155121417586,1.6011761770358253,0.7369125086997469,0.11387890032660776,-0.2695652405538428,normal,-4.878333642518351
14.072958229545254,6.153842627609724,0.5482194794168327,1.7278883879220444,-0.2964439345752536,1.047027932665492,normal,8.031844300551013
33.140751379369284,6.937031939963537,9.50420981292441,0.6610500183464383,0.32829835959633125,14.41962976887183,blockage,26.652786062851742
20.522562315162244,7.803884865604158,18.116239289440276,0.09578032302701513,0.892181230532273,25.901355876104496,blockage,12.77214069809084
31.889917225860295,30.910807662766455,8.53910380047807,9.810606525413842,2.887852938068597,40.381494340606146,flood,1.2954017075496607
24.204090706225944,3.962928425111401,7.457140857945441,-0.2557957957901902,4.194229784079933,7.332420661930309,blockage,20.836151819189112
10.021705319062624,12.28939015055264,1.2757548274785995,2.4928254974888278,-0.24570727772869327,0.7167784589578285,normal,-1.393531317017651
24.11301919065706,18.841305000176355,3.759759270710033,2.6607021385183875,1.221451023727277,39.01856407370947,flood,5.74881648965797
26.088099914887184,33.54251614808452,5.912179902910574,7.488493278330822,2.430731781869907,35.71566126205945,flood,-7.824721590390392
33.36515226508969,6.406978114442709,7.015032833648011,0.6122185310969407,3.3114910565357114,14.789260029072828,blockage,25.882425761444043
7.639885351850511,6.578484064424711,1.8743587086344375,-0.1298948162436654,0.15019832095595662,4.104529921596888,normal,0.6063395549094766
12.702709519879592,3.8462575737450573,1.0415269980696324,1.2958979531691979,0.39701418798280813,2.369520927942622,normal,7.398108882279997
24.132316846068854,20.706871613281592,11.08629506321078,7.664552991293931,-0.15279293686040185,39.63659727872433,flood,2.839145106509512
3.3929077440659814,12.554416800705578,-0.24152980057566154,1.6900121766621068,-0.5095387853266029,0.29269663779670896,normal,-8.792411704654896
9.615065693749528,8.519740079984096,0.9565704311997297,-0.006469329879146946,2.3341620381748256,2.4600020498380326,normal,-0.23152149367743013
18.91957727376736,23.63017591901646,11.089516845335533,5.903421988009025,0.5692442831977726,29.417600542291275,flood,-3.550638003927239
8.19563234059274,1.2804139788779587,1.6386517615944873,2.1591885419279158,1.7432356603624863,4.187091442811923,normal,6.894390384558246
1.2280542427636483,6.6049172705661,0.3316609095317776,1.4528415006272224,-0.31936228312344267,3.4570676763115786,normal,-5.059428393265982
30.931791024899955,26.625127589175488,10.799902720329351,3.1207480720298104,3.3601885569116736,43.91508894042265,flood,4.23250597011248
28.837110703132115,31.198163107697788,7.205218264328938,8.119991468538384,2.915635225101935,65.57157241849283,flood,-3.220751640304564
0.967258585796521,13.004030376853954,0.5065089106319104,0.5269097592537642,-0.2629554701730929,1.7686855431953372,normal,-12.400323996189455
15.810589333490142,5.866321479497556,1.2025740456811707,0.7775584533801637,0.59379384825092,1.4739705228720872,normal,9.02552387635822
14.217150561459858,5.103269683382576,1.4499659438348276,1.7432322961756948,0.25575783767692617,4.628695489622927,normal,8.321279782580804
25.450679045782667,33.98863305158928,7.499088875144513,7.924122896926877,1.8170567114114786,39.221135688444086,flood,-8.344769934103867
25.648671701332958,9.788151871088724,11.699034145439395,-1.5230085794575232,1.739464499207532,22.40259074719069,blockage,16.213252279645733
34.101949310597156,5.395885947447575,13.148722833140669,1.5533689902761914,2.695356599896672,13.187502469313399,blockage,28.893586769955185
26.73961016740402,26.36000365037754,9.437322460806374,6.063559783883426,1.7403596639575636,42.48596274221789,flood,0.8028438631264062
31.966803559332423,4.921718811108082,12.31308149932542,-0.28236902759165583,2.6096646809911612,7.657904426402797,blockage,26.66966277315332
26.76567685505368,1.9225115090513418,10.677531729878739,1.244002632381379,-0.4150381821957086,27.43336576170651,blockage,23.610205902563457
33.93502893853969,5.121884794123967,14.050930341107975,-0.24867804586541153,2.3799434122111323,20.379727767597025,blockage,28.57323571091839
26.440638250803794,3.512165091685632,18.528421463792967,-0.6552288045249898,2.0342650495579866,7.250986385577115,blockage,21.969431358579264
13.983864519069602,5.827281627747107,1.4280211540481131,-0.3479934906252698,0.11006540186426565,3.673166826843095,normal,7.7577506527744085
17.98192227064321,25.635522761187552,5.140233297206125,9.066262539177295,1.7017241497592088,22.871987200207826,flood,-8.604724678151356
14.299820943501194,1.7639498489506589,2.5777869209607145,0.8340797899940428,1.3362556645240558,5.212532554767803,normal,11.60267950909446
22.9034130850078,17.214752240811947,5.847017250813526,7.669584766738456,0.6252111926220681,54.64957037213235,flood,5.976425111918633
1.2060690601976114,13.318413999594448,1.0139891359841193,0.5437114316227364,0.4123984075235426,3.248938753062905,normal,-12.188479301897507
23.283878709834962,5.866775583504423,17.176097970558704,0.8874917867767615,-0.36070991923768303,23.355262223024436,blockage,18.22633669704788
20.825775592614377,2.8443311699007947,9.239399928521683,0.2358578854461505,1.0558022506964482,21.564172548586875,blockage,17.914312747457057
8.683757833029697,10.807876314107805,2.411155364894131,0.4475867476376932,0.7495383074109171,2.3732625824051485,normal,-2.65103145674426
3.627166762066108,7.4665537621047875,0.3197311877043754,-0.3702961817014421,0.18816527834776084,1.98350735120689,normal,-3.082482833586124
9.03263815439764,6.059802522994081,2.0540807974332704,0.7993854637884618,2.7983515455063257,2.623199167885747,normal,1.7846274358706902
29.4157769862369,22.243949083602118,4.343893030504537,6.100120880715679,0.003634916672160328,44.00864102988766,flood,7.593038280522601
16.841520306008846,29.821664692772135,6.725438798399502,6.851861306215609,-0.5044810398020934,22.08139715905499,flood,-11.862594097392783
27.05396516043435,17.21389162464526,10.174994744243865,3.339551338537481,-0.023309654906846076,58.71465067561552,flood,11.364106577280571
20.607617734003707,27.47151636535664,9.631825347709588,8.399616755807132,1.4150596343325437,51.09240082200961,flood,-5.788630125808896
29.251515694153962,32.33042462802268,7.842669798067468,7.257338747251461,2.247445189551524,55.885473492503785,flood,-3.4109016428582595
4.834715375184246,5.109647789940699,1.2440982470309876,-0.31856057419572537,0.9552261974457532,4.535076944146997,normal,-0.8729634698197646
22.464768430181923,4.045689436659291,8.764024409473894,-0.07184590205220981,1.5075792152498182,9.170150524741352,blockage,17.39647858527515
26.05706375490885,32.4190362659873,13.548827592539226,12.179532745425966,1.931699302086566,37.38023937884592,flood,-8.921264231133744
2.5095104207167878,13.077211672147454,1.7143433730097601,2.2834823004058094,0.7280575532969185,3.8276929395137897,normal,-11.452426564420067
13.855971533483617,11.313080816591599,1.764778464133642,0.4017471917960699,0.406413136175901,1.4203202833115292,normal,2.936897691885078
30.087722607428983,24.730624261239086,4.211872933140693,5.221953877111205,-0.334422868811948,34.29523487628361,flood,4.995411498727125
4.31172585089478,10.475724435704668,0.33974048928133616,1.2015397422917826,-0.6553236772299431,3.383645200237231,normal,-5.75025377371299
24.210005361640995,32.26545879644252,12.317918473497949,12.545258391496231,2.2076988460517515,65.71554996125373,flood,-6.2574714564545
8.774246064995898,6.077162298689632,1.2905077648784609,1.0444619704769347,0.11543631003042686,-0.5007728605737828,normal,2.8553455251047657
26.190040498249758,6.021906940237392,15.246019160529547,0.6217025964205045,3.7853391932514464,5.434628080031363,blockage,18.976848584692082
31.596563861997993,2.415330993918172,18.478394967496357,0.5900388259926332,0.10939804806869934,29.68203510185556,blockage,29.10656180386414
29.73332385551952,28.090342601620588,10.285296236054338,6.929849441275381,2.344901117448868,35.210992420325084,flood,0.712726389155853
33.52667461758288,3.985180382776943,13.05842736180577,0.7789380250583486,1.6652437245562357,18.933327428561633,blockage,29.482528922833097
14.442711031091028,3.570799368391905,0.39693587559964794,1.6152501711121228,0.3346506511513052,4.391481837846218,normal,10.255395385279726
11.359888005743166,7.1705985068750495,0.39533003994318194,-0.6796004663017352,0.39143875758588476,1.0780764711610498,normal,5.391789424235105
7.71946302344196,13.086692206392653,0.7754398996877294,-0.6131069610297284,2.483303461278979,-0.45241220506424107,normal,-5.6139066031430565
32.87061295816898,33.139304220032535,14.139246743143952,9.615216675537077,0.891237917734239,59.777330158645405,flood,-1.1411669786331204
29.76600317220244,6.698331996033606,11.830115373580284,0.06364062837440754,1.6096630846679174,14.80626500104061,blockage,23.19592493564984
32.34636170091662,31.608121023116148,11.059032423258449,5.122488438791447,0.9572204639928923,77.50760097132498,flood,0.21594024740951656
32.44555205290544,31.516670323195893,10.256718818632358,5.960057750538849,1.017123571651497,78.45183944603905,flood,0.20832534776798303
7.402537249087119,3.1419374824646438,1.078912037463242,1.4223993756753295,-0.21617592699936625,2.5043441887364466,normal,4.528318065190768
8.21458796721424,1.2116899012549809,0.2771328472299788,2.022408462022749,0.1495839303763849,0.25581791837825146,normal,7.353617173066481
3.159656346915431,2.2276339075967053,1.8462769123899077,0.43865798383920196,-0.4087728346910581,4.828442549155214,normal,1.8512644429677274
3.254026382987134,4.11143990868241,0.8526321306654226,1.067540931565738,-0.7562738778787487,3.533774668355372,normal,-0.3615682410406148
25.807809973079163,5.593768147518202,14.80278995473376,-0.13390497484472003,1.4145496687417702,23.270640590495347,blockage,20.4220157817785
4.53076073278904,8.775154208784512,-0.9222000720634136,0.8088887397719544,0.7038303882194451,0.6043126589422678,normal,-3.7103046921463
21.504455568063527,8.397126524702829,10.108899054750319,1.4159571402727051,2.241750346633015,16.14259742315405,blockage,13.041348197592127
4.561010824613002,13.326411532913646,-0.06326577380666376,-0.07795638117218484,-0.20749132890883457,4.8493578179451715,normal,-8.39883805593726
10.493476581427311,8.117569650218146,1.6846758659626944,2.198920945528681,1.210119617255062,5.231404371678617,normal,1.7884230970516193
6.129412454995376,13.584550300123059,0.9203726765010134,0.39959752770870627,0.19741137067143472,4.816004516720463,normal,-7.492054850133882
3.1676930178277574,4.344520267255088,-0.3772477033452618,0.9329068888697682,0.8982523552624344,1.2163745452158548,normal,-1.0609970734369778
33.722353044172976,34.54527844701259,6.945008253260813,5.18020905080874,2.112174473381175,30.701181813541954,flood,-0.9218205506778531
13.678577425992923,6.990535967375308,0.4415319232240307,2.2529529473613916,0.6387229437851744,1.8776632319916347,normal,6.492000852871618
8.118153488899885,3.1017394633466853,1.9515078993002641,0.7007885448562559,0.543679940804053,2.5139847211159854,normal,4.962734601540725
26.888800670792694,8.680005611661935,13.560363300039302,-0.7301696085554421,2.2052862217372944,23.844621162840237,blockage,18.117369099124765
15.515728691754257,8.452810562992914,1.8429597021297122,0.6307998523855839,-0.11119705471844549,3.9423994824898094,normal,7.1441468728151625
14.820272201076014,5.4534735118879,1.2713922341813833,1.143960862233992,0.4711029527237942,5.545497234935144,normal,10.15139217925178
8.532698407637064,3.014016929785046,0.39564535344708096,1.6496510744500157,0.2529112033335319,2.8094513474847207,normal,5.181089629862875
10.331742032258639,10.091817865535617,0.9428867471660316,1.8650102248374787,0.050475980694739485,-0.18304003146407088,normal,1.4913588628333334
30.841237920149673,34.011081073251084,13.19851858590875,5.503676441298811,2.1276134869941954,42.98991281582698,flood,-4.4745662077081345
32.29187792945808,1.0340756798761066,9.67043190031904,-0.16788492983689696,-0.36380773257924237,21.16196958500062,blockage,30.434527908046363
11.865513572086385,7.620282350599484,2.631772440524114,1.3132102521073552,0.12984856904512987,1.1248381566524217,normal,4.812836977320388
7.371593971605108,6.630705820157415,1.1988332154321157,-0.04914360830358666,0.34349981449422645,0.8246502265828516,normal,1.5875159795058
28.38322397005538,7.76924604177545,17.1404153285269,-0.3022545492336649,3.566409991347127,28.06980589209296,blockage,20.639188056949916
5.027315572104681,4.463874761962993,0.9675006044985194,0.892072685861965,-0.4440476365296219,0.8021958391378491,normal,0.8536149744438624
2.9312811104955823,13.775783042007724,1.0653061962338257,1.0912948730642538,-0.4064389229206899,0.6853865220299662,normal,-10.939599953187068
10.723720297458883,11.031988895150674,-0.1586883232661846,-0.0965723222828101,-0.03103979419317698,4.270318314803515,normal,-0.8562086050025686
4.8428994676859,7.880025328874772,0.9726698643148287,1.2440249947650632,-0.4472284840123602,1.8017503007244176,normal,-3.8685455853553368
8.812613671837049,12.896877425704728,2.26441330849342,1.9484094598449766,-0.04123407701624459,4.931407675802374,normal,-5.108976304919441
4.344478673952389,12.84587014484923,1.9389085767614376,0.509462257687373,-0.17524965247758378,1.5709730061923497,normal,-7.091160272447274
23.42900941366615,5.750102937632477,19.978420036977194,1.2369339139463642,2.5630334014290845,12.72034945564914,blockage,17.140302976555382
20.73691987580557,6.947467727884469,9.671097845252078,-0.4960126372461003,2.353059509529448,20.437779511380278,blockage,13.052438042062757
24.646665657542208,7.207281703461948,14.640989433514903,-0.5724096907963918,0.7909002479772206,23.97205832399943,blockage,16.43918077958213
6.4801731673147795,10.181709552325977,1.4539059882721197,1.5092434462528006,0.5612174588888563,4.5410156997126405,normal,-3.0846144882549997
1.933034617760358,10.957282490653732,0.1495780478133771,1.466165081280406,-0.09758769913262073,2.994552007079127,normal,-8.673219151727192
5.797966072325114,4.785013584655104,1.6690393636793446,1.158955315729629,1.8597620570652813,0.878896946772385,normal,1.2500230944358461
26.861407387024137,25.675977416416394,13.975513241149894,6.922561895023422,1.1160404019442045,65.08883675732957,flood,1.0497091618008205
32.95859598151889,29.085219000297844,10.463555427404922,4.634833316722499,3.5918934215061484,55.265128940115886,flood,2.4314711051722524
32.390064787915634,25.776693360620246,14.188688423022707,5.583826643006875,2.2334908311204376,41.4799185039058,flood,7.623116337240209
34.19671082054638,29.01415019468173,10.947040324521904,3.966364708015176,4.134157865427065,49.02785116977129,flood,5.620692399452781
5.828519496517532,1.6068893721253166,-0.2370703763392794,0.016443676554668857,1.17836222538413,0.8958955576263798,normal,3.499203026624317
27.81137986697,5.119645532090796,10.791053381533438,-0.9305707947889184,-0.5827527251694922,27.700142352493664,blockage,21.958631417572644
26.979911711303995,8.01092460466762,11.962312629466814,0.40990188815069795,0.8792622777933046,9.294795459383858,blockage,19.410819307856148
11.520334213582792,12.253670418889563,1.2931455485534586,0.03165778865399144,0.1413107951876658,2.6535069351775484,normal,-1.654804429154242
10.59164885195085,7.816583338612199,0.7943218280904581,0.6413170886748711,-0.09937499664559431,1.9991244440024878,normal,4.204183023050542
6.770375977665627,6.969308296872217,2.2931594313074495,1.3739665259559772,0.08907860071915732,1.5880580713482195,normal,-0.5667516361723832
4.479360899880461,11.470097645574738,0.0642614248066812,2.046290035789823,0.30797050214076904,2.4369707443416155,normal,-6.892448845920616
2.390384293586771,9.754656110950576,1.6519263082148097,0.222789165374348,-0.8741503422425424,3.9248708817135403,normal,-8.236325864284755
3.849126361904321,3.9281881641985623,0.45730375675548396,-1.0158902871430944,0.15763571407990343,2.390909951008347,normal,-0.9759368957563531
33.36088560550861,33.169513766454884,5.800801558724553,4.843376936362735,2.7664281456220823,35.81426056621836,flood,1.2472199359829945
8.122237341642915,10.236747283102485,1.0656410888485544,2.314580678432532,-0.04998544042883248,3.9879014211441697,normal,-1.1999000753833444
26.43807028112519,30.111830619596923,13.69707611697248,8.109521244674518,1.7806204447296672,57.8019436642317,flood,-3.564269719731535
24.793862701402105,29.944697703278823,11.59454851554667,7.541383466496813,0.968004702468797,27.31179751919078,flood,-4.584652498852498
28.748563445373403,25.117363896286385,12.409029572635998,7.846512315334124,0.1749926088809547,72.23265141107976,flood,3.910448096014607
29.040983773162967,8.863905546779863,6.8770468005095555,-0.9209540226708115,1.0812610677155619,4.015455420444729,blockage,20.229296320354695
18.61298572566228,21.521992750175922,4.893009792073874,2.9018263823983457,-0.5143853767635711,23.640838980204915,flood,-1.3817360461595922
29.473391688250693,26.68145214473139,15.140973381128623,7.098391824263934,0.9402261447283501,62.71408119384825,flood,3.6106650345872224
10.213361941283438,2.6675173389819777,0.7653999812253092,1.835971316122345,0.36731589647503493,1.3937855012080338,normal,7.60488047028064
5.839655816024143,2.1657013940126566,0.7864069093298731,2.128997523640673,0.31797743341023393,5.003203479745944,normal,4.069135029585012
4.076334847436657,13.219021884079956,0.5282089510555361,1.1692133406331497,0.606104073869199,4.666783926720345,normal,-7.666052673467759
15.254242481181574,5.171789565663673,1.7116394180422543,1.6124694436216098,0.281592226983876,1.9511743586595927,normal,11.209200733785872
19.320210333823724,24.090796188759555,10.449201012437799,5.940972109403049,0.9897833853099088,22.82709310241289,flood,-4.980643844571917
23.941687452597872,3.078771929665625,17.43534766810199,0.6458802429565571,-0.7041692680006165,22.323023012479926,blockage,19.924929851384988
27.10613056061432,30.499217043858735,14.68564980874915,5.185876194904746,3.23200786240414,53.02091708438883,flood,-3.7430293720141563
21.385161463500214,17.013851249129587,4.867487118965279,3.792679369813047,1.1439176741986972,25.930317089243346,flood,4.192510022905152
18.165122467773713,22.802879500691297,7.277646034929257,6.747144842655995,0.5163871326491802,25.964294668570307,flood,-4.730194636573944
12.57924582252128,12.004618798101683,1.3009126012589842,0.45771995131599214,0.3621318694404771,4.280118911800679,normal,1.4049163598798904
32.058343520700724,8.382692139767832,16.04342868450739,-1.0544007883068613,0.6502356207640492,14.829567780282291,blockage,22.533432509811096
13.327509369724837,4.422577469696024,1.4465715043765628,-0.3597911337545454,1.0086531718345664,4.633490610664282,normal,9.55891021239225
15.136131433789444,7.3951870974190355,1.3247420257388294,1.329035727756644,0.16662280867409163,4.187763700246672,normal,6.887329189293002
13.772484623268047,14.549864551230218,0.8283899678526829,1.8952108081847492,1.1545158521451007,4.567248576099317,normal,0.055656194768091805
7.1153433383846725,3.7533317714179835,2.5538826810809883,0.8488540661421616,0.5305453122056693,1.9317556690329243,normal,3.6611179143334636
29.84446053311995,33.833703107935456,10.669309581897242,5.694436189026299,0.8665524643309219,56.968730463502666,flood,-3.3627725976369414
11.025476120389117,6.649996735390953,1.357999685195602,2.818037011954427,0.14152263687940092,3.8617737724388324,normal,5.928296423581995
4.32477113750396,5.370680055172951,0.7220494511266153,1.4314066947857746,0.5812774539011296,1.4762574003123765,normal,-0.3663610892514866
31.001671632969664,5.670024118806231,6.871264492779048,0.6960860529021513,2.687383920953636,10.598764076340968,blockage,25.420133695707566
9.315926918587872,14.194573085402295,1.109322051967604,1.9536650401374072,0.2578418645608677,4.708482306010537,normal,-4.004150965187073
13.030669917472077,13.707109361931115,0.07812972173433574,2.00741079511562,1.721763510888378,0.8062618458680262,normal,-2.0698497758313463
22.012573556001545,29.560319768732697,6.067652817322818,10.457865999821461,1.7556357212006315,29.781939534143493,flood,-6.683726103151953
14.03589464102559,8.01424037639332,1.6607942013678616,0.6278572547394611,0.9712304823600584,4.641258926380113,normal,5.999287645219502
13.8841691261186,2.7617313833023025,2.237457256969277,1.3652926691799727,-0.6507053086187111,5.23860824871673,normal,10.471325405508535
27.471373312655622,24.761568710635924,11.328365439548447,9.819465487791042,0.14345028825440387,32.66998160769066,flood,2.093266530774037
12.28020766240919,9.526778723084334,-0.32551843503376543,1.4366365042138733,2.339102318594713,1.9655951841103287,normal,2.2083409226810486
24.031671714231376,17.496140805466457,7.691693984253956,8.896000162375028,0.18313706688950332,45.76848224471287,flood,6.394284948306948
20.647044277581355,24.821273366810534,12.259930809725718,4.306537679390331,1.8728215085297935,26.165876163856318,flood,-4.923573020289965
5.6331163755551135,10.078259044079095,0.31789381950289575,-0.1865958066329919,0.5283645127893505,1.4870388030332067,normal,-5.298836782042903
13.818640442739708,6.5632477384143835,1.3810263410084465,1.7054592975075202,-0.21168602143369286,2.042112576687705,normal,8.420907387229557
12.910948825623125,5.887540683162371,1.51682173981408,0.24265931426415738,0.49267535489955355,1.552535436807742,normal,7.0312261156995595
25.8812808806289,27.815578172688497,14.218925311323495,12.317707024276537,3.3335657393464286,69.4435698448616,flood,-2.425768515996044
24.30597232713085,6.366763629495863,7.304181105417884,-0.489621930433195,-0.4296846775250949,11.96788637361777,blockage,19.447981437963406
30.456583466098927,27.185194083605076,8.47539476035092,11.222636184946115,2.090133235736313,55.52698385987916,flood,3.2790323269090496
12.192734005894291,12.577837620116668,2.414101625797382,-0.1183345017474875,0.5088387930491624,1.8154594039355596,normal,0.46451094032679424
18.57343347298522,23.341716852219367,11.955631770161295,9.872279813987449,0.5391077640657104,47.12656454805377,flood,-6.429757336475314
13.234369052274866,5.165147294512604,1.6387572161115993,1.4315177950148832,0.6075809802663126,3.9598364999863285,normal,7.442230290611211
7.132839348799869,2.0559281566822167,0.2211889836297461,0.17949879915030365,1.303804689941248,3.579437482547003,normal,5.156682664547028
2.1465313883347332,11.414732280115928,1.4287651588011252,0.06692085339088849,1.7738144197166834,3.7279681296627403,normal,-8.84715834580629
4.216439513068815,3.6711359082930644,1.722166683197862,2.615186976116988,0.4812503912611783,0.22312440644124235,normal,0.7496555182208666
32.55998928906486,30.11346088159007,13.799963139184591,6.056653159738996,1.2553249992526099,79.45915334373204,flood,2.767706670660543
2.5717865432071623,13.000914032984783,0.1515650767087191,0.2549583394011026,0.294734079339771,2.550598126993247,normal,-11.452347289183464
25.18624424206277,3.356959689207841,6.170616870728537,-0.8498785354151563,0.4202286530424263,23.88253991280714,blockage,21.40387924547355
25.67679456268787,28.60322108046282,14.829864940595646,3.8747076446566915,3.1586929679951528,61.70167576747201,flood,-2.133071103144024
28.95923222355662,7.519204922113962,12.130594492186404,0.5561974269025627,1.4505478440385553,29.34944467240542,blockage,20.59872239040922
13.866138208200592,8.765682082452829,2.8616673900952962,1.0746050201208435,1.396665517506729,4.7012275566124435,normal,5.642068154944792
33.52240670493097,5.631673574440541,15.067817355164843,0.27820509944568383,0.29561107276864573,9.004938189751854,blockage,26.73815509209365
34.04754777827055,26.654184646658294,8.030309141973742,8.180645501049437,0.824624909318176,66.52090820845238,flood,6.083231192891395
3.676787896999183,13.483661089741753,1.2081111034166248,1.3133732923816568,0.5255571747445488,4.135308098951859,normal,-9.419449558528786
13.62258459490977,1.0493704166303717,0.08907205064183565,0.6299341893024426,-0.24902048887423234,2.342626764050578,normal,10.915942667127947
25.746285962517728,15.977501050871572,11.075046993356704,10.012746836553909,-0.24984758498549514,42.0156566917303,flood,10.38765618596951
14.324714314759934,2.285105821917307,-0.06677467601427267,0.4756482295107519,1.5208995403668346,4.2591119116626635,normal,12.08335001342085
30.918572506686672,29.649109459311088,5.499426236174972,10.210697775978886,1.670067335531496,33.578732478110894,flood,1.5772413954351203
13.635667051200112,14.482792674908612,0.7910592519364908,1.72796668633597,-0.19304252035230365,0.0053580685129352434,normal,-1.041167889950028
34.953214948075654,32.830782007976296,12.096257436538675,10.320365470247872,2.3805948853254573,77.2880974768826,flood,1.3810114719147473
20.48035051789578,9.416548605674878,11.561493001525367,-0.1485546508874347,0.6711287795094534,17.00757236189552,blockage,11.57934115106557
6.564009367918639,15.040702561747214,1.6223991195676593,0.5448710131128572,1.9966712523570718,3.0451033429194143,normal,-7.801304902856778
32.18737593332524,30.09067074730528,5.686678990223369,9.588001733612872,3.3027927291876438,44.35603163346388,flood,2.774383336897213
32.588140735125556,7.027314310471516,14.180945743420377,0.3558787522759623,1.1844462390796655,19.026115085141004,blockage,24.731446142321534
6.377146539908924,5.317817712408326,0.2368795504335241,0.8087805239997289,0.6606325432781126,4.603111316301755,normal,1.234798329417578
6.09644675241045,14.032996333069034,1.468370091050814,0.8908350438284106,-0.42540008033134796,4.273277050832778,normal,-8.481799616654966
34.02020224973372,4.910120437109163,16.15069885137695,-0.04653628751227981,1.5452365839891657,12.181138338533907,blockage,27.24539023590953
2.9423258175058913,6.997608659692097,0.6925746250932604,2.6592117901493197,-0.6112423570292067,5.2183570616802175,normal,-4.162555026072094
4.829923614550992,6.406603765691901,1.9134936448100826,0.18515912446736404,0.3469420446955054,3.2251547090160506,normal,-0.2885811002080534
22.01127288257909,20.131045176425552,10.807164684759796,7.569549461257815,-0.10754782748259854,32.45497385397953,flood,1.161621333198761
12.364586720459673,2.7662167418252235,1.4149633719828103,0.40404289558278084,2.058452936913879,4.328024665189627,normal,10.922438808038315
26.47865326917587,5.062706945500607,15.773555713604116,0.7216282072655719,2.5625629757670416,18.202811827758484,blockage,21.871631611666583
34.283871897219655,5.082168509219911,9.00259099611961,-0.926792704479192,1.1818843349282722,9.251590286919043,blockage,29.259213446772936
32.46871822576109,0.6483954131711904,12.202910857531284,-0.9506603502415204,2.924669659472811,18.781614975071236,blockage,31.938501987013705
21.950139942300986,25.693395865931794,8.113871506393048,6.540723805355212,2.5739330556622613,42.02808610945879,flood,-2.305568097905644
32.28799505239015,26.474549438183637,10.926372499690041,3.0848117051124637,1.1870240017895843,39.87002140911788,flood,6.677881138315941
6.355768553785999,7.802923867628675,2.191184183800041,0.004738777517535209,1.2820771839379348,3.0100111272451087,normal,-1.4786823421557809
19.97276014448536,3.291934702093458,5.321931007620024,-1.7884245390633318,0.1278324326227743,21.760720712330723,blockage,16.852403592013545
2.3916770705223342,4.051133831679327,1.3055199801516046,2.169473197929465,0.6724790373734573,3.2980892935322443,normal,-2.4567808340099475
9.624133052172462,1.5058081551991815,1.449521390179947,0.6991607094836353,1.026139709121041,5.541014605605829,normal,7.410560431344999
4.2316258733929875,8.297766240321119,0.6883345009091686,1.3066467632225929,0.4446860441302065,4.074354715487094,normal,-4.152113858610664
7.768658836184922,11.512578694372607,2.1814791970846974,1.1031232316173814,-0.12477580619810807,2.182530064904651,normal,-4.3425032708122515
23.878395222625443,3.7820387190050626,10.326090158669484,-0.5500306452352044,2.0193377497494356,27.128646314402484,blockage,20.704401202664762
3.514379481344448,0.43753157352048566,1.716398018028154,1.1397987446483069,1.448156776266138,3.698088580858076,normal,2.248686449611937
6.36976651379613,5.49207645265563,0.5710222433427363,0.8205402419122374,0.09753140274431604,3.424073453707099,normal,1.253398182668776
9.22494883464788,9.728282139329927,1.3569009088608874,1.4093440108963868,0.7082575285037138,3.834199974960113,normal,-0.8654458407238953
18.84658032981133,17.672565875527077,4.895948760096226,9.474103069668292,1.6949663242136905,25.511303141104495,flood,1.7730407340324437
30.10476086043074,9.01501221241606,15.741193639973323,-0.05431602306048755,0.12969473669869172,25.723226842277562,blockage,20.645389108563208
33.70846184421797,2.2423210964680527,17.973440525553432,-0.8022625304248117,1.3609051878283107,23.909496043850144,blockage,30.67454145262328
13.473491337151238,5.588410542468724,1.4162110433326502,1.7560561361415772,2.1487901600948565,3.6856627144187635,normal,7.636053456317903
27.029739440694094,4.214572904493343,15.703750011671257,0.2811375214823147,-1.372912493512463,12.751203024087696,blockage,22.082685581844444
29.521404153270304,5.980177481595255,9.82177841564524,1.5619247916683312,-0.1621758507526366,25.521835850514496,blockage,23.028211986691947
26.672640878606554,17.05048113951206,8.893479025130533,6.759075777446533,-0.018422948856659946,32.13338721213741,flood,10.3733146717796
23.993579825650468,2.049109941698871,5.33332799428035,0.5154177932184214,0.7499135518327986,1.35804971427762,blockage,21.91736970459962
4.928952528783114,9.964108332561487,-0.3257595395818776,0.47108541384221947,-0.2501403325715244,2.075566086721667,normal,-5.591427597072972
16.038995074880056,18.493279880455336,12.018307738894185,10.369473859372283,-0.1682773725822,20.4124418216486,flood,-1.072714069843248
16.837961540516936,27.418279196818492,6.945361004613247,8.316667403377728,-0.837432181775723,52.001920632958836,flood,-11.903200058520092
13.837822686713558,9.890046339204295,2.576899213700275,0.8786618158290851,0.9595550407014957,2.7935754368866945,normal,2.737241336627667
31.465549543569924,10.516416951140132,19.238772098725022,-0.477765836229269,-0.27071928210594265,22.274410185000168,blockage,22.417071000962395
4.602383069643423,6.03466892456767,1.4880929201251767,0.6451465636301565,0.6271499262723264,-0.2789584916341603,normal,-0.31104410927544335
25.33777783760917,31.831646711095896,8.97052600550108,3.539263094748854,3.060723171072549,45.50103515287396,flood,-6.127193614010183
29.436171247266692,7.198924514650233,9.608476384673551,1.0602921601307114,1.7708132576238793,29.58123392715774,blockage,23.239313556977304
2.1598965636286147,2.28588487182807,-0.9037777019397012,0.8841332661408488,0.6694232143793171,5.596868243024424,normal,1.4081361396670813
9.853958391946223,4.477382774673012,0.448460486585729,0.3429365676927947,-0.49148643471656994,1.9704752871553737,normal,5.71862360595853
29.356287881139256,8.405195682866337,18.761247074177486,-1.0309741947967646,2.269531434689847,7.407050528152396,blockage,21.402196047159386
31.25192227297295,27.301023255349747,7.483071626881067,11.459597650094699,0.6692935553970956,35.7231622679193,flood,3.557690726996117
21.68746744832472,6.594442716877014,9.384616746095293,0.19175840583321793,1.3442861338991918,24.8651217526378,blockage,15.17369641475562
5.270707494196759,14.36433469388625,0.9289343228328223,0.8511204415521891,-0.07834827553996174,3.1390167266060844,normal,-7.053683420026039
11.193186580657443,12.35267131292746,0.5698833975740543,2.2064752953291373,0.4157173979419616,3.734327418969631,normal,-0.6390011401046238
32.014745615914926,26.611495913547625,10.702268978086744,5.030299798423885,1.0534427909599748,59.983483777231456,flood,4.48641206007172
29.414780065559714,27.203126045970542,7.28968762587339,6.23938550427939,1.1380479348277381,58.28805095997555,flood,1.7009550177586499
9.713169956188501,9.531145474988637,2.2597196822606493,0.24485451525013902,0.42997022306677096,2.2842459259815158,normal,-1.85621641753223
26.575134836345313,5.18100619839613,12.372911555847868,1.3005254631518648,2.3869764342178046,29.66691166590361,blockage,20.65572268970053
3.9473578928471493,7.713375463012358,0.17292401333054075,1.3882229463596165,-0.10668684108615158,2.676550481978979,normal,-3.255127446296087
22.798413545990456,21.030579198078946,9.889902412587766,5.770559533622906,-0.263147171139734,54.038036661655866,flood,1.2449740509796472
22.33849552994227,6.684653013394351,7.25886886211093,-0.5074751315311609,2.5339752206786694,0.7740643888201478,blockage,15.813329437744818
1.5327575109137468,9.359274713175914,-0.4676787444384479,0.4471046493375478,1.0694365876116065,2.5544666368292464,normal,-8.095771724017307
18.489644077765814,15.581603145864914,4.962048906653532,7.851658833591968,0.8719900080995552,46.38465721360871,flood,2.1168024867155224
23.639729983720116,6.59262174158455,18.19458765430358,-0.3253366441262508,0.4652944932790137,6.366848343426434,blockage,16.76307577895954
31.186015810972428,7.457742867196986,6.116314546969259,0.8568139069454557,0.3612874463338027,13.609114161682001,blockage,23.258573886704088
23.85979953596951,26.005892612182002,9.793958651148538,4.395780840728665,0.33725210955420326,28.60976390512846,flood,-1.2532868270579662
19.66225552705688,29.33867553532034,11.897356970150081,10.536915548869429,2.477580267007757,50.70995365017783,flood,-8.325353054777851
3.2105867239279773,4.534157998448933,1.0280626542480618,1.0721881766028192,1.3540949183613984,5.140490534550363,normal,-1.373073728950447
24.98347019025459,27.685762256461956,9.505309214569893,11.445735011109736,2.899197342303796,54.83077170533415,flood,-3.303662786681077
9.795470086002714,11.141989243762804,1.4682853916478786,0.43389559901038816,0.4157935235757797,3.634615312287619,normal,-1.0656312880195453
32.22423140176715,4.778086244545758,15.295260980966678,0.16040796848451094,1.481185312247992,19.109321169267442,blockage,26.092955441728147
14.462223994188417,8.010062331857755,1.7871731024220643,2.1917603964902197,-0.016776217144861685,3.547009696627573,normal,6.483170421897318
5.892844359086043,13.854939599368663,0.3237903282397866,1.702360973634302,-0.3972006043199394,4.655549969881136,normal,-7.482402124465285
24.5303526410187,8.641469804401217,6.545304534374006,1.7873317921994432,3.715304217593041,23.0545141947891,blockage,16.818060958973902
25.504737798266245,30.41798502659992,10.277764550442518,10.127160615417594,0.23286164213565708,35.16425940671226,flood,-5.146120420249862
21.10915541981194,3.003590181911705,17.582208047459662,1.4133965025850537,2.1534863683539354,19.598530225650023,blockage,17.905743579686312
6.085435091568377,10.689825165106436,1.4407422368294527,1.0121878281408576,0.8483105304545805,0.7666773758057985,normal,-4.128373867777059
30.269163502223353,2.5545170762996077,5.213197329663953,-1.4494959459466106,0.25255819486961983,3.38603848079487,blockage,27.897962148177196
10.149336351134119,10.467789249170036,1.405127027221867,2.247282352687192,1.6644425162170058,1.679211654742439,normal,-0.18703532322644212
13.180407589492045,12.400448661888728,0.6907140770793383,0.10387004527438859,0.8387915061586702,3.7936692939572025,normal,0.18884357196770363
13.624376740826065,8.626133411529391,0.34319249399953905,0.16497769316868482,0.7522579313921892,2.236602358221919,normal,5.041393029754864
20.044398717299934,3.8125831529661145,10.689574413498292,1.297428475694459,-0.10172604096033547,17.299751309773765,blockage,15.921562646344041
5.341648740455499,10.738003773259006,0.8520348326556091,1.590490446745747,0.3777990977790054,3.2645048844823874,normal,-6.542578681748722
30.622546729328004,2.0982598445943466,7.403639452479265,1.1842645630630282,0.6606759113319356,15.05567767169397,blockage,27.957836654054606
1.433989372958609,7.26596573238043,1.6607023126726963,1.2627897015468688,-1.3074164006109104,1.8788470283584247,normal,-5.632700960209638
21.734568443764875,6.980788715049732,16.612108954082714,0.33443215351431355,-0.45661638061584475,0.5955355412494361,blockage,14.959206057190373
25.85307883608444,28.245343591712913,14.159236554674761,9.463362837694783,3.04771452775073,35.801344097723444,flood,-3.8555928041885226
5.504248782144146,4.4018087112978765,1.7235688568042633,1.542960345574779,-0.41669509444136543,4.156385460218102,normal,0.5340811043342342
6.1074198564947935,9.96656951425706,1.9871742588389534,-0.5202366057103568,2.2348260395563524,3.3373992018110075,normal,-3.550643698907406
7.117904294361583,14.246954529622904,2.531019509383352,0.6126984984726592,0.5918760252505402,1.4783116055283458,normal,-7.578074942527054
8.45651894381229,11.00671656031366,0.49809353028557596,0.4734961033094931,1.4749422697662267,2.884805830709487,normal,-3.4951069073122856
32.47895804359533,2.260621225164762,13.747245108598946,-0.5339055351461304,1.111887952499747,0.42832634545603215,blockage,31.096220172763008
29.737512818352076,31.63659680424469,10.690386399625716,6.0911201837897515,2.937624000645768,33.00789292264661,flood,-2.614191651296021
32.331895172033406,7.327171393356272,6.611083578133282,-0.8465141180673158,0.5606509945736816,19.453015670227835,blockage,25.03685347191414
10.347264601574324,3.7983813933465123,1.317123786039933,0.5972321636622149,-0.8529578451263027,3.164594458044218,normal,6.4959335132090565
6.352144920280444,12.657172835433862,0.9989926551698345,0.5533214029202189,-0.10169032476561198,3.4510449048792156,normal,-5.629740426959201
26.107831156120092,32.55426327148408,8.36799499636004,5.593998708628649,3.418653296720606,53.051155448720785,flood,-6.542271553344795
3.089312255295395,13.28714479207581,0.5633160377985795,0.26973512453745047,-0.5854748705797085,3.336087870927803,normal,-9.37107507569374
20.242760926864943,24.63722611506376,12.11369839794253,4.167776512515422,-0.030257266032839205,25.91252596083364,flood,-3.7870979127019457
1.4359333507976342,11.929462798651526,0.7904639249717816,0.13715279958694138,0.24065004785659624,0.928499061905012,normal,-10.363561946935691
26.504386025972508,7.225224539758736,9.84089577531665,0.8260504669775272,-0.3703139889491485,20.22107537974596,blockage,19.341921813725442
24.302102963621444,17.539018669479002,9.601075354820749,5.348805167887896,-0.3902935790519325,26.97101019139847,flood,7.4250765423335725
27.17251785815857,30.036690825445813,14.600119467951815,3.9345425297714387,0.3860496353079438,52.85746131864389,flood,-2.44235108549554
31.705480046416834,6.452135576999945,12.482838877762898,-1.1285251072038378,1.4315359238981265,15.814152502651254,blockage,25.726512151633976
6.174697887031906,13.322462028753993,0.25901637255474397,-0.05269189515456149,0.9946751239607275,1.5860676837710883,normal,-7.544855496266971
7.867007630816439,10.168223340258583,0.6801442403170903,2.0694834977774876,-0.3121897218175508,2.0281422831812583,normal,-2.4945997172107464
3.5580185600439234,9.723609472901723,-0.8058625509523876,1.3013736347479214,0.03438587349484595,3.86036132581819,normal,-6.2971089301918965
6.2343431597267145,14.78339862554589,1.5155826945449127,1.877666114064389,0.5643670104716749,2.533650414606611,normal,-7.957069103988391
12.370824679272998,9.479348212744107,1.0798135431098261,0.13259880220977538,1.1685799787156284,0.21250214804448236,normal,2.522354413088532
1.213040614622783,2.478641879990224,1.5411785465987085,-0.3918421219055459,1.5646046964260028,0.2729730746810591,normal,-0.27572921721174354
10.978218581699199,9.657600490230289,0.5258019145244093,1.3942087006716217,0.20366791519228944,2.205646065212555,normal,0.6356298809128217
0.9390559647422978,14.830771636026288,0.6329069761142178,0.42660165716482723,0.6893577264330503,2.0943090976272094,normal,-12.765764646398042
30.59167919491525,26.983041620354296,11.885494448581026,5.8403019383637025,1.5629423886449754,47.28486744264742,flood,3.1720607059454307
19.14453313495874,19.802368192162536,6.098716152652491,9.077302264430742,-0.40609507782117527,53.53368564325983,flood,0.32149684586245675
26.095674110015548,22.59033449325457,3.7036697420070195,7.9120732203067945,1.1926869846407369,36.496285888284845,flood,4.162399907799891
11.51985310538192,4.676981121683367,1.1846530527786248,2.704330052993891,0.08021351679040387,1.1504093685689143,normal,6.746893934367699
9.913374820639136,7.344570210313467,0.9466824894242758,0.6786975421895396,0.1819658664207414,3.636089947922246,normal,2.537488753070494
23.22937892227396,17.85916585504345,10.129270065875973,9.814326941735114,1.6233278706399623,48.167208992143955,flood,4.42097076064071
27.914087456253544,28.342558082499387,10.28695327403943,5.812322317180136,0.5052527324927786,39.43088233391839,flood,-2.26692814052641
10.33269848042399,11.920741911190934,2.3913367930491645,1.3059310934318176,0.14171744195607322,3.6085492366157497,normal,-1.172602113012344
26.85164905980139,27.58451920654247,7.863427729922194,3.5198167959121234,0.9348149877463617,66.88509457483137,flood,-0.21607478884599804
24.97703237044367,5.598261674103189,7.56860302732628,0.16970373548466794,0.428474912439993,8.7142951354202,blockage,18.220868675049577
26.862719682985375,26.792626169410767,5.730977071629061,3.4899503629992337,1.356043345411614,40.50723578380876,flood,0.35839724863867983
30.52193407672475,34.32375930068542,12.519666694058385,8.658194577927292,2.51382245685349,66.2950705010231,flood,-3.0219593131980425
34.47761649782187,4.03292401255167,13.346931499979108,0.6578867026114541,2.5180986489271193,27.250868975460854,blockage,32.390005919444256
33.74230604420648,30.539749902666276,14.27183895827725,7.302363008736919,2.920459690101613,41.04076571149308,flood,3.6002336627359917
7.288132758615079,8.61742345346659,0.9721253339575375,1.4572834596164936,1.2046053748752141,4.014783521773943,normal,-1.5298541395629854
24.028934035249865,19.96323935818315,8.932963831975718,7.603014130923801,0.18823694308000982,49.52771338941762,flood,4.809743524936047
12.29164730723242,8.669998291586818,-0.2749704359348326,1.8423550525904144,-0.02260489854417047,0.8251830818759734,normal,3.974984452507977
27.726014827071637,30.449125070278203,11.123579823991347,5.651450847292732,1.8152997610924417,40.24582373788648,flood,-2.765870188149288
18.56777037455686,29.438565929923623,7.877072068101589,3.8850966893617023,0.8293558132506772,60.81034114650468,flood,-11.378643880998561
5.30589615091491,5.552240803499378,1.1422284563446197,0.7788163525196351,-0.27321984817092,1.3245511251240285,normal,-1.1695142865271744
35.363420392478524,2.46566927549184,13.423001389493429,-0.3534687343224858,0.47727251664642134,29.146262246126085,blockage,32.9327378267407
31.945491007752572,1.7022003552575147,10.45553352626818,1.6014768929364556,3.365948533755395,25.460394548557595,blockage,29.27089384109438
8.557360570089731,14.025088145447492,1.8982620711537308,1.1386411807390355,1.1669175044714708,4.922056602598188,normal,-5.785122288602733
27.432145505237123,17.684728197871685,10.09456703792623,8.919083662833938,-0.05091901193009405,36.239128223642915,flood,11.147783600997636
24.557851530949986,2.521964168011578,18.20929648583967,0.3597513933813165,2.56505941432337,24.66156309721743,blockage,22.48936689203843
9.9406198116752,7.08966459089683,1.537568915851926,1.90677951559699,0.3661980627775424,2.731011750255088,normal,2.23789029405878
3.7731861130476587,13.09943717110884,0.7088742608159136,0.432563220422868,0.3766571953413649,3.3673337075581244,normal,-9.94829298388061
14.839590288421675,2.127215360271749,0.8833890141343907,1.033732857177249,0.20025791565267742,0.7552736147765594,normal,12.018107669949465
20.952603996714924,8.744521324783346,17.87293107860176,-0.4767497188600573,3.357316377014414,21.068774542356103,blockage,11.4594792473961
3.359099484155479,14.594767806931838,-0.6335880043221269,0.9835126961032636,-1.1175075601959827,3.5894993499037877,normal,-9.601817986345948
20.0250212539284,25.57909625410655,4.5453955339681915,5.891295309827641,0.7485956394576965,20.460556785331264,flood,-5.075544511118062
0.9334959639444635,7.040045300089145,2.5511362032422245,1.4679994056043784,0.20735653085989525,4.02516832359077,normal,-6.140665689832861
16.927881555656022,24.904926997876498,7.016263716011619,4.371460199908757,1.3383780746966296,55.015612074355566,flood,-8.627179861976238
4.983222779712913,13.758923721624791,0.8644808787912799,2.291487056554417,-0.5024636595339419,1.7737989666002894,normal,-6.554680436190947
1.3209447453696932,5.066602710115399,2.0750579266630447,1.1784678695450648,0.14974745973092174,2.592564596644668,normal,-3.9847784105119395
24.962229056329925,9.522125862136482,12.961752974320484,0.6015044571970692,2.163665965625737,26.724763850251428,blockage,15.724675240229118
19.18023115042419,29.179392052012254,2.837690890527409,6.077328364045646,0.332586058409909,23.55508256154966,flood,-8.801844101725413
23.984221425153827,21.462665429141428,11.776108440363105,7.9105784684673575,1.0997583040918182,44.91031174632474,flood,3.117231356056153
31.547302254966056,5.664322249740843,17.98432213635,-1.277367486070796,1.169429934330964,24.41910779556673,blockage,25.25101224061733
11.571118410150152,1.0850353756013167,2.1892823383420956,0.5836329082431492,-0.3756428414616186,5.462405249790343,normal,10.69840943786196
27.498500622991006,27.267858818559116,6.65850444799338,6.737150937551271,0.8922720170571398,45.69121629342482,flood,1.411035904752144
14.02152236200158,8.241788585611047,1.6422282518801612,1.5851102843686613,-1.0440704016340312,3.2701390366669005,normal,4.735289881522414
10.095954348018296,6.0112367919015925,0.32223972671364165,0.7752776195128726,0.5802887038144833,3.7708497579825666,normal,2.8360085305296905
3.1767913919915927,3.969415191185725,1.3576177996186745,0.9875412982436058,1.0427993371389122,1.6166792829916985,normal,-2.488759864394339
32.28455393021478,26.545131416197517,11.247981924928522,7.135615074462592,2.357363370302029,59.416535753156914,flood,5.955181324221549
32.874360580368496,7.555303133910174,9.168349103023907,0.7070591089831366,2.2376400357491173,24.181050118598087,blockage,24.242251855084334
10.06357194739893,7.695778764342991,0.037656750654327525,1.947299137249969,-0.793829556957208,3.9988903661272657,normal,2.0467139536004835
6.940561262225697,3.300518339066259,0.7538394664981213,0.9058646492941425,0.4076415388215338,2.1153893632360843,normal,2.1925381298868603
11.548315248875532,3.68209666549102,1.8697063664692704,0.7805134857452763,0.00451922088983814,1.4792919951909438,normal,8.750355835221715
4.889149461710404,11.005932229249694,-0.2741835835759986,1.5297527948111342,0.721071939203861,4.382380252841519,normal,-5.6279021824433455
28.028336573484054,28.638263821914936,7.304853173540823,3.6006429045786836,-0.6691663276344599,48.11751987644531,flood,0.2515435451623068
21.828541953573083,9.025715040367698,8.950298270935042,-1.8213902257139516,1.7082701387486126,5.780845021970923,blockage,14.209964323824384
28.504567162768275,28.427146144281053,8.71532031625719,11.234550294671992,1.787620722025454,75.98445936195493,flood,-0.0741954895728329
32.28865167355484,27.59869830724146,8.543619015772407,8.648040623549571,1.514363321606022,69.08263846651424,flood,5.748814673426049
8.869776592525232,9.691396947174242,1.7661160426185072,1.3242620714685776,0.7351380468225011,3.6101962144505517,normal,-1.7335316116702386
1.2500656625625801,0.5914058034708851,1.3667239283486805,0.7404159261117904,0.7366323529081334,1.8190102515850834,normal,0.3108052886510648
34.46460028980325,5.589431522049788,13.81123642670124,-0.4087406353580639,2.1956119152415217,17.86911861973767,blockage,28.917035596286343
29.98722362156067,23.923550550911727,5.901202565821669,5.360085203010397,0.9215635088750247,40.97549445905872,flood,6.655806531489029
27.91361949927073,1.6735557298823698,8.650678585119946,-0.11739284376511994,2.8384350636775184,5.470939483059451,blockage,25.992275994709214
12.692436711618683,12.304224866791408,0.09146987275022408,1.6429133008153445,-0.11112469578796304,3.746633482681613,normal,-1.6642687532835905
10.435919722683492,10.458156109248263,1.8798331399005472,0.29308051239235905,-0.04460286391151899,1.8899789882512932,normal,0.3098838351879069
31.134823339165845,4.987598495037996,11.362672707337802,-0.47974446867957254,1.324113985653659,29.29313619322887,blockage,26.267245098213856
7.627279595881852,11.221303401565875,1.6131327952045136,1.9423689554486687,0.4557383008579261,3.4511719063865915,normal,-2.7028580128362356
18.766735403854298,19.234016335506897,6.78904227038167,6.152481296055015,-0.6286163812904751,38.93391212602676,flood,0.19952571428926147
33.6236779974404,33.83394370913116,5.805944793971761,10.303618238281537,1.7372293523442726,48.88787340558915,flood,0.3082381250451407
22.940592401589228,2.217861560952664,20.09582083917853,0.5493579801823868,1.843181413410132,26.311866685008276,blockage,21.267579166854414
8.747329594619789,13.459466741009134,-0.2909516140571123,0.6270651689008937,0.38559914897322334,4.017310134721324,normal,-4.633194771406186
27.898652412662695,34.711333015902845,13.368404803873704,7.321453673823461,3.571679780600344,68.93544688476472,flood,-6.896823100385873
13.888854543710455,13.338619947749901,0.19873878998965044,2.145892202602241,-0.02726961631370191,3.222830372643808,normal,0.13816940974697017
28.15341072243059,2.0621492635462797,14.725688530570343,0.45026256137647835,-0.1191661378404614,13.132702483055052,blockage,26.141628639294854
29.376355168949118,25.534868429127254,5.696772405377294,11.849958577298198,1.3628424562539523,78.00194587765374,flood,3.9668347250384706
17.613186552217698,23.387375072818514,7.006377659369061,3.607212984468261,1.2590002674595124,46.79330195371884,flood,-5.243110809623816
6.20385766590494,7.755114174964381,2.2478162137055775,0.45821353525329495,0.2081426618864301,3.004082166039828,normal,-1.8619813009378121
11.694998163571249,8.998966730094365,2.4607100342995984,1.5420984415649492,1.5704442504727598,3.228143508037943,normal,2.89167011945253
2.3958944158248605,6.065235901558142,0.3193756279804823,1.5882219175130634,0.13469287044614725,0.7555212355841306,normal,-3.096075196842065
5.735498558875492,14.140641509508823,1.4931287666449038,-0.8739783985669848,-0.8347836644562486,4.864354289916805,normal,-9.286681816288821
28.7170201014565,3.981248501935531,18.740373024968353,-1.3717432883070542,1.457449668501894,17.814632898086757,blockage,25.178475327774763
2.3348096234930154,6.546042561055486,-0.045502983162742594,1.9730093266978028,2.6748703560130807,1.1072373746222923,normal,-3.5880565240915225
32.83316204281121,5.498764454124778,18.610092369213532,-0.2734780897103267,2.437094972105953,28.5266587068248,blockage,28.673009086906696
7.293409822155835,13.754381223939363,-0.019044915565022275,-0.8884473337572878,1.007437623373428,5.321315561403455,normal,-6.41297557788834
19.97625871910503,21.347516033413914,9.845716101060193,9.047205747575035,1.5981951367059395,49.18069031975227,flood,-1.4618468369009119
10.626777395325224,14.331177768835385,1.6014124463976391,0.8896912904978669,1.8006403567419742,3.751754790459888,normal,-3.4388992579590245
5.949297630727444,7.758819975837823,0.5271240939136761,2.901302455907108,0.5056492152143699,2.1613946508288753,normal,-0.09522467489816888
1.5465324265345914,0.6219905279874104,1.3920163342024479,1.1023763663276778,-0.2579931455889652,2.1016974198804457,normal,0.5967458842992244
27.630105876658646,2.9355301936943325,14.851555189094048,-0.3966474155411255,3.38703471339123,30.53455314326893,blockage,25.399338143892816
4.453964903641726,4.662406864577972,-0.5911311832302124,1.980053506460017,0.10224903695929295,5.15521137205285,normal,-1.0074772343727039
26.052092274683698,1.7257834334436915,13.10768525704108,0.017995839946242875,2.063280875423043,25.106397352449875,blockage,25.680777956825203
11.175737744802975,7.2575641839396585,1.337239637831481,0.9900914274844017,-0.2647840226999123,2.4986208104519423,normal,3.9015977229463994
7.465535530611892,9.032485055339551,0.8430175080076872,0.6045881460651893,0.23118039629079498,4.788804199243599,normal,-0.25091040202481313
29.84981865186198,5.968317572780264,18.90986264710363,-0.3089215168942269,0.66921785675254,20.080356132111426,blockage,24.15391936486579
27.733343359274865,21.9216544451168,6.070986323776548,3.5242082808445643,-0.6459002357068162,56.340365256338835,flood,6.878582202351377
35.59813108363685,5.859074765388309,13.296445600188747,-0.37977355540764346,2.576504818040128,4.6102966378713885,blockage,29.079815180377725
8.95567045150638,12.741485831894932,1.2837648656047578,0.8511697546330729,-1.0103865657365025,2.9615465638249776,normal,-4.331751737613917
4.9743477713086754,2.609541410686966,1.6582296694300513,-0.24756018220992437,-0.034647193814443415,1.3021864048702707,normal,1.5760331076060201
11.125647812079135,3.3857865721390947,0.7978497639782466,0.7374229291681951,0.30769229938537523,2.825364850188579,normal,8.156778174707295
21.06380369743068,18.838266613506857,10.268925988290082,5.66960498790204,1.7291805916400806,34.057771945693595,flood,2.184101865199188
4.947903737263741,2.420396879613358,0.9637129214804382,1.3484569812083167,-0.3888242861142029,3.8531168423041624,normal,3.587169728252767
14.137216730058503,4.155794107897605,1.184731563109803,-0.02779910044384004,1.0729029441161004,1.2582583281862512,normal,9.661939046064091
22.051325982570475,18.896487840623617,5.377353148959817,4.950008564300174,0.9001663366568124,31.141658517006864,flood,2.981002261682395
3.16811944373972,11.717691882200587,0.9471929904255593,0.5750496077644529,0.6389352618435774,3.1392971261615013,normal,-9.08777704147783
28.180055061703584,7.34272890588073,18.642434043100234,0.2605188493364141,-0.17057427207025946,11.739315387359017,blockage,21.03744472219452
30.12533137524922,31.69115401611268,13.896073772041198,11.935057776628922,3.3801133748947665,57.542800111978146,flood,-1.5913954659548981
34.789872242341396,3.0100931082700995,15.482255233892905,0.8657023915873134,2.0232567520978852,8.961811917321329,blockage,32.8111684482902
6.520421271964579,14.239463880198771,1.4139102506150933,0.4964472425306061,1.4987373734183635,3.6970922021860235,normal,-8.130133693113367
32.85043493881307,29.098893630075427,10.597402897555444,9.778520891349517,2.508950624868973,50.183612580581666,flood,3.9523794387278284
27.858704819287855,4.244964544104534,11.081403004213644,-0.7690893151836451,1.1969716075393335,12.680433343902438,blockage,22.725650109176577
28.006330653113416,7.215969561524436,11.584262220618209,-0.008508590098175228,3.114563619901668,3.229331596817118,blockage,20.53338846778197
21.216843366857404,7.820479119911252,17.89398795463866,0.12550226986055407,3.079944077595767,22.0113182036141,blockage,15.493912723531079
3.5607348973708097,13.318220258208912,0.35360203329007034,0.798449971956469,1.0991625402181773,0.8974676716328557,normal,-10.924562882859798
19.136005520471226,4.3523581873587265,14.892992045479126,-0.20530459898637007,1.4705770005216032,29.056249834666367,blockage,15.934139773834014
27.43967186630745,21.086259879955854,9.938392007460763,5.087425996681415,1.199522846771921,42.4377597329721,flood,5.323946115016195
1.4634175495456825,4.428259958858017,1.8319721411920773,0.7302008498365077,0.35795623212514754,3.369606566632693,normal,-0.7928009556271762
12.048483908495975,14.306518042046633,2.3863978842441,0.11887708008517928,0.8727821213849638,3.847141355023514,normal,-1.8649831078037113
13.470888052209585,11.84912689144602,1.1987097643565208,2.540468125787098,1.102051612777527,1.8153503202667136,normal,0.3877140771289591
21.451003093102457,3.197344957790238,8.989937509344365,-0.5744740882479814,1.8720832435604922,3.8740516677541526,blockage,18.35641588138957
31.173570821606518,2.0017155805321245,18.506147903657922,0.06727097761422685,-1.0232115839188252,17.17836097453743,blockage,28.963821280873226
5.565209349571393,2.7198868381113943,0.7447254727427652,1.1918546792833822,1.5627359809521284,4.83850522753053,normal,2.764257584571551
22.706809758511294,8.150193656795436,18.666110153787027,0.419549249959455,-0.15026850552598783,9.641879388371242,blockage,14.202748153730813
26.673885465859126,3.516136593980179,11.886791420283005,0.7021270754922998,0.2974804677977569,0.24579779206143237,blockage,24.344051080187885
2.5003435206347944,7.965478289229381,0.721178540224867,1.4770461485925197,1.4131529889231187,4.5203921158055405,normal,-6.653189901676479
3.4397669732158143,11.488440572258298,1.4354689739857631,1.7877059585554518,0.3916444188593303,2.271368484743135,normal,-6.360933827670605
9.964378121601758,6.9549750622095745,-0.38011745695934795,0.7258781891823146,0.9760891540150157,4.0222873846296165,normal,3.1338146115061902
6.456739750756796,3.094519965791979,0.9462053469119469,-0.41280215590880254,0.208086010800734,1.9295969716832837,normal,4.721189854608171
28.73295099157762,4.5570035840295,10.784884567555393,-0.7949207500316908,0.09389701489435986,20.11080059939614,blockage,24.699567582373863
21.750672920186656,7.2642731238133,15.691379343970286,-0.5621136081974278,4.097028267687909,19.327103936568694,blockage,15.41092833397219
3.364965292957203,6.622522459570573,-0.6757246957100133,1.096475703409224,0.327228063816665,0.3751945010332409,normal,-3.70788197745149
11.296236793958876,7.056016932599259,1.7762849669858927,1.5498191091854663,1.488409680835833,4.340115278291152,normal,5.054735078873494
2.832874431289396,11.256851154839222,0.7720249189527839,-0.3909074559563139,0.47462786623142256,3.4439611382799997,normal,-7.874736334180175
7.219113304700266,5.9534171626635475,0.5887878528151428,0.6485753139321571,0.1585778562148184,4.151642470539496,normal,0.03083014030116704
10.213898423153385,4.456455865870176,1.2847850854796619,1.6453123824025608,1.2406005400535784,0.7447307676957555,normal,5.290860011050431
21.75000838930364,4.209109417650658,6.6656034404444915,0.9026347556294815,0.7936237146020632,7.4051483325703025,blockage,16.45043363118787
9.016902911078102,13.194063500814796,0.818131527394877,-0.038626206308198685,1.309654957364219,3.9493047181761427,normal,-4.42266856204672
5.875774319319918,2.570982375136425,0.11319427030576723,0.8430874905052999,2.383352306368421,0.3485003943529312,normal,2.9279324827842244
10.83798466039405,11.441317388274562,-0.4274142938976959,0.36360006233369846,-0.5199930786081437,1.6324501895168175,normal,-0.7123548613675293
31.673427184217374,33.759020351668916,14.458290305383878,9.828284977070949,1.7655939771935685,32.370157667558864,flood,-1.6178045137701114
33.25178988867332,32.0337841335626,11.786613519949704,11.605395057649863,2.8167243757179743,62.86204372904527,flood,2.2369787416178353
11.037382930613601,7.24080516929736,0.5337701531658863,1.9395262954623946,-0.21393136117489117,5.497278473942044,normal,4.192918900550907
3.181116130721943,1.4783014945524118,1.024263860677269,0.6102353896848722,0.7639356151986272,0.7007215443100867,normal,1.4698863929290462
9.216775087104208,3.5971462875702778,0.5070065584023054,-0.17821655004304282,-0.010101954381421039,3.1948874983651665,normal,4.846053890370805
23.89341451618429,4.937336459148815,14.360527020119244,0.5286968294879049,0.23412412685596581,17.325069672756822,blockage,20.2901239239573
29.340013851361917,21.52235040171912,10.324656322451197,6.008238681337196,1.1016814017225505,53.93786624893378,flood,5.589743875328928
20.232654344659114,3.8561919473592483,13.633614865508438,0.39659350317736897,1.536560277309663,17.098602279513898,blockage,16.95371315183117
9.140323152809634,12.52286506791778,0.3239393344497542,0.00872859250708452,-0.4898279091256825,0.4348609002248226,normal,-3.550293732907126
25.84181337213764,5.49204910884885,9.671621048131435,-0.24747976775458808,0.22766419597961118,4.829512475671611,blockage,20.875118984940805
23.55291289041445,21.075056694373714,12.251405141557314,5.503822394838526,1.5078674175127496,54.928031802033914,flood,2.472863320145516
7.993492694925604,7.873518887401047,0.37043248910858895,0.1628034406042232,1.3212065802511734,3.8810748460502547,normal,1.5828979538744998
7.812436535523995,1.4466655416679428,1.2316844829981435,0.7734909502653735,0.39611925406454634,3.8583792267424957,normal,6.708157788956025
7.492374693173099,4.0735305891264435,1.389729531663295,0.4933251206619115,0.14553695524787633,3.662637656522552,normal,4.94615396236982
21.639026021594415,7.442690629991617,19.023335236479614,-0.5146332624161662,1.3630389434129155,7.719583470484726,blockage,14.66326703220528
26.619650538740924,3.3066546768756777,10.015339260895006,-0.14130623756178706,0.7287882300875834,2.2271533285805836,blockage,22.729281530341957
33.49284974148413,3.9898906142905024,8.668999295353565,0.3821786582310688,1.5834088799627017,-0.08964690538440845,blockage,29.649951481598663
9.54694573165122,7.1649276469606065,1.4542934605551399,0.4415008565928268,-0.48563401195168593,3.243360396563676,normal,2.3783961235803606
8.488241773870614,6.980529769134172,1.509533274611459,1.235941227108456,-0.06756759714192673,0.622067115075643,normal,0.06822312369398209
13.072010492535716,8.921175907982521,0.94461284655974,0.3829408264949754,-0.6155162399620809,2.0571541040478065,normal,2.790607720902792
33.49648559142935,30.279028519710202,8.502981978975782,7.233095645858256,0.8996245287771807,31.995113252722824,flood,2.597133644004985
25.740068709322514,28.675318930969663,11.237443372780694,9.6396909935794,3.7046663035654253,46.4592799056905,flood,-2.5453594727799036
1.6354409174428859,9.275055717874473,1.707862598793635,-0.5478398188096874,0.6583140265935205,0.4416820318443845,normal,-6.914803073019131
32.35210338278024,27.359774030388863,6.0772591143590065,4.45968079640354,2.742251164434537,34.178047649615266,flood,5.0911959066797055
28.68279907521697,32.536163548831325,8.434935726317669,3.9458869677472084,1.7467858458995273,60.37831499896353,flood,-5.187342487714417
31.115620183660095,33.646994628642105,11.214736289647627,8.145102504100196,2.874546477574375,72.74506112964764,flood,-3.009876659677551
6.724454167106539,7.863605059346581,0.5523565564599993,1.3258032604918943,0.41378161420795073,1.6573593477874071,normal,-1.3979838295868803
29.628860111334372,32.75534264361407,14.480882036633943,12.13538758548183,0.8716826440904547,78.93014167546069,flood,-3.4510660470201593
28.985377551017045,4.368336242827592,13.852996917940136,0.45711706517973233,0.23559699353636887,1.922917203065426,blockage,24.67173913915362
4.2405234033058985,14.243019710496485,1.3296286330544278,-0.253618353759308,0.729218680786939,2.4481276666056795,normal,-8.969454273807477
14.588613825196688,4.321183900452799,1.6099060064077275,1.2980085868491988,0.9406896432540607,3.4403083092662787,normal,9.592531877486387
17.892007537447288,21.06538216257249,9.859101581981996,9.377470079605482,0.43753534312537407,35.13050532041669,flood,-3.829496458808156
10.19781225605475,14.643768451093326,0.47952914097990823,2.3894303152615866,0.5307828439030557,2.6851293598318837,normal,-4.702006122148108
13.75515208574772,9.969793451606165,0.7792496850105621,0.8027968536154818,-0.05782667912780044,-0.28867017612632717,normal,4.400083216326866
21.788016793452716,4.967653454196165,14.35535528878122,0.8462284921716846,2.122179208986008,26.86547350872506,blockage,17.065397943898958
3.6204428157711828,12.267113627288971,1.0465563091109007,0.7508770854508312,0.042980416564645435,2.6667168273181883,normal,-8.929546136283658
29.094857467921212,30.063039202662893,11.653667825902303,11.34223297863702,1.906173529867982,66.43412806690664,flood,-0.6321843020282324
33.057267268248474,9.463933094109235,8.60538432689799,-0.26637390732115834,2.5080277389442722,28.20065543298731,blockage,23.430266927578273
21.300894513649588,5.9669377696363135,13.280187534651148,-0.6146737593416556,3.2099265137195045,29.400366409822375,blockage,15.936887560711233
16.61647091667148,24.464876308140028,12.4645144823145,3.4097368321863035,0.9501307833606962,57.56086064564076,flood,-8.335640660533851
8.367803328984003,5.613735233866111,0.5768200602748124,2.364893267089003,1.496225829775317,4.601685631010749,normal,1.330892248442523
5.16633828725588,4.397753711558445,1.9003183997340964,0.06603439171652509,1.2362505679918945,3.4688853766820644,normal,1.1180616528027143
7.5641425388323364,11.026036788310885,0.9582561271117559,1.3746265821440682,1.4211551865033383,1.7114837187205185,normal,-4.2008720133776345
10.52638689787701,4.627925752217454,0.06159630376647085,-0.03306781230723965,0.21153108870551346,4.1029136092361265,normal,4.60448226345365
0.5372399318854609,2.9722822358627723,1.1153418538662372,0.8447956753584407,1.8921488320017086,0.8062348680822267,normal,-0.519597238424705
34.09401227770821,8.667492567709417,13.202606927330242,1.0108649760159545,3.9495303835309334,2.899968433094091,blockage,25.730004971321918
30.08398406338137,27.409464309461487,11.92188665827841,7.629803584975003,3.015886432363495,39.40442003504159,flood,1.8256008051550863
6.8155083388006465,9.718351946162462,1.334117420775868,1.4078428801551752,1.0935240977743577,2.8877768741365095,normal,-2.022967330470242
22.280956814531063,8.508417220409983,18.679134204215398,0.4236402862888804,2.3113872314846398,30.64674561769029,blockage,14.103095892483157
24.52793600646509,7.976912386597155,15.352992667163132,0.20668270264288907,-0.34519686438700287,19.370483256259906,blockage,16.87620960039986
5.580265747841675,8.87628942622691,1.3484717255214043,0.6705643241336361,1.0380892955311616,0.8319104853298555,normal,-3.559940056746175
32.653359094529414,32.48751069580143,14.060558930718004,10.916278354139733,2.7471145799397165,38.09922853836318,flood,-0.15802955906335986
23.530836008986817,7.951495163234853,11.667238979926555,-0.18838685876107908,2.5019875002253955,17.230326961587732,blockage,16.034647704089473
13.406820271682795,11.257231941483665,1.209572866209097,0.8717834987547413,0.13332090649338074,0.6253816092698933,normal,2.6136152665937944
1.3469016529224374,1.8553293785770433,0.8999680692388297,1.3369897558817383,0.4530011131490922,5.001797754332747,normal,-0.0967313765363672
2.1567079343191797,4.977863193335108,1.2917400909941834,0.9608787633617923,-0.6656859117982282,3.4227669348496352,normal,-2.3808776666915734
6.522963824640679,7.102518945597654,0.6770841928177606,1.742572200611619,1.7782982358739223,3.6890173436119538,normal,-0.21166945171443785
25.50800126612762,34.072843950607734,13.391612556378014,8.968201598880627,0.6086559155341986,76.31675234191236,flood,-8.417298115448629
7.165054445896272,13.465863470583884,0.7745114398025817,0.2950014165584177,2.1057747502010744,0.12360983260859243,normal,-7.350502383802974
6.981143374352497,1.1873840811349974,0.17886169705194727,1.0531688100888439,-0.39227273568969806,3.391719268056606,normal,5.417985617106743
29.720171775537274,32.472243448219636,15.257233578756875,7.680728811945293,0.4151939864115871,45.665169126335144,flood,-3.4068855760282815
19.572940410605813,0.9693140612661334,19.307868398697018,-1.3210029797392435,2.3272047668909708,11.310578321590894,blockage,18.814301264960555
26.4297730710978,2.366469263071308,15.87162719546278,-0.13465097835890105,0.7364268330381658,2.988538134388868,blockage,24.622427175249708
5.413757123253684,10.363241771529292,1.275344061397779,0.13429797703918234,1.4040639765055625,4.323054920980665,normal,-4.955923436252682
26.821394979918523,31.85951107490589,7.826241291086115,5.184139305142261,3.0210839108049448,60.951368599166,flood,-4.5958540194533635
6.291356849417907,9.384702239680754,1.1185635246575052,1.503044095694464,1.2837284219761615,2.7565845336732875,normal,-1.920492561315358
34.47466629617706,30.87680017922049,5.005678444664136,7.882023015493111,1.4482304859745354,76.01911007282986,flood,3.129161181057834
35.048860557926155,9.790108174567187,16.516382708156073,-0.9562048037591254,-0.26795829180569175,28.153286069850957,blockage,24.48812818835458
2.6152387395046,3.5111968707307444,1.3976340427749592,0.40107967784677034,-0.28169954077938486,1.0332457163588387,normal,-1.4719795471849915
10.396876717054013,5.214280202413591,2.444467273272868,0.7683112990363077,0.4966455707802473,1.414960977619905,normal,3.5475638492835753
25.53985503253145,33.37723639777853,11.955604729525469,6.838083555535115,1.170443554808721,72.01586727153995,flood,-7.64719542397996
10.369221647343286,11.95138335657904,0.7662453892201322,1.8597415009777811,-0.4199559196026094,1.1888524862319991,normal,-1.2120747778065324
34.874983722267,27.530081380131154,10.705448096850835,8.883027764502577,2.3115169888614897,31.190110412117992,flood,8.53938107318238
16.66190317587981,17.229245707187303,8.256491089813215,3.5952030747843606,0.9878074359050546,35.52653718089706,flood,-0.48200220884945594
6.139900408250141,7.966964824998863,1.9085415054522281,0.8199940275795448,1.2239542390332645,3.990152409656403,normal,-1.9900554122046747
3.9672327368076696,13.189653253017841,1.4282498772143604,0.6764439854991917,-0.5636600285079135,4.80268157695225,normal,-8.852147037713573
24.04566967364275,8.061049448085592,13.844888666094272,-0.6946473370743057,1.0488020934465718,22.039078367085818,blockage,15.988146974754518
20.56159825381327,15.907900864659965,9.516433827064917,8.43938455166699,-0.4240434926338867,39.93027172229874,flood,3.2562794425206087
5.126862383591176,8.362699627309606,-0.15772219362442963,0.5486070204439366,0.7254541636459845,2.9049001922142663,normal,-3.8191689625171104
26.644389000865157,27.917938861233566,12.473850074677525,5.721653973333624,2.500060529717664,75.18831792507821,flood,-1.2408835915352596
29.697128617542692,34.37426262394899,14.20045687079804,4.42725990387335,1.5549797454957197,59.74410248526456,flood,-4.461526972328573
31.180619314651953,30.618657126524788,8.594965064485061,11.182854619062146,1.393381452497306,68.84196640350713,flood,0.5601141644242166
9.535884503710864,3.9495900783115316,0.7295505944943956,-0.08286128971836271,-0.3288892033457622,1.0090934891473136,normal,5.852100994614341
8.404305355761846,4.871082874939335,1.2656739183232848,2.7194085592296693,0.6493989499651609,5.433183638906753,normal,4.142156201328619
9.614551526300678,14.37224761333704,0.8962832132032589,1.4584552681706613,0.4043323001366942,2.5609357453001538,normal,-5.147912059145676
24.04024992670972,18.550794090463693,9.86548254924483,4.140443024967235,0.870967566757141,43.01138039531546,flood,6.466668561250735
26.28570767136421,34.696805823840634,7.035276177031638,10.010122647667096,2.9632642872412887,75.66710801637532,flood,-8.304993433572028
24.57905504150103,24.917490994754797,6.691795485289931,4.573310832498717,-0.2380915454147387,23.882298796463093,flood,-1.4810095814082977
27.73173248938706,28.680962538644867,12.118916223380747,8.731422322765138,0.619722150662189,63.86378431934929,flood,-2.2198636434055783
24.991950805945223,23.307523699856212,7.400192480994762,4.814751107169451,0.06808214035651446,47.300951630195954,flood,2.301495371446721
25.23266615051555,4.43090783836862,14.417991089157697,0.20641401588323083,2.899242623129144,8.509304466589668,blockage,21.353715993608983
11.568493874377982,8.524433369916904,0.2826807732319607,1.9599628490084786,1.6431260307457545,0.9081310020619922,normal,2.4217786029751514
12.397561100056182,7.525451217251263,0.353474002914768,2.33939844966654,0.021231443598765703,3.546790189064599,normal,5.783962527366633
18.597571552307905,23.774716840227434,6.9258869053417556,6.052911049568706,0.2199780958626113,34.9899001487001,flood,-4.05484940097544
10.72799757916717,1.5139247573344004,-0.03865278520938353,0.9554025860002209,2.189240251554608,1.3518708728361435,normal,9.229542297826718
14.160656282832175,13.926940627427177,1.3516974786223326,1.4128588451037425,-0.5217094231927982,4.81706754357597,normal,-0.545023578752122
6.29921036123469,3.923015652633236,0.9143469936822328,0.5853298147160981,0.18617710280923322,2.8227887288974216,normal,3.488212085067983
32.399763583321636,29.503253785378732,5.427736652520391,9.461728111292626,1.3822693721248391,74.97508969276551,flood,2.628433818864548
6.952489032287854,5.201393505582492,2.0279031119484356,0.7689582644707136,2.5641219266916044,0.07001501603222304,normal,1.7098463055901258
6.9716135895122555,5.098130592916311,1.5750104468438275,1.0890288672220403,0.8234682256562276,4.188375570461287,normal,-0.36357203628514967
32.490142229349104,27.906039660254912,8.932147301554833,7.2737513978245865,1.6868303861276437,54.60622821338841,flood,6.150240415886385
9.658406137746839,3.817216980028801,0.3736102024261406,0.3824722081468277,0.7793355419774312,2.7600456053045623,normal,6.13436288046728
29.428269040002696,25.447132606389808,5.522655008191131,7.464773548789714,4.097848554909638,58.35775472429623,flood,4.008592690827619
25.034185773633386,28.134119988201686,10.14677759149651,3.7642628365999893,0.40650040825582745,40.87542786568757,flood,-4.850614977445562
10.548075806000787,11.291830209419462,2.118290585998602,2.4394463799379884,0.2944016369486587,1.3347030525469736,normal,-0.2717051016420404
13.626421586517063,5.411132065022179,0.4780448929772203,1.0987508994997948,1.060294005792172,5.056392040560084,normal,8.015643137771693
23.989326358768817,23.959741614122496,10.84346398073728,10.419928387053067,0.37494997050168455,29.946695081192466,flood,0.3142317200004296
4.669929517785877,1.2042196183816498,1.730813177894471,0.08868073504558421,1.5672274683970793,0.33634586045169224,normal,3.751409593702589
24.37204716570096,25.44641187754814,9.511463854157338,5.576425281916729,1.6810919938248756,21.668071646130677,flood,-1.6635929889902545
14.354659624188454,2.286601152846081,0.7811270653507133,-0.08547943007870618,0.37898115129318366,3.7335264244010484,normal,11.382656455177619
31.611390942018325,32.89884738952913,11.417922795426973,11.105431521956785,2.766947403308877,54.411840907914865,flood,-0.7681649026258107
3.8884176651727635,11.64784837410593,0.5910057531067279,0.8787574750777052,-0.18546787649159543,0.6428450684382029,normal,-6.782356606060896
4.5072658388345905,12.72164653890634,0.9198254378041258,0.5342130516552401,-0.2012762047131133,4.312227313002587,normal,-6.969118153575073
29.455371472623142,25.170534186547265,12.0665280095988,8.814562116590494,0.893437210839536,58.02971095104798,flood,4.1134682837734635
11.739371367701182,7.072472359205863,0.40974693808178464,1.254836600730922,0.9069749261512213,0.344551186196171,normal,4.288885347295098
26.705765241185635,23.81865270090015,9.340843640749924,7.887284386442265,0.19295189154290238,34.53799570419647,flood,3.961366540771254
9.528504792812493,14.436211520642168,1.7835310312990544,0.6095463710214016,0.7908775578651865,1.2337631508772964,normal,-6.1277903154334155
5.633811177693579,14.450661301293554,1.4251850432309199,1.3395167547998597,1.6816401353488324,1.749149151757225,normal,-8.370876585305172
0.9966006679807332,8.545493562839253,0.5419190633048869,1.414997008266442,-0.7135107874102455,1.2870434512564168,normal,-7.4982368341697985
10.463526239027043,6.267725375961502,2.116750217849136,0.5492870549555456,-0.12167581711886144,2.907981910430842,normal,5.056986786319576
33.21470803020742,1.5021867596832146,14.610963513431521,0.7823673124833013,-0.7414655572186363,2.3635811230145367,blockage,31.972061736717112
29.96983584392722,27.146568456122235,14.462717989385458,8.098593503850568,2.384720288204586,32.30106903739195,flood,4.285570847005373
22.349269668894326,8.421828159097036,14.81553566451295,-0.35380936292704923,1.2489893588374288,26.904590607820932,blockage,14.255199640870085
24.820260331714685,27.230441262015987,11.542864604401267,6.321477159885915,1.1710259205330127,45.8301378113246,flood,-0.5922671820064385
29.368983424797666,2.7104996167242232,18.85680313085042,-0.5712096579101966,3.1515008528504103,30.490270625854933,blockage,29.121186897306654
3.8193036457470457,10.122304068700107,-0.227309770046196,-0.17432270592685994,0.047206408797449965,4.023838978962529,normal,-7.182577881661487
2.8120627171544337,13.443076361712563,0.2120866225391076,1.5949932122720065,0.346563765455974,1.1957041585288035,normal,-10.381826405581153
28.61678530384297,5.338412276758034,6.370327015417095,0.8216231684013983,0.24509812997275926,1.9555189966715139,blockage,24.27410819008419
28.102051956579956,8.654735391103689,8.874081496310929,-0.12824739678340613,1.2611263869066776,21.21119954655859,blockage,20.73170739694094
8.052174212829666,1.8451382162517254,-0.12230080104939897,1.5323731919675732,-0.04958576551842978,2.7067215251381476,normal,4.459639605514975
27.195359844175158,3.2764537108284246,15.721249017249535,0.09874313414092692,2.2481848780897873,25.743172837767965,blockage,23.971289224641556
8.304180012255866,12.032158151687595,1.8707140885011933,1.390572595882359,0.963951078504878,3.8290781733474644,normal,-3.368547731101887
18.72122713249367,24.29450231186831,11.9764952232636,3.769632620588483,1.0313377003633581,48.85267823986054,flood,-5.8721746079407815
1.8544823251798657,13.248765911378424,1.3484414789504573,0.5800672191723879,0.08228146468279118,1.813916030784321,normal,-11.455682231795215
12.925754289374359,12.48508851637505,0.18654416017062161,0.31812198822213267,1.7563164508422,-0.2236264639919951,normal,0.6077351617655307
1.6360762915119396,1.9951518173240097,0.7286187579138784,0.4130957449264015,-0.3842826891509436,0.6489995376616107,normal,-0.07547112216334245
9.250743622931882,9.662505851487355,0.2911288032815824,0.6503763925682812,0.5117320297915325,3.109676918025522,normal,0.2833609728639852
7.920200613167724,7.604733408126485,2.3590912959063988,1.691729421591565,-0.661345642819248,5.139507520466038,normal,0.7831817897688257
29.91702092176993,25.162587476441338,8.706115321972332,10.083044001853997,1.3310318350996542,71.2102620335679,flood,4.587720264869311
20.195984203023407,23.089079827378896,9.707812779337612,10.482433602913591,1.9804780396003716,25.23877276214482,flood,-2.9010607417618677
5.164572928159914,2.709583487982775,1.426323414483545,1.3453097871237443,-0.4433441646535875,0.4991780229393006,normal,2.9327548729747295
9.634982844376372,5.525593990016262,0.5747245200378005,1.357765267904657,0.21678723122660523,1.913878715452706,normal,2.1403865565456988
31.84012931190222,8.410156917295069,9.32912869893586,-0.5141905789065369,1.9324785046589776,22.75029827315988,blockage,22.506366284867568
33.6697020702227,2.615865274038983,13.439201130922866,-0.26122201835577097,2.471108281261496,8.954559405753125,blockage,28.625317560888828
5.205429493790067,13.708890378422815,0.53138836432542,2.017557748427917,3.0042874714305468,4.967998723707968,normal,-7.9196726635469465
24.159452628689237,25.752871483996103,10.402607912349009,11.378768891333273,1.2470303250734303,48.65067394440038,flood,-0.8108252914606612
30.076052569755934,2.422758920600266,5.1134544968995925,-1.4241593969132658,2.1574411649315755,16.6053667245669,blockage,29.59876965349353
5.1002411675616575,7.0702008004409596,0.615630915449849,1.8853917084826577,0.31592184447617766,0.20200546311849113,normal,-1.637862730565775
33.627387609541486,29.019843287115524,14.622126786030227,5.4592227646726705,2.8711629006698423,67.41719470791192,flood,4.51890360166888
28.101877511540316,8.48117700881683,16.22338725202499,-0.1331028856648822,0.6813679807896497,6.884236407346912,blockage,18.03584048980836
3.332331329440064,5.321031947542022,0.1789049849722616,1.1326944266729477,1.5777552574623104,3.3510757151440425,normal,-2.6766710379246037
14.235444275936667,13.377895668042443,1.2036075280987566,1.7053853834575994,-0.5594572922606694,3.512124325093917,normal,0.40878107913890194
27.348105372898658,25.56163015390352,7.300312361230977,8.459199798807221,2.103419773396905,56.32651100609009,flood,0.6567807126370417
23.102485920174423,23.112053622161284,5.156453320492168,7.7831972660741595,0.046519556188683954,32.72620958987761,flood,0.768183881982525
14.531280279420454,9.641614189426154,-0.009685411922773501,0.7337944095600718,0.6724032363833357,2.7919666455030905,normal,6.034988428653306
3.015447006693061,6.998635272056409,1.4535236010058,0.874182232638945,-0.08488296325207294,-0.014297263881770925,normal,-4.241946513322039
24.29629931734396,18.108947459305917,6.65514349464481,10.583975702938053,-0.09607978677286377,50.81568124685153,flood,6.763340703643046
31.510682910630223,2.1973743870686606,10.060951570732902,0.2968874589243683,3.3983217538562167,14.939352935928593,blockage,28.116134810988925
12.132724082909684,7.278621839636829,0.9177605531592946,2.1198837901165026,-0.08561080937313045,1.464978185294371,normal,4.9539044937332495
25.656884055935365,28.74776254417216,8.516023051543401,4.625933370054763,1.5771282034595255,71.1700123042526,flood,-2.8626475106091114
4.082110630776991,5.893697837514376,0.13266030485111477,1.9096402265077006,2.0225132708674343,0.4434656033288516,normal,-1.2786072819683996
27.91209344098939,26.094757957749724,6.434033466150672,9.017338613557554,0.9348231828869128,33.49656410979362,flood,1.2956711501231144
9.411076497203824,4.0719782628404415,1.3573775877878305,2.084805319148192,-0.14692043092517826,1.980953047839686,normal,5.234574048513212
34.11146453978482,29.775827771646124,11.979131868661035,4.585207603312591,2.791972299817297,41.70315583559069,flood,5.381314529869751
26.33669766400309,33.22027485296916,10.981536575366889,7.412563541599245,0.7732206431199029,60.34121127736857,flood,-7.827024724452532
21.10986204717915,8.680251488769438,19.187232912394204,-0.6420978290980777,3.402110931472496,19.519208523294644,blockage,12.240715150236857
30.794238570437727,28.93774291041473,12.515513951219617,7.63266121406006,0.8791899990226743,78.99818500832605,flood,0.22439657835273338
21.278468931799942,25.514246774772666,4.538288925164373,6.183831960935615,-0.09491523941331946,43.298177278633254,flood,-4.303574397677877
14.869733582149221,0.9075130973702709,0.34521783639868975,0.8045226781887338,0.9130715407567283,0.3916639513659236,normal,12.962511711667203
26.923996580048634,24.427468198311185,6.782491704817009,4.995650022899128,1.233277884319274,54.704933267921675,flood,2.192625327517334
16.033795432988136,18.036478959108553,8.495074479078278,4.044512118443551,1.2723024699393317,28.831696890326867,flood,-1.9984437295003097
3.316219762613554,10.010434621816547,1.3817540831233206,0.5900397119029545,-0.5471121336064918,0.036534261898214626,normal,-6.7162426358182845
29.181433877932278,24.92685415295724,11.77831580301058,9.184191454310168,0.2414353006279618,24.65036305478147,flood,3.788983788316649
2.3838579815640992,2.0453452059142987,0.9849885940934364,-0.5248274094047907,1.299928517860332,0.4759829267466207,normal,1.6546541310847476
25.65730464822788,15.78727041740271,11.314683581403179,4.614986944340941,-0.7668429167039181,35.74298479297021,flood,9.258413981036776
25.37037962592255,31.692803653823088,13.708894998481458,9.946648288337226,1.9155919569580522,29.92976158207564,flood,-5.783946380119061
29.249061245300886,20.7665996160122,11.312247616224921,7.273761798106555,1.7208920292980343,27.764684139454435,flood,8.073234384718287
9.399861244878176,14.715333033512511,0.35932908663533214,0.7737182428682399,0.017438874179061856,4.528356864230575,normal,-4.557908906845359
26.270015608466792,4.127954231708172,12.82217482750552,-0.15602962291221803,2.129387867319214,4.937590734143519,blockage,23.201791407317476
22.436526775575146,6.580288687500886,12.119139778112896,-0.9487521294095856,-0.47931355709433826,27.043399906537566,blockage,16.98263592194066
32.76172227634908,6.005559410209916,18.29899139632901,0.05872509467106113,-0.5234392283806624,15.549307334490159,blockage,25.472579696316654
12.53591929398511,14.136861341189233,0.5441725022340406,1.2496580554751817,2.058278821736802,2.0070893746893663,normal,-1.7386842065261303
33.297451574147985,26.79074321231626,7.423958200542599,6.130817597025988,3.379455378202799,38.468573049994895,flood,5.514700950750173
7.407691274633036,9.414965525426224,0.9727398048832913,0.5715121412365248,0.053925262598790144,1.234658602217198,normal,-2.408312316017162
33.25235048953275,5.416297779778813,12.29156373131174,-0.4515305675153509,1.1959161368695868,9.992031175338623,blockage,28.820589312732785
12.313666015093641,12.828380760767361,1.2128604005478758,1.8520824049884603,-0.10867926513523793,1.2951990549442858,normal,-0.7705552407423272
2.6467953410462965,2.079944173026499,1.7102829005537428,0.8699600205119175,2.4011043302590878,0.26215691085866794,normal,0.8942510748642505
31.01936357504492,8.721220913026478,12.742717287514397,0.28917932074247643,0.5103832476621701,16.287835902348633,blockage,22.421124441261263
30.267927106570056,32.514297140618275,8.689325497515577,9.766231659926223,2.316286701677235,63.94153872040378,flood,-3.4535060661110375
30.508943273358593,30.888126988727798,15.177280554460786,8.973844589524925,2.336755404389312,65.38732425719353,flood,-1.2331252696133976
4.654231789319995,9.944860657694749,1.3290536295289974,0.278065307721414,-0.2431942982450252,-0.12561920253057235,normal,-5.850220400247313
9.718639631017206,7.616212634319634,0.8726176906437499,2.2622792964957448,1.0285843775452002,4.059131032842852,normal,3.0198985609642555
4.0035007560358435,1.1688458251435785,1.0326756061147842,0.9382059476327914,-0.8633199822048853,1.7995274292524175,normal,2.817197230939972
28.08441005557135,26.217757576176055,8.22324704928686,10.545228983359786,2.7976821416224507,67.79757319385939,flood,1.482439310762314
21.991713106996855,8.993006058359898,9.995554671569137,-0.5735602718020948,0.020255412116379046,3.43587782263823,blockage,12.33669891418633
29.73305058858399,18.474828968697555,5.4327591647592275,6.188408060619554,1.8392978712716435,42.18960710733402,flood,10.542657550326446
33.560289791080365,9.14797435751039,8.92943851650585,-1.3278002291394129,-0.36196681570708866,3.7065569552455875,blockage,24.074306102275
28.075847965140447,28.19633972622383,6.318818734667915,8.182908102052924,0.1681802824593729,52.07178374181411,flood,0.193174586105344
7.320408010816117,3.9573895785123456,1.0529392471508046,0.9740438148144661,0.3694439900521337,0.6795049396002184,normal,2.845897917360477
8.553196973837403,8.408187774482352,2.0224957688745895,1.2375541411741389,0.18027664439858504,2.5753891201355925,normal,0.5742247245486094
27.88568308675062,7.871665681764558,19.63134759211703,-0.9372164265611428,2.620811057144778,18.125363334376644,blockage,19.74838830069856
28.384342016869127,35.180190369650326,13.453052652940462,9.343121575048716,2.3205167480544264,75.30176000405928,flood,-7.509244606360739
8.721467198665348,3.744271988903647,0.0072482297977776305,-0.2904375706896865,-0.15538567022163627,4.671080923244885,normal,5.071666585444448
28.61050788142016,27.935282463904887,5.116818155431114,7.720742006764581,0.6487906979413887,40.12878856337398,flood,1.050652965057785
3.1823851282798583,9.073775858000673,1.1314571966748472,2.1556761856313735,0.6270062159939175,-0.05755092344558116,normal,-5.923044247031791
29.63833600645076,6.37638299608451,12.15306335388696,0.44216337070977085,2.1133061803169495,25.419078583139296,blockage,23.25632250143155
2.630013675730582,7.002133070825691,1.4875806101528373,1.3219314277408651,-0.7499023358865365,2.3550091425077606,normal,-3.464074880363677
2.4714795555105407,8.42082026929564,1.2543688942778615,0.14422337472200858,1.2823903997914852,4.390353818936882,normal,-6.190010410882444
19.009056113172058,22.022911634336094,8.088626774653159,7.797652014084683,-0.5086697616317439,24.95553899188149,flood,-3.467664096587701
6.391776548741328,10.582970974149044,1.6175487286208643,1.3485007810983736,-0.05110440665031071,3.81256510362738,normal,-3.5774826353487432
4.03461302044186,3.8262206706032593,1.0843387004049374,0.5723181301948129,0.4486036192826097,0.555845474824687,normal,1.8558204361323773
23.628221626015826,17.535693464918797,9.576288604605443,9.513618166148786,0.5543367242172188,21.847184621876842,flood,7.034625951554076
26.28656908387137,28.53746777903448,10.2324934781662,5.033513077061106,1.5405309538055223,46.16024378994505,flood,-2.652166026384216
22.18239384723096,8.010632574271753,11.894310459155099,0.13820548664349658,2.130306206952322,27.37539087205132,blockage,15.612202390854913
1.4306566944191306,13.996836331737871,0.9028155155786516,1.699958012081006,0.010812932662073612,3.280201089247411,normal,-12.895094540238935
28.12683889813232,23.701682748887066,7.755480778356083,3.44839993536812,1.2993209318970205,44.60744035014731,flood,5.256511621194072
13.12510737383993,10.309646238983554,-0.342037956620316,0.09275512807849406,-0.29466731926398465,3.1431166726246795,normal,1.9259511480359635
27.502726580699036,1.2249359015509627,7.664588797043758,-1.238519215788679,0.04065242997500928,9.386015755364372,blockage,24.905972747613514
13.061908362492764,8.846150720442022,1.824819587195914,1.5804597287616664,-0.09153855258783596,1.4918633867206363,normal,4.207907977929939
6.891639751910628,3.5832433398930106,0.1329320659655983,1.6282921770534196,0.24518371672269468,4.678824346772049,normal,3.5204193406469897
33.367390524835,3.988087859828194,17.436493308272848,0.004157033452334646,0.19606061841966355,25.313026482066867,blockage,29.897710929194126
29.44378946886438,33.30132346104048,13.206516461763215,9.149639406571191,3.312598167748363,77.08888916062368,flood,-3.658911308865421
25.768512316117324,30.673817735474792,9.904446589350616,9.555428833697881,1.0230707713580172,60.19251898339552,flood,-5.465631391913085
33.01285125264069,5.030597533136998,16.562569457254654,-1.3486882565523555,-0.8329547716056525,22.0134605788424,blockage,29.264375371818808
20.670577141358926,21.81894543288704,10.20574608167481,4.247147157266611,-0.035772531335996983,37.42180523438099,flood,-2.4443412904901614
9.390670388962329,4.8616634673752435,0.6337866155786843,1.836473435779773,0.5989786078121273,1.5154578380174686,normal,4.4771958703839685
6.2303586606036045,4.719562603946241,-0.05503488631682618,0.4412824904743141,0.5306312984134681,3.264499314957101,normal,1.8017006073087216
14.396286381250324,10.069724888822911,0.8149961094479892,1.1127495184848493,-0.1540156857412844,1.415265071697299,normal,5.248096099877422
5.104071762280468,6.891561332766086,0.41824792860135285,1.006927915796809,0.24610396315169297,1.8598360098376125,normal,-2.0849583425198444
21.1831310056942,19.75885419255126,8.121077869080708,6.53531377772779,-0.6536374732605864,36.24148919031722,flood,-0.5200908145858849
15.268045456044042,5.345556295965655,-0.1810014868853956,0.17758498808713263,-1.0183471585142636,2.035287887084732,normal,10.212407723502517
26.877582644055938,32.17668997957291,10.155271096682164,5.904342341779371,2.0099699921224317,61.82084440682166,flood,-3.9785392660242196
29.297094796114642,7.917551118541137,12.824725923696441,-0.6298416553719255,3.5172167992307957,25.25969192755052,blockage,20.99376197550017
3.7775309424804893,10.098730857156685,0.9363110119744501,0.7767180465108674,0.5508745963128361,1.7384277805936081,normal,-6.6666202878525915
10.467652706598148,12.588001825327071,1.7751213891259137,-0.31357662990783197,0.4915051585540841,3.499655765220454,normal,-0.9246286108809127
11.853231150510295,14.838699654230005,1.6722709971942136,-0.2374840790222036,1.8239882288152762,1.3236400916075306,normal,-2.613242811188507
11.460354268558584,12.792800804360976,1.7664449904141555,0.2901339322633732,-1.1275052240428516,5.363153475930959,normal,-1.8873128581297416
26.35141513686403,4.3335108351820075,12.249872683128485,-0.607249825297677,0.8990769667131977,21.151729010596775,blockage,21.69870440929728
29.240805280287884,32.82286821683212,10.510576018467594,8.721510851111146,3.154409534388502,35.053148879356016,flood,-3.6301248316372616
